indice_california_housing,Ingreso mediano (decenas de miles de USD),Edad mediana de las viviendas (años),Habitaciones promedio por hogar,Dormitorios promedio por hogar,Población del bloque censal,Ocupantes promedio por hogar,Latitud,Longitud,valor_real,Regresión lineal,Regresión polinomial (grado 2),Regresión log-lineal,Árbol de decisión
20046,1.6812,25.0,4.192200557103064,1.0222841225626742,1392.0,3.8774373259052926,36.06,-119.01,0.477,0.7191228416019153,0.5539974079447345,0.8730785400585226,0.53276375
3024,2.5313,30.0,5.039383561643835,1.1934931506849316,1565.0,2.6797945205479454,35.14,-119.46,0.458,1.7640165706624171,1.7511856581120264,1.6679874731116322,0.7265511811023622
15663,3.4801,52.0,3.977154724818276,1.185877466251298,1310.0,1.3603322949117342,37.8,-122.44,5.00001,2.709658833431731,3.492379265936001,2.4488041790489965,4.968580000000001
20484,5.7376,17.0,6.163636363636364,1.02020202020202,1705.0,3.4444444444444446,34.28,-118.72,2.186,2.838925930183928,2.8496686106207276,2.7173914554004597,2.20485294117647
9814,3.725,34.0,5.492990654205608,1.02803738317757,1063.0,2.4836448598130842,36.62,-121.93,2.78,2.604657251810314,2.762425550376947,2.523998600889036,2.0455147058823524
13311,4.7147,12.0,5.251482799525504,0.9750889679715302,2400.0,2.8469750889679717,34.08,-117.61,1.587,2.011753673249895,1.9134709503600473,1.8368752535565842,1.60085
7113,5.0839,36.0,6.221719457013575,1.0950226244343892,670.0,3.0316742081447963,33.89,-118.02,1.982,2.6455000493766545,2.664757787925213,2.41282021555226,2.1734680851063817
7668,3.6908,38.0,4.962825278810409,1.0483271375464684,1011.0,3.758364312267658,33.92,-118.08,1.575,2.1687553212871067,2.0154490598294985,1.9653117892396037,1.6980914893617025
18246,4.8036,4.0,3.9246575342465753,1.0359589041095891,1050.0,1.797945205479452,37.39,-122.08,3.4,2.7407464411385103,2.893809796498495,2.61355150299692,2.3425576923076923
5723,8.1132,45.0,6.87905604719764,1.0117994100294985,943.0,2.781710914454277,34.18,-118.23,4.466,3.915614725032483,3.9674657579659787,3.8839204876818556,4.998052340425534
20069,2.5417,30.0,5.086021505376344,1.1720430107526882,242.0,2.6021505376344085,38.01,-120.37,1.232,0.9389615628098289,0.875118711575898,0.9288251941692509,1.0934400000000002
6835,3.0,35.0,3.6141479099678455,0.9887459807073955,1762.0,2.832797427652733,34.08,-118.12,2.539,1.901221766444077,1.9384914621214353,1.7311026369470333,1.8302134831460672
11351,2.8594,20.0,4.151458137347131,1.118532455315146,4818.0,4.532455315145814,33.76,-117.91,2.151,1.758711781102554,1.7680976707542921,1.6955520405767075,1.575285714285714
20267,3.3409,18.0,4.646983311938382,1.0937098844672657,3171.0,4.070603337612323,34.2,-119.19,2.205,2.250159795468976,2.2177263406878085,2.200404882598193,1.6980914893617025
7097,5.3668,27.0,6.702898550724638,1.0289855072463767,1793.0,3.2481884057971016,33.92,-117.98,2.198,2.5408697582138626,2.5014249206117816,2.350450370597238,2.5369416788321173
6298,3.8201,22.0,5.01119104716227,1.0223820943245403,5587.0,4.466027178257394,34.02,-117.91,1.362,1.917404902008579,1.7535398497936119,1.8113130259476407,1.6980914893617025
696,3.9063,41.0,4.633540372670807,0.9006211180124224,387.0,2.4037267080745344,37.69,-122.1,1.784,2.386482948927118,2.3739279934123187,2.156422706065335,2.020666666666666
19607,4.1346,26.0,5.626506024096385,1.1204819277108433,244.0,2.9397590361445785,37.48,-121.02,1.875,2.0109303249640105,1.7527899050924656,1.7681658799337692,1.6465507246376807
14173,3.8233,36.0,5.18974358974359,1.0461538461538462,1030.0,2.641025641025641,32.75,-117.05,1.398,2.2274093366609815,2.333108884302452,2.046819774021389,1.4865625000000005
19638,2.1875,27.0,5.267175572519084,1.0305343511450382,810.0,3.0916030534351147,37.43,-120.97,1.375,1.1185315173418344,0.907507151565847,1.1488152064368409,0.8206028708133976
18332,4.2297,47.0,3.8737419945105214,1.0576395242451968,1808.0,1.6541628545288198,37.45,-122.16,4.25,2.9331307915130855,3.6399656035505066,2.715505100631745,3.6249470270270288
4691,4.3667,50.0,4.881782945736434,1.0406976744186047,1117.0,2.1647286821705425,34.07,-118.37,4.056,2.6609362120341147,3.081850021783189,2.4029901557839572,3.2580940654205603
2323,5.3478,8.0,6.210344827586207,0.9431034482758621,1959.0,3.377586206896552,36.83,-119.73,1.388,1.877669079522489,1.8085196213959778,1.666456298309214,1.3936153846153847
16880,6.1323,32.0,6.28951048951049,1.020979020979021,1846.0,2.581818181818182,37.59,-122.39,5.00001,3.351918252266256,3.5736855950959527,3.302107398313793,3.4486432142857137
14521,4.2234,16.0,4.682678311499272,1.042212518195051,2054.0,2.98981077147016,32.9,-117.14,1.621,2.2446419658191923,2.2871501209522744,2.100977458822201,1.797610169491524
19833,1.9602,38.0,4.3720136518771335,1.0136518771331058,1423.0,4.856655290102389,36.53,-119.38,0.514,0.9014366008493633,0.4194018639731769,0.9480828742765581,0.5950161290322581
8383,2.5504,26.0,3.725552050473186,1.1093585699263933,2742.0,2.8832807570977916,33.96,-118.36,1.513,1.8449955988427016,2.019019780442655,1.7507384884129302,2.1658684868421063
2647,3.25,38.0,5.978021978021978,0.978021978021978,240.0,2.6373626373626373,40.55,-124.13,0.948,1.6369502962778253,1.3226050349500025,1.4692415535927026,1.7754074074074069
1456,3.65,22.0,5.531481481481482,1.0425925925925925,1420.0,2.6296296296296298,37.96,-121.98,2.041,1.9188916718833675,1.7480825191418734,1.770139147617432,1.380823182711198
5678,6.2028,35.0,6.326530612244898,1.0136054421768708,1167.0,2.6462585034013606,33.72,-118.3,3.615,3.2542643926509984,3.6103215510600286,3.155838315343094,3.4486432142857137
341,1.6196,38.0,3.83011583011583,1.0772200772200773,732.0,2.8262548262548264,37.75,-122.17,0.851,1.5716906637246826,1.3908693983395606,1.492346967234305,1.3131571428571425
4852,1.23,47.0,5.36734693877551,1.0081632653061225,785.0,3.204081632653061,34.03,-118.31,1.384,1.1268222788358702,0.6264238007128349,1.2033795386570572,1.168242424242424
14386,3.4286,5.0,4.28169014084507,1.1948356807511737,892.0,2.0938967136150235,32.75,-117.23,1.375,2.0575658652281685,2.371831957906145,1.9643470938727896,1.4535
18261,7.1108,29.0,6.335051546391752,0.9896907216494846,707.0,3.6443298969072164,37.37,-122.08,4.65,3.6881241612354607,3.603568912912065,3.7127578872853997,3.771
16105,3.4919,44.0,5.138418079096045,1.0310734463276836,1137.0,3.211864406779661,37.75,-122.5,2.718,2.413548419387162,2.363134363084403,2.2277865620967545,1.7754074074074069
9149,5.5061,17.0,6.923128792987188,1.1348617666891436,4956.0,3.341874578556979,34.46,-118.5,2.394,2.553974715462082,2.6073845579346067,2.419279194825771,2.20485294117647
16879,4.375,34.0,4.532051282051282,1.0192307692307692,381.0,2.4423076923076925,37.6,-122.39,3.409,2.7975443861440494,2.9071382880670633,2.6127492419977623,2.3668121212121216
6253,3.4115,35.0,5.193548387096774,1.0099255583126552,1755.0,4.354838709677419,34.03,-117.96,1.504,1.8539045625657415,1.503409958079123,1.7032394304452456,1.7495862068965513
11741,3.0917,48.0,6.059139784946237,1.010752688172043,530.0,2.849462365591398,38.87,-121.13,1.281,1.0815874645092338,0.849371063203465,0.9909358924277167,0.8506
7330,2.7321,41.0,3.5660377358490565,0.9198113207547169,873.0,4.117924528301887,33.98,-118.17,1.56,1.8522518000544275,1.5713501807793344,1.6922793077406642,1.3590212765957446
20460,6.6073,17.0,6.771498771498772,0.9398034398034398,2734.0,3.3587223587223587,34.29,-118.75,2.581,3.0982382571323317,3.1501872692518784,3.040631086916381,3.1098444444444446
2412,3.7917,24.0,5.3580246913580245,0.9547325102880658,693.0,2.8518518518518516,36.61,-119.45,0.905,1.4246318772125282,1.3283784187089276,1.2905014025200048,0.8624959349593496
19391,2.2679,25.0,3.9716981132075473,0.9622641509433962,303.0,2.858490566037736,37.78,-120.85,0.713,1.0443323247164824,0.9832001533702143,1.0506302495713222,1.3244647887323941
11441,3.4679,18.0,3.8483935742971886,1.0602409638554218,2192.0,2.2008032128514055,33.73,-117.98,2.197,2.0605114696627735,2.294487821723515,1.9232728918562647,2.041710526315789
13332,3.9336,15.0,5.553191489361702,1.0687397708674304,2039.0,3.337152209492635,34.04,-117.65,1.51,1.7597450934273238,1.6364390635852117,1.6390002377662913,1.4830576923076921
3721,3.0221,28.0,4.5943012211668925,1.1058344640434192,2240.0,3.039348710990502,34.2,-118.43,2.901,1.8962650233720617,1.8980396349520692,1.7742041937742288,2.0373124999999996
14986,3.5096,34.0,5.1525,0.9775,1169.0,2.9225,32.73,-117.03,1.42,2.0164855994381394,1.9675892393857937,1.8776031295718267,1.4865625000000005
14152,3.0875,31.0,5.680890538033395,1.1057513914656771,1263.0,2.3432282003710574,32.77,-117.09,2.915,1.8442863810169159,1.846631055231611,1.7492831192725213,2.0391428571428567
5654,2.7451,42.0,4.295285359801489,1.0794044665012408,866.0,2.1488833746898264,33.73,-118.3,2.554,2.0711479795716623,2.3883005309255014,1.9118381360703607,2.704666781609195
2578,3.2216,34.0,6.252615844544096,1.0493273542600896,1891.0,2.82660687593423,40.86,-124.06,0.981,1.4427760330352262,1.123456728257296,1.3204578767870654,1.7754074074074069
19332,4.5,18.0,6.142857142857143,1.0729483282674772,912.0,2.7720364741641337,38.46,-122.91,2.519,2.4037254970173065,2.2240776721564064,2.2454962261562024,2.2826481481481484
3376,2.6036,29.0,3.327698309492848,1.023407022106632,1886.0,2.4525357607282183,34.25,-118.28,1.621,1.7266098459317187,1.8573478538364991,1.603205427311568,2.704666781609195
15118,3.4286,31.0,5.658008658008658,1.0606060606060606,752.0,3.2554112554112553,32.84,-116.95,1.294,1.8725118117002095,1.7305948052925122,1.744185141080854,1.4865625000000005
9620,1.5917,28.0,5.45136186770428,1.1361867704280155,967.0,3.762645914396887,37.3,-120.4,0.894,0.7256364130570554,0.5131570657807962,0.8851474457171835,0.8206028708133976
7191,2.788,42.0,3.6946902654867255,0.9601769911504425,1997.0,4.418141592920354,34.04,-118.18,1.505,1.8786128711212933,1.6176235453002121,1.7164080689046664,1.3590212765957446
19932,5.4337,11.0,5.901162790697675,1.0116279069767442,1563.0,3.0290697674418605,36.3,-119.33,1.338,2.0882164715897717,1.9120756628920628,1.8307527725442658,1.3936153846153847
13706,2.0388,26.0,5.586466165413534,1.1334586466165413,1972.0,3.706766917293233,34.11,-117.22,0.804,0.8460960843296681,0.5815847812832835,0.9743613219600848,0.7630526315789475
6220,5.0758,35.0,6.378,1.054,1727.0,3.454,34.05,-117.91,2.111,2.462232577520531,2.355769056488171,2.223054182434795,2.1734680851063817
14641,4.5987,29.0,4.930894308943089,0.926829268292683,654.0,2.658536585365854,32.79,-117.2,2.556,2.4946816806326275,2.6226815517383026,2.3171863844827105,1.8282352941176467
12101,5.5563,13.0,6.726190476190476,1.0161564625850341,3382.0,2.8758503401360542,33.94,-117.34,2.145,2.188953513443784,2.0499137072055698,1.9984613102014608,2.5844
11512,4.2287,32.0,3.974609375,1.015625,934.0,1.82421875,33.74,-118.1,5.00001,2.5392250892446437,2.9042949326683667,2.322191524479497,4.200291730769228
4743,2.8793,42.0,5.062730627306273,1.014760147601476,674.0,2.4870848708487086,34.05,-118.36,2.021,1.876976336675834,1.9061269884019771,1.736431017032075,3.262202
19402,2.6343,14.0,4.696308724832215,1.0369127516778522,2294.0,3.848993288590604,37.73,-120.93,0.815,1.1190117144006724,1.022446950620863,1.1435872607041975,1.2356410256410257
2608,2.9485,29.0,5.37218045112782,1.0075187969924813,672.0,2.526315789473684,40.92,-124.0,0.988,1.299780701195407,1.076533135619086,1.2057235690007517,0.9439714285714282
11449,6.2473,24.0,6.8927392739273925,1.0297029702970297,1704.0,2.8118811881188117,33.68,-117.98,2.819,2.9863747197851094,3.116688081602013,2.8539970783151087,3.263828857142857
7654,3.5518,24.0,4.863275039745628,1.1589825119236883,2064.0,3.2813990461049283,33.83,-118.26,1.846,2.1845794811578525,2.2607195492576686,2.0461962959963884,1.6980914893617025
19060,2.7457,37.0,5.632727272727273,1.0945454545454545,863.0,3.138181818181818,38.16,-122.41,2.547,1.7890926159450655,1.4818769944011105,1.6585066260605954,1.1184398496240606
1350,4.0767,5.0,5.4604743083003955,1.0889328063241106,3207.0,3.16897233201581,38.03,-121.95,1.431,1.9421512802291838,1.8398262173648707,1.826056915814286,1.380823182711198
4591,1.2254,42.0,2.0966921119592876,1.1603053435114503,3795.0,3.21882951653944,34.06,-118.28,1.625,1.5668682865682622,2.254489181803201,1.4808420580480375,1.910161290322581
7168,2.475,43.0,3.8666666666666667,0.9666666666666667,416.0,3.466666666666667,34.06,-118.17,1.426,1.7256066369383558,1.537018788454958,1.5815208656940922,1.6381940298507462
3354,3.5962,15.0,5.923503325942351,1.1108647450110865,2503.0,2.7749445676274944,40.5,-120.67,0.859,0.19466371636198598,1.1740176901095467,0.45634880666064104,1.380823182711198
738,4.7933,37.0,6.0,1.021543985637343,1635.0,2.9353680430879714,37.67,-122.14,1.869,2.6930807917206883,2.67539510653193,2.4964184888712495,2.288930232558139
2351,3.5417,16.0,5.311643835616438,0.928082191780822,1010.0,3.458904109589041,36.79,-119.68,0.713,1.2409240286555652,1.233209586493477,1.1926872130004909,0.8624959349593496
15137,4.105,16.0,6.035962877030163,1.0417633410672853,2515.0,2.917633410672854,32.83,-116.91,1.744,1.9532269937099143,1.810418659708912,1.8601905954551854,1.4865625000000005
8530,3.4698,31.0,5.390243902439025,1.1986062717770034,956.0,3.3310104529616726,33.9,-118.35,2.25,2.193623650961311,2.191312567095414,2.034242744916364,2.0095447154471544
19150,3.7813,14.0,5.826196473551637,1.035264483627204,954.0,2.403022670025189,38.35,-122.7,1.465,2.0082200466688827,1.850462304436536,1.8938044972203132,1.9333030303030307
17041,6.1064,33.0,6.233817701453105,1.0013210039630118,1980.0,2.6155878467635403,37.51,-122.28,4.05,3.32697943454422,3.5495761348532477,3.2665473111880807,3.4486432142857137
10495,4.0167,18.0,5.030651340996169,1.0153256704980842,1302.0,2.4942528735632186,33.51,-117.66,1.896,2.0801084285974474,2.1140223517483054,1.9389844852370786,2.6240869565217393
7806,4.0926,42.0,4.525114155251141,0.9817351598173516,717.0,3.2739726027397262,33.89,-118.09,1.644,2.4089944439590734,2.3924274989607683,2.165470759541909,1.6980914893617025
8915,2.2794,52.0,4.023076923076923,0.9538461538461539,317.0,2.4384615384615387,34.03,-118.46,3.375,1.8382306119047336,1.9909578173779054,1.6857433030917393,2.704666781609195
19890,2.4281,18.0,5.649606299212598,1.0118110236220472,657.0,2.5866141732283463,36.29,-119.15,0.725,0.7684447087915489,0.9622759018918331,0.9104751786332614,0.8590416666666669
10216,2.5,29.0,4.061594202898551,1.0543478260869565,762.0,2.760869565217391,33.87,-117.91,1.438,1.614094934681121,1.5825679744832204,1.52067942490888,1.8302134831460672
4391,1.7016,27.0,2.8199052132701423,1.2274881516587677,1795.0,4.253554502369668,34.07,-118.27,1.6,1.5899636983746173,1.6553469631987043,1.5081844663919082,1.910161290322581
4600,1.7038,13.0,2.6158357771260996,1.0703812316715542,2158.0,3.164222873900293,34.04,-118.27,1.181,1.3726385713367408,1.5122925687644404,1.3914545570988532,2.4546666666666663
5751,6.9135,52.0,6.1656441717791415,0.8773006134969326,908.0,2.785276073619632,34.17,-118.27,3.74,3.4496622406454374,3.6526786478920457,3.2582360087192086,5.0000100000000005
15479,5.6874,16.0,7.757009345794392,1.102803738317757,733.0,3.425233644859813,33.16,-117.14,2.027,2.4618166014415013,2.492660382556961,2.294309588194829,1.7926818181818178
3328,1.9906,29.0,8.970967741935484,1.9903225806451612,890.0,2.870967741935484,38.88,-122.72,0.966,1.4954308435901824,1.2425976278118351,1.4160694632519752,1.7327142857142857
12809,1.6563,31.0,3.814946619217082,0.9928825622775801,781.0,2.7793594306049823,38.61,-121.47,0.658,0.7913581855528142,0.7164073866255647,0.8819071781693659,0.7472181818181819
20268,1.6953,19.0,3.1404199475065617,0.9566929133858267,1938.0,2.543307086614173,34.19,-119.18,1.674,1.6077840082750094,1.5292562204291325,1.6363592900428268,2.3564444444444446
3958,2.754,21.0,2.642540620384047,1.0029542097488922,2300.0,3.397341211225997,34.2,-118.59,1.798,1.93604208958106,2.096634746110838,1.8158369054815808,2.1658684868421063
18873,3.1053,37.0,5.4476744186046515,1.0445736434108528,1574.0,3.050387596899225,38.08,-122.22,0.967,1.8841676773948322,1.6273596955155227,1.727250825326955,1.380823182711198
17928,3.6682,33.0,4.60932944606414,1.0524781341107872,1553.0,2.2638483965014577,37.34,-121.97,2.661,2.412443253652987,2.5398081101384076,2.233316748197396,2.30386
14307,1.8696,52.0,4.62962962962963,1.0462962962962963,480.0,4.444444444444445,32.71,-117.14,0.911,1.626190258525778,1.2061906610691857,1.5387267514543677,0.8502666666666666
2028,1.4577,38.0,3.9811827956989245,0.9489247311827957,1543.0,4.147849462365591,36.71,-119.75,0.498,0.7606505487996122,0.3519008852570431,0.8846890549718465,0.53276375
13069,2.6471,16.0,4.0986666666666665,0.9706666666666667,1125.0,3.0,38.58,-121.3,0.907,0.9750410182600397,1.0446085413661104,0.9991876603968195,1.3244647887323941
6052,2.8347,34.0,5.835365853658536,1.1097560975609757,1564.0,4.7682926829268295,34.04,-117.76,1.158,1.492405469328284,1.0241812152861776,1.420842003687031,1.266730769230769
15975,3.5435,52.0,4.021638330757342,1.1035548686244203,1330.0,2.05564142194745,37.77,-122.45,2.786,2.6825868140803815,3.230716920814693,2.4342724234639985,3.8288341666666668
14331,1.3071,51.0,2.647294589178357,1.1022044088176353,781.0,1.565130260521042,32.72,-117.15,2.5,1.6620203205100241,2.3356998519677346,1.5411013351109606,1.5112658227848106
1606,2.933,26.0,4.707667731629393,1.0335463258785942,825.0,1.317891373801917,37.88,-122.08,0.85,1.8133871560519628,1.8568663970808188,1.6835104416406126,1.6089166666666666
10915,3.4193,45.0,4.537074148296593,1.006012024048096,1970.0,3.9478957915831665,33.73,-117.87,1.77,2.120443197262925,2.004820375178523,1.915724406000336,1.2967894736842103
13336,3.0598,13.0,4.310055865921788,1.0698324022346368,776.0,2.1675977653631286,34.04,-117.67,0.997,1.517769565237012,1.6434296167511682,1.4408021663968604,1.6896285714285717
10389,9.6986,6.0,7.737523105360443,0.9519408502772643,1794.0,3.3160813308687613,33.58,-117.66,3.576,4.096001257631416,3.908934881921465,4.342551638115913,4.462604
14462,4.425,26.0,5.123134328358209,1.2537313432835822,608.0,2.2686567164179103,32.85,-117.27,4.75,2.6265183079880625,2.9207223467606207,2.4344333470053487,3.2580940654205603
14930,6.6272,19.0,7.138888888888889,0.9537037037037037,376.0,3.4814814814814814,32.66,-117.02,2.736,3.0304933046638087,3.1447321529540364,2.923242599048525,2.7542142857142857
6962,3.7328,38.0,4.535014005602241,1.061624649859944,886.0,2.481792717086835,33.99,-118.05,1.824,2.213131247424548,2.311269410310595,1.9819321825967338,2.0675079006772012
10236,3.055,33.0,3.775413711583924,0.9598108747044918,1888.0,4.463356973995272,33.87,-117.92,1.578,1.8593113575320848,1.5569365512257183,1.7093939720153015,1.3590212765957446
4279,1.8576,37.0,2.4775641025641026,1.0064102564102564,835.0,2.676282051282051,34.09,-118.31,1.938,1.6427450555800944,1.8142697606522125,1.527218768866896,1.4966666666666668
4738,4.8958,49.0,3.7540106951871657,0.7647058823529411,458.0,2.449197860962567,34.05,-118.38,3.336,2.824612248253322,3.082014733666922,2.5613867847153577,2.4912702702702694
17973,3.6292,27.0,4.636058230683091,1.0851063829787233,2135.0,2.390817469204927,37.31,-121.95,2.646,2.3611463916505135,2.4668774148427954,2.2068456704528536,2.30386
19559,2.1779,36.0,4.490625,1.034375,1073.0,3.353125,37.6,-120.98,0.584,1.2320335109798337,0.9415312658895172,1.1840741815389197,0.8206028708133976
538,2.5762,29.0,4.048703849175177,1.0950510604870385,3741.0,2.93872741555381,37.78,-122.28,1.734,1.9289923732176462,1.9730317151209908,1.8209140255513594,1.3244647887323941
4186,4.2891,48.0,4.448979591836735,0.9727891156462585,835.0,2.8401360544217686,34.13,-118.23,2.148,2.519147011678317,2.6132850687390103,2.23916182609804,2.4912702702702694
2826,10.0263,52.0,9.625,1.75,37.0,2.3125,35.42,-119.11,2.0,4.94613737925482,4.148239511683417,5.392991808496726,1.7246
17840,7.8532,8.0,6.961538461538462,1.043956043956044,1527.0,4.195054945054945,37.44,-121.89,4.228,3.6668518292626002,3.402889583265961,3.728184532368725,3.4047297297297305
12570,3.2404,39.0,5.080071174377224,1.0213523131672597,1217.0,2.1654804270462633,38.54,-121.44,0.936,1.4638287716867882,1.2748817849038792,1.2887068981874656,1.661807692307692
4767,3.0694,37.0,4.232876712328767,1.0582191780821917,966.0,3.308219178082192,34.03,-118.37,1.222,2.059267926726777,2.0434560224854996,1.884850206025534,2.1658684868421063
7763,3.6389,36.0,5.584615384615384,1.1153846153846154,490.0,3.769230769230769,33.91,-118.1,1.676,2.1157462661850923,1.9320489156824596,1.928264510222244,1.7495862068965513
4043,4.1429,37.0,5.67741935483871,0.9935483870967742,369.0,2.3806451612903228,34.17,-118.5,3.036,2.3142217193554515,2.450569716864609,2.1202297743272362,3.2580940654205603
11311,4.875,33.0,6.2809917355371905,0.987603305785124,658.0,2.71900826446281,33.78,-117.96,2.693,2.4524461451492083,2.5195125186472547,2.2512158955252266,2.684588697916666
6068,5.1762,16.0,6.371389270976616,1.046767537826685,3038.0,4.178817056396149,34.01,-117.86,2.644,2.307559364746865,2.1369647259751448,2.140140604405421,2.946
19252,3.1662,7.0,4.866192170818505,1.008540925266904,3468.0,2.4683274021352313,38.48,-122.79,1.91,1.740760779396841,1.4610526269257795,1.7035436121972278,1.4244615384615384
8337,3.775,40.0,5.7407407407407405,1.0296296296296297,798.0,2.9555555555555557,33.94,-118.31,1.538,2.210024544173123,2.234684684918193,2.032488415094373,2.0095447154471544
16025,4.7813,39.0,4.70935960591133,1.0295566502463054,970.0,2.3891625615763545,37.73,-122.44,2.755,2.980787035573589,3.187999400836459,2.7915855055299037,3.425966666666667
4309,1.676,44.0,3.672176308539945,1.143250688705234,2297.0,3.1639118457300275,34.09,-118.32,2.088,1.5888280489837006,1.6920490792174645,1.5003544266836402,1.4554117647058822
15060,3.0192,19.0,4.9178885630498534,1.0249266862170088,1948.0,2.8563049853372435,32.79,-116.93,1.423,1.6467605899771054,1.503207232671222,1.6019058869677236,1.3503230769230767
2420,2.5234,37.0,4.101167315175097,0.9299610894941635,879.0,3.4202334630350193,36.58,-119.44,0.635,1.1234679680131945,0.8232813676791881,1.0737064758703738,1.3244647887323941
13656,1.6675,6.0,5.5115089514066495,1.391304347826087,1039.0,2.657289002557545,34.05,-117.3,0.958,0.7616710856200655,0.9812042946277048,0.9486628170545939,0.7630526315789475
5665,2.7139,30.0,4.099870298313878,1.0544747081712063,1865.0,2.4189364461738,33.73,-118.29,2.317,1.9377168927853856,2.0882372704330403,1.8348687249476536,2.704666781609195
3778,3.3545,24.0,4.25402144772118,1.0375335120643432,2945.0,1.9738605898123325,34.17,-118.4,2.215,1.9968913303591285,2.1666509784133803,1.8696776996075335,2.3456521739130434
2301,3.625,25.0,5.405172413793103,1.0377155172413792,2133.0,2.2984913793103448,36.82,-119.78,0.895,1.4727312426811183,1.390313074010584,1.3409760106802198,2.30386
5990,5.8891,37.0,6.522641509433963,1.0264150943396226,1344.0,2.5358490566037735,34.1,-117.73,2.26,2.712105705065041,2.6483525509378154,2.423324201975038,2.6704
6590,15.0001,48.0,8.845161290322581,1.0580645161290323,528.0,3.4064516129032256,34.19,-118.18,5.00001,6.801288273985441,5.084891714507279,10.161847711247452,4.999921329113908
16104,4.3859,45.0,4.939024390243903,1.048780487804878,941.0,2.8689024390243905,37.75,-122.5,2.702,2.8644523205024877,3.035715681966523,2.6607841027209145,3.0136000000000003
9622,2.3382,38.0,5.142857142857143,1.1607142857142858,478.0,4.267857142857143,37.29,-120.32,0.596,1.1837814693582862,0.731004885424789,1.1191297182641837,0.8206028708133976
19122,3.402,23.0,5.179948586118252,1.044987146529563,1852.0,2.380462724935733,38.25,-122.65,1.933,2.03141847448117,1.8689659593927799,1.9010616886858673,2.3456363636363635
13932,3.3672,18.0,10.386666666666667,1.8373333333333333,1086.0,2.896,34.26,-117.28,1.336,1.2912917551629393,1.3929204799098422,1.2637110310530049,1.1491942446043166
290,4.375,47.0,5.761467889908257,0.9954128440366973,570.0,2.614678899082569,37.77,-122.16,1.619,2.5815820695370846,2.6071100082222003,2.335692232373529,1.9148749999999999
17202,3.1364,38.0,4.377215189873418,0.9974683544303797,801.0,2.027848101265823,34.44,-119.73,3.575,2.4562543339604757,2.9340139090345905,2.357559597397057,2.835598712121211
9970,4.3125,37.0,6.945330296127563,1.1571753986332574,1287.0,2.931662870159453,38.5,-122.48,2.765,2.266748005048406,2.0895803122059418,2.0335104630095557,2.6644285714285716
20372,5.1033,15.0,6.367713004484305,1.1150971599402093,1701.0,2.5426008968609866,34.17,-118.88,4.107,2.702790921745677,2.866080777739989,2.6182806826082428,3.205471176470588
18346,1.9045,20.0,3.2624686542212316,1.0080802451936473,7604.0,2.118696015603232,37.43,-122.15,3.75,1.6545461096332894,1.5618389400743982,1.6833515832916475,1.4818749999999998
14970,2.6973,31.0,5.129985228951256,1.0664697193500738,2098.0,3.098966026587888,32.74,-117.01,1.352,1.6799270980634846,1.4814316979529834,1.6210424795863174,1.3503230769230767
4447,2.4135,52.0,4.031890660592255,0.9908883826879271,1848.0,4.209567198177677,34.07,-118.21,1.672,1.7917488631281466,1.5581125389755455,1.632843853527561,1.3590212765957446
4744,2.5658,45.0,4.806315789473684,1.071578947368421,1093.0,2.3010526315789472,34.05,-118.36,2.52,1.8414144115505842,1.954512321580907,1.7010885718588717,3.262202
3529,8.176,18.0,6.68,1.049090909090909,1590.0,2.890909090909091,34.26,-118.53,3.084,3.8298202495815787,3.7951710843143998,3.9032929341551235,3.9668722580645164
7316,2.0087,36.0,3.4941471571906355,1.0585284280936456,4582.0,3.831103678929766,33.98,-118.19,1.721,1.598718185619413,1.6253889449849162,1.5438663452096004,1.4366436781609198
16885,6.358,26.0,6.835416666666666,1.10625,1145.0,2.3854166666666665,37.58,-122.4,5.00001,3.404945536386563,3.5758095042010423,3.383136000587508,4.417692000000001
15890,2.2167,40.0,6.101123595505618,1.1348314606741574,259.0,2.9101123595505616,37.73,-122.38,1.938,1.7242316051697948,1.3922213344068204,1.6470858724213309,1.7327142857142857
10033,2.1419,30.0,5.006864988558353,1.0411899313501145,1033.0,2.3638443935926774,39.22,-121.08,1.052,0.46608498834873746,0.7011914355957809,0.6564584895225127,0.7766740740740745
13597,2.2917,44.0,3.514018691588785,0.8130841121495327,273.0,2.5514018691588785,34.09,-117.28,0.908,1.1812249138037378,1.0075832496092163,1.128541695678361,1.1868571428571428
4667,1.5972,34.0,2.510250569476082,1.020501138952164,1325.0,3.0182232346241458,34.05,-118.29,1.688,1.5096587656431746,1.5969145062174799,1.444650082976299,1.4618837209302329
16330,3.1827,31.0,5.771653543307087,1.0393700787401574,608.0,2.393700787401575,38.02,-121.33,1.621,1.4599839081560808,1.3428910183855858,1.3416848957394585,1.2685925925925925
6541,4.2917,33.0,5.245136186770428,1.0116731517509727,1098.0,4.272373540856031,34.04,-118.05,1.612,2.260846402164556,1.9773837127099987,2.043215332546258,1.782850000000001
7228,2.2596,40.0,3.6346604215456675,0.9812646370023419,1919.0,4.494145199063232,34.01,-118.16,1.375,1.6498122080697264,1.3096604622354904,1.546874316054379,1.3590212765957446
9845,3.1977,31.0,3.6412213740458017,0.9414758269720102,704.0,1.7913486005089059,36.58,-121.9,2.893,2.5064246836994823,2.893961547670139,2.403829212029187,3.2665631250000007
10385,6.4114,15.0,7.52755905511811,1.0498687664041995,2529.0,3.3188976377952755,33.6,-117.65,2.787,2.796985996833668,2.8007231781785418,2.65968669803865,2.8781515151515156
10885,4.2708,15.0,5.146302250803859,1.0884244372990353,1510.0,2.427652733118971,33.7,-117.92,1.617,2.2407446373688966,2.337202492215615,2.0911779348960247,2.0204405504587157
11096,5.6163,27.0,6.515669515669516,1.0056980056980056,1140.0,3.247863247863248,33.83,-117.87,2.31,2.649066295919552,2.6026043040356357,2.442757009158744,2.5369416788321173
9571,1.9135,16.0,4.833333333333333,1.1136363636363635,380.0,2.878787878787879,37.36,-120.61,0.875,0.8820853140279639,0.9399256962087124,0.9898155163043105,0.8206028708133976
5222,1.5427,28.0,4.487394957983193,1.2079831932773109,1799.0,3.7794117647058822,33.95,-118.25,0.957,1.3508426913940066,1.0916445406242858,1.3721836969131855,1.168242424242424
15607,6.2152,13.0,5.546052631578948,1.0328947368421053,918.0,6.0394736842105265,32.79,-116.66,2.406,2.8249173666767633,2.2201572597114696,2.6136767019322598,1.841
6814,3.3512,32.0,4.224308300395257,1.0484189723320159,2812.0,2.7786561264822134,34.1,-118.07,2.141,1.9690877675022729,2.04505050251938,1.7992453034100562,2.0675079006772012
3485,8.1125,16.0,7.399166666666667,1.0325,3468.0,2.89,34.28,-118.55,4.286,3.6766676443066895,3.8507488661042615,3.7530834488160183,4.088347826086957
9877,1.3897,38.0,3.5522388059701493,1.0746268656716418,191.0,2.8507462686567164,36.61,-121.85,1.25,1.8415666791188605,1.7874016953584346,1.7788324849468569,1.3131571428571425
18786,2.1875,16.0,5.49171270718232,1.022099447513812,495.0,2.734806629834254,40.44,-122.42,0.764,0.3444670806653649,0.965797501595081,0.6214285829686486,0.8601019387755103
17198,5.5073,6.0,4.749585406301824,1.064676616915423,1404.0,2.328358208955224,34.45,-119.75,2.638,3.2177459861892506,3.675606600305903,3.281269278973287,3.033091818181818
20125,2.7,45.0,4.639769452449568,1.1700288184438041,1148.0,3.30835734870317,34.41,-118.8,1.204,2.0353086975866646,2.098127201385453,1.8551501398775976,2.0373124999999996
19818,3.0156,32.0,4.885906040268456,0.912751677852349,461.0,3.0939597315436242,36.57,-119.3,1.091,1.1309081273245276,0.9783420150382995,1.0801203967337578,0.7265511811023622
3912,3.1106,18.0,4.5796875,1.0328125,3161.0,2.46953125,34.19,-118.55,1.706,1.8397285813734885,1.791368450705942,1.7769819918764487,2.0675079006772012
17825,5.34,9.0,4.69471488178025,1.0952712100139081,4240.0,2.9485396383866482,37.4,-121.88,2.574,2.880049644355464,3.1366693930699565,2.7716483218053,3.0211829032258066
17639,5.6427,26.0,7.020560747663551,1.033644859813084,1408.0,2.6317757009345795,37.28,-121.9,3.2,2.9119966236498795,2.9616965471912073,2.791596276492418,3.2490572357723586
14015,3.0726,52.0,5.233830845771144,1.1890547263681592,381.0,1.8955223880597014,32.75,-117.17,2.896,2.2086433844434,2.682896705562796,1.9966863334837965,3.796715714285714
15397,6.2079,12.0,6.2322097378277155,0.9737827715355806,2106.0,2.6292134831460676,33.24,-117.2,3.073,2.7359155701697473,2.716787026310672,2.5686160386421193,2.866333333333333
10428,6.2871,26.0,7.009174311926605,1.073394495412844,607.0,2.7844036697247705,33.45,-117.64,3.255,2.994953051566794,3.090254265644944,2.8253057537216866,3.263828857142857
19766,1.7566,25.0,5.093117408906883,1.0991902834008098,1266.0,2.562753036437247,40.03,-122.1,0.584,0.3805509968683354,0.6791367922087967,0.6342211052629312,0.6606528099173556
13925,1.7083,41.0,5.139240506329114,1.0632911392405062,375.0,2.3734177215189876,34.83,-114.59,0.485,-0.5910847565069934,-0.038624477896528564,0.12212533791340384,0.6143611111111112
9942,1.8942,45.0,4.861111111111111,0.9166666666666666,225.0,3.125,38.17,-122.23,2.167,1.3597694128446332,0.9748685243196386,1.3136635003817148,1.138411764705883
13933,2.7663,29.0,7.787162162162162,1.7618243243243243,1569.0,2.6503378378378377,34.25,-117.31,0.979,1.4071900671098276,1.4737292451756419,1.3025232231621113,1.1158461538461537
1097,4.712,20.0,6.265,1.015,1705.0,2.841666666666667,39.66,-121.77,1.586,1.4578148839968792,1.3652095515600473,1.256022555525874,1.7884230769230764
2115,2.3006,23.0,5.0817460317460315,1.0873015873015872,3573.0,2.835714285714286,36.76,-119.72,0.69,0.9321247706878524,0.8434949947499577,1.0152582012142002,0.656358695652174
1493,6.7061,23.0,7.4969939879759515,1.0040080160320641,1339.0,2.6833667334669338,37.94,-122.01,3.223,3.0485824303504447,2.9582811150661694,2.8694942875633584,3.4001707317073167
18466,6.8773,18.0,6.570539419087137,0.991701244813278,1414.0,2.933609958506224,37.11,-121.75,4.677,3.4160187846336862,3.4226355176310435,3.4009236881922362,3.4001707317073167
15030,3.4659,31.0,5.144288577154309,1.0160320641282565,1198.0,2.400801603206413,32.78,-117.02,1.63,1.9753486939424363,2.0115119167433195,1.8409919014091898,2.0391428571428567
17923,4.6328,30.0,5.064766839378239,1.005181347150259,999.0,2.588082901554404,37.35,-121.97,2.871,2.718639130160847,2.7497659247937385,2.538264769021348,2.684588697916666
2334,1.4913,32.0,4.901785714285714,1.0089285714285714,726.0,3.2410714285714284,36.83,-119.69,0.546,0.5792985590659787,0.4616298941214445,0.7845164909615403,0.5282911392405063
5216,0.8527,43.0,3.432900432900433,1.0173160173160174,736.0,3.186147186147186,33.94,-118.25,0.904,1.1762920799672534,0.9237673784264551,1.2211290747017771,1.4554117647058822
6241,3.2413,31.0,5.062374245472837,1.0583501006036218,2194.0,4.414486921529175,34.06,-117.97,1.555,1.7833852941907495,1.4608054344604193,1.6548099223841293,1.6980914893617025
4629,2.2708,18.0,2.5711354309165526,1.1087551299589604,3296.0,2.2544459644322847,34.07,-118.3,1.75,1.7125393740905217,2.223406076131412,1.6348269049698319,2.704666781609195
18177,8.6155,17.0,7.527272727272727,1.010909090909091,797.0,2.898181818181818,37.36,-122.0,4.112,4.088092333574878,4.027678973085193,4.3443766962706185,3.9668722580645164
5059,3.5486,35.0,5.041388518024032,0.9786381842456608,1583.0,2.1134846461949266,34.01,-118.35,3.321,2.0954750268095137,2.197865821433092,1.9425150414723151,2.835598712121211
7547,3.2798,45.0,5.173387096774194,1.0201612903225807,1025.0,4.133064516129032,33.92,-118.2,1.412,2.05508984982926,1.824283950173396,1.8753558043398892,1.2967894736842103
563,4.9489,45.0,6.102739726027397,1.0616438356164384,384.0,2.6301369863013697,37.75,-122.24,2.471,2.8728252594607615,2.9452811776958336,2.643998863166819,2.23
6421,2.5625,30.0,4.949367088607595,1.1962025316455696,1988.0,4.194092827004219,34.14,-117.99,1.53,1.5672814015810899,1.320793449128528,1.4815536371399758,1.593
4496,3.1654,34.0,3.8379310344827586,1.0793103448275863,928.0,3.2,34.05,-118.22,1.55,2.065398087937384,2.072290077182495,1.8685896043189607,1.6980914893617025
13015,3.2321,11.0,7.0414673046252,1.1531100478468899,1520.0,2.4242424242424243,38.71,-121.19,3.908,0.8678058396768593,1.252214655021952,0.9520000782862374,1.380823182711198
19959,2.8365,21.0,5.975728155339806,0.9902912621359223,609.0,2.9563106796116503,36.25,-119.32,0.9,1.0131006100527844,1.0641401254624159,1.065870240623084,0.8590416666666669
3921,4.0789,35.0,5.640198511166253,1.0173697270471465,1431.0,3.5508684863523574,34.2,-118.56,1.967,2.296450442119552,2.2133516718164095,2.123125276972497,1.7495862068965513
12414,3.0673,22.0,4.425742574257426,0.9504950495049505,830.0,4.108910891089109,33.75,-116.21,0.682,0.9824983915348353,0.7419448792263579,0.9922122048304067,0.9443571428571428
4046,11.2979,24.0,8.321969696969697,1.0132575757575757,1443.0,2.7329545454545454,34.13,-118.49,5.00001,5.096408163745451,5.0212735494718395,6.0962159750941085,4.999921329113908
5236,2.3333,36.0,3.6754966887417218,1.0165562913907285,1417.0,4.69205298013245,33.94,-118.23,0.921,1.726650955520566,1.3741685677571613,1.6195613810573612,1.3590212765957446
16757,3.0546,33.0,2.922576447625244,1.0299284320104098,3477.0,2.262199089134678,37.7,-122.48,2.979,2.3936593069717516,2.9406100549775624,2.2311204044362345,2.7640000000000002
10761,9.802,8.0,6.918032786885246,1.1475409836065573,375.0,2.0491803278688523,33.62,-117.87,5.00001,4.4977228142114125,4.0321403687485216,4.944670535499156,4.474127083333335
19071,5.795,22.0,7.139720558882235,1.1037924151696608,1371.0,2.7365269461077846,38.32,-122.53,3.323,2.8180309013560696,2.695253380243945,2.6309559066003825,2.811
18914,5.5138,7.0,6.9498644986449865,1.1111111111111112,2824.0,3.8265582655826558,38.15,-122.22,1.711,2.505267323729824,2.347227252888416,2.352797156855105,2.184285714285714
3482,4.3047,27.0,4.295345104333868,1.0465489566613162,2661.0,4.271268057784912,34.3,-118.45,1.521,2.4139466319341336,2.365724179441392,2.2109071225519794,1.782850000000001
16038,2.9688,39.0,5.579207920792079,1.0272277227722773,1388.0,3.4356435643564356,37.72,-122.46,2.32,2.066800751626662,1.7655920873740945,1.9425354353098903,2.2708571428571425
19485,0.9336,10.0,3.6627450980392156,1.0196078431372548,401.0,1.572549019607843,37.66,-120.98,1.271,0.4939039525342199,0.8883297008342699,0.7854273393601579,1.1636896551724139
9658,1.6607,18.0,5.125,0.9375,104.0,3.25,37.37,-120.67,0.875,0.6352749296390043,0.6906185259954583,0.8625253346937143,0.8206028708133976
7107,4.6,34.0,5.332258064516129,0.9419354838709677,1003.0,3.235483870967742,33.89,-118.01,2.034,2.3930080412803636,2.318822077163299,2.177385630301509,1.782850000000001
18656,2.7587,15.0,4.8951890034364265,1.147766323024055,1546.0,2.656357388316151,36.97,-121.97,2.286,2.022661407287756,1.895697340016226,1.9747449547295863,1.6771111111111112
7278,2.2969,47.0,4.284722222222222,1.125,754.0,5.236111111111111,33.98,-118.25,1.167,1.8183910082868553,1.335442813551057,1.662185868533622,1.3590212765957446
17798,12.3292,29.0,7.916666666666667,1.0555555555555556,244.0,3.388888888888889,37.38,-121.81,4.167,5.766562333617191,4.604438085298419,7.474970465195092,4.999921329113908
8538,5.3169,34.0,3.8383838383838382,0.8787878787878788,723.0,3.6515151515151514,33.89,-118.36,2.276,3.0003379797578993,2.985899412188951,2.803944056841367,2.20485294117647
15293,6.5338,13.0,6.6265664160401005,1.0576441102756893,1197.0,3.0,33.1,-117.28,2.679,3.002910184312862,3.024293550090901,2.872071905750213,3.109866666666667
18884,2.1411,52.0,4.456582633053221,1.0420168067226891,817.0,2.288515406162465,38.1,-122.25,0.972,1.726479989664772,1.6675882715180004,1.5606350258229575,1.138411764705883
6641,2.3654,49.0,4.686046511627907,1.1569767441860466,698.0,4.058139534883721,34.15,-118.15,1.375,1.733655558534967,1.4494837938009857,1.5691566445486353,1.168242424242424
4388,2.3913,35.0,3.875,1.2331081081081081,1016.0,3.4324324324324325,34.08,-118.27,1.988,1.8517709553855877,1.8841649581102393,1.6927699684595168,2.1658684868421063
19854,1.9342,32.0,4.89957264957265,0.9957264957264957,1538.0,3.286324786324786,36.39,-119.31,0.686,0.7860424604994953,0.5844398041888035,0.9054146930048252,0.5950161290322581
18247,3.5045,30.0,3.791946308724832,1.0738255033557047,932.0,2.0850111856823266,37.39,-122.07,3.525,2.451615116262415,2.6692960713138776,2.2600958085583387,2.30386
4914,2.148,46.0,4.273838630806846,1.0464547677261613,1707.0,4.17359413202934,34.0,-118.27,1.038,1.6837798154077779,1.4033276367860565,1.5766823668649503,1.1610000000000003
1901,2.7457,17.0,11.183266932270916,2.1075697211155378,675.0,2.689243027888446,38.88,-119.99,1.078,0.35358171736332156,1.204767841317144,0.5874011685592488,1.2190833333333335
13017,4.3214,28.0,6.4146868250539955,1.0172786177105833,1379.0,2.978401727861771,38.7,-121.2,1.317,1.4996478076666486,1.33962678892076,1.3091803978006387,1.6465507246376807
15907,4.2212,52.0,4.506696428571429,0.9330357142857143,999.0,2.2299107142857144,37.74,-122.42,2.713,2.792933415075077,3.124857655718885,2.559906698830133,3.425966666666667
13570,4.0481,52.0,6.57421875,1.0390625,646.0,2.5234375,34.14,-117.29,0.973,1.8293403269644168,1.7006826134199735,1.575336663795059,2.342923076923076
9466,1.9213,52.0,4.508823529411765,0.9882352941176471,754.0,2.2176470588235295,39.44,-123.8,0.95,1.689403343998425,1.4926469070966548,1.5521804634449454,0.7766740740740745
19151,1.6033,14.0,4.641791044776119,1.1014925373134328,493.0,1.471641791044776,38.35,-122.7,0.675,1.233157093787869,1.153684361062876,1.2986611345535621,1.7327142857142857
5826,4.7986,52.0,6.5038167938931295,1.0572519083969465,746.0,2.8473282442748094,34.19,-118.3,3.261,2.6047084110877545,2.777076799253666,2.339559812242853,4.875003333333333
13915,2.6111,13.0,6.372469635627531,1.3475033738191633,4166.0,2.8110661268556005,34.15,-116.09,0.656,0.5389765757426361,0.9014702256695388,0.7552268872626717,1.1158461538461537
10559,5.0686,19.0,5.973737373737373,0.9939393939393939,1639.0,3.311111111111111,33.62,-117.7,2.256,2.3963474125324145,2.3140899998942044,2.2255137977908785,2.1734680851063817
14366,4.1806,44.0,6.470046082949309,1.055299539170507,513.0,2.3640552995391704,32.74,-117.23,2.638,2.3990775376746836,2.6813018319916955,2.2207955577923557,3.2580940654205603
5477,4.45,46.0,5.320359281437126,1.0838323353293413,896.0,2.682634730538922,34.0,-118.45,3.483,2.7018121558658414,3.0188113819051585,2.476074748160244,2.974310344827586
8981,3.2708,33.0,4.4319066147859925,1.1634241245136188,734.0,2.8560311284046693,34.0,-118.42,3.25,2.2049243174349646,2.3422592216191798,2.020147232211359,2.0675079006772012
4954,1.6851,46.0,4.948660714285714,1.0915178571428572,1227.0,2.7388392857142856,34.02,-118.31,1.088,1.4431439068201453,1.2747824458887043,1.4094539273814664,1.168242424242424
15757,4.445,52.0,5.534591194968553,1.150943396226415,742.0,2.3333333333333335,37.77,-122.43,4.0,2.9291369499012823,3.2869060384791053,2.6985510109992346,4.5428706666666665
11735,2.4273,27.0,4.846262341325811,1.0648801128349787,1568.0,2.211565585331453,38.9,-121.08,1.384,0.7371076675828951,0.8673361237009982,0.8193263113349398,1.5538000000000003
3210,2.2333,36.0,5.952941176470588,1.1254901960784314,749.0,2.937254901960784,36.32,-119.63,0.61,1.1018613661764696,0.9050559652695358,1.1126168248553912,0.8249843750000002
16950,7.7743,27.0,6.799373040752351,0.9561128526645768,905.0,2.8369905956112853,37.53,-122.35,4.531,3.9351928831697562,4.047073133744519,4.104679521174321,4.580190625
8632,9.3399,36.0,8.251336898395722,1.1443850267379678,474.0,2.53475935828877,33.88,-118.4,5.00001,4.514576246539374,4.869879030947792,4.96265843129364,4.9815094117647085
5207,2.875,40.0,4.468822170900693,1.0646651270207852,1616.0,3.7321016166281753,33.92,-118.29,1.202,1.9858353567171103,1.8970024564946972,1.8332106401262327,1.417333333333333
8591,5.0299,40.0,5.815384615384615,0.9384615384615385,371.0,2.853846153846154,33.89,-118.36,3.292,2.7363638652184887,2.9261172462234653,2.5401810448972024,2.684588697916666
8198,3.7826,5.0,4.363207547169812,1.1709905660377358,1657.0,1.9540094339622642,33.79,-118.15,1.963,2.149037465134998,2.458409336686704,2.0341383783065994,2.041710526315789
11903,2.6895,30.0,5.091379310344828,1.2120689655172414,1406.0,2.424137931034483,33.97,-117.38,1.5,1.433400877017827,1.4144937320058923,1.342739540500304,0.9443571428571428
6512,3.1042,37.0,4.508264462809917,1.1115702479338843,905.0,3.739669421487603,34.07,-118.03,1.52,1.9170516285807442,1.7185523540734007,1.7279625067093471,1.6980914893617025
474,1.9327,52.0,4.564044943820225,1.0112359550561798,958.0,2.152808988764045,37.86,-122.28,1.699,1.7095714661660777,1.6553886267687514,1.5817727541766042,1.138411764705883
10199,1.4803,10.0,3.062350119904077,1.170263788968825,730.0,1.750599520383693,33.87,-117.93,1.375,1.1981309961116082,1.5826938860037192,1.253597824507278,2.4546666666666663
7723,4.675,33.0,6.06043956043956,1.0796703296703296,973.0,2.673076923076923,33.94,-118.12,2.83,2.4637613461519976,2.53577881241387,2.2555214073450647,2.684588697916666
14816,5.1386,42.0,6.01779359430605,1.0177935943060499,761.0,2.7081850533807827,32.7,-117.18,4.045,2.829249724303839,3.1425366867796782,2.64291815681559,2.184833333333333
14733,5.3441,21.0,7.005,1.03,1620.0,2.7,32.81,-117.01,1.935,2.483434675260359,2.5352302081607014,2.337919954032569,2.184833333333333
14657,5.25,25.0,5.552816901408451,0.9366197183098591,611.0,2.1514084507042255,32.78,-117.15,2.051,2.663364477828625,2.878358598326944,2.494844220550214,4.645886470588235
12988,4.4489,16.0,5.966549295774648,1.051056338028169,1674.0,2.9471830985915495,38.69,-121.27,1.456,1.5559502743931088,1.4717716613264862,1.3698466157519142,1.6465507246376807
20565,2.4167,22.0,5.93886462882096,1.2314410480349345,808.0,3.5283842794759823,38.65,-121.7,2.25,1.0501745190083622,0.9224146488408314,1.0680194388680153,1.138411764705883
19296,3.8846,40.0,5.647887323943662,0.9929577464788732,1054.0,2.4741784037558685,38.4,-122.82,2.159,2.3268576985975336,2.2353517720774754,2.121629701907713,1.7754074074074069
4475,3.2279,39.0,4.396648044692737,1.011173184357542,731.0,4.083798882681564,34.08,-118.17,1.585,1.98280153887116,1.7052436478989257,1.7921430976549289,1.6980914893617025
1290,3.6118,34.0,5.459363957597173,1.047703180212014,1588.0,2.8056537102473498,38.0,-121.79,1.247,1.9311815603019404,1.7291800525441101,1.7313309615425436,1.380823182711198
12425,1.6557,10.0,3.8623024830699775,1.1264108352144468,1896.0,4.279909706546276,33.64,-116.15,0.654,0.4570987837714755,0.6011797906495349,0.7295261188598932,0.801
20450,5.2206,6.0,5.749529190207157,1.0677966101694916,3246.0,3.056497175141243,34.28,-118.91,2.802,2.6689816234869794,2.754134821586213,2.6069635790513925,2.3002857142857143
7149,2.4612,45.0,4.370473537604457,1.0,1203.0,3.350974930362117,34.03,-118.14,1.805,1.7012303081441669,1.5289754452214819,1.572988733997787,1.9871230769230763
13449,3.8531,21.0,5.030555555555556,0.9263888888888889,2503.0,3.4763888888888888,34.08,-117.4,1.054,1.6082926980163093,1.3530411279722072,1.4915560555340392,1.1472068965517244
5226,0.9298,36.0,3.6761619190404797,1.1004497751124438,2664.0,3.9940029985007497,33.93,-118.25,1.0,1.1753571317272122,0.8054301282589389,1.2482938686752258,1.1610000000000003
15021,2.7006,17.0,4.499388004895961,1.039779681762546,3331.0,2.0385556915544676,32.79,-117.03,1.663,1.5910546700273736,1.4994564885701989,1.582437774030594,1.4235
17353,5.0286,30.0,6.184375,1.06875,999.0,3.121875,34.89,-120.43,1.58,3.170831081109956,3.606822054900692,3.215540793581721,1.6969999999999996
18169,3.9038,21.0,3.5863570391872277,0.9825834542815675,1486.0,2.1567489114658924,37.36,-122.02,2.438,2.486681891461357,2.641631035357434,2.320373123887026,2.9370703488372105
408,7.1754,52.0,7.42948717948718,1.0512820512820513,779.0,2.496794871794872,37.9,-122.28,3.629,3.7221839950255626,4.006133129272646,3.638390174476397,3.254571428571428
7655,4.1292,28.0,3.9095238095238094,1.0333333333333334,1575.0,3.75,33.82,-118.27,2.019,2.509634733524335,2.56220356728196,2.320986153718537,1.782850000000001
9665,2.6062,33.0,6.997518610421836,1.2779156327543424,976.0,2.4218362282878414,41.4,-120.12,0.526,-0.6881221826725961,0.9791950308278758,0.048643916107509094,0.7792
5357,5.222,42.0,5.8474576271186445,1.0527306967984935,1253.0,2.35969868173258,34.05,-118.39,5.00001,2.873333628843972,3.193728302946729,2.661073608396965,3.8499041935483875
7387,2.2917,37.0,3.727699530516432,0.9859154929577465,814.0,3.8215962441314555,33.97,-118.25,1.12,1.687650078202605,1.4512839144737568,1.5837802179366167,1.6381940298507462
13175,3.2292,52.0,7.075313807531381,1.2594142259414225,618.0,2.585774058577406,36.47,-120.95,2.25,2.181783092578513,2.280386531217208,1.989020556464634,2.342923076923076
15242,7.472,10.0,7.769716088328075,1.1813880126182965,1478.0,2.331230283911672,32.99,-117.25,4.399,3.3855704831408393,3.557952333872864,3.3630214199455235,3.462168333333333
13651,2.7002,6.0,4.149245388485188,1.179988820570151,4092.0,2.287311347121297,34.05,-117.31,0.883,1.2269711903919505,1.5163662503891824,1.2458516784720097,1.6896285714285717
17108,15.0001,32.0,8.84504132231405,1.0351239669421488,1318.0,2.7231404958677685,37.44,-122.22,5.00001,7.016410347708551,6.229899903021686,11.367884224115794,4.999921329113908
385,3.3333,49.0,5.436440677966102,1.0084745762711864,576.0,2.440677966101695,37.9,-122.29,2.768,2.186369032706315,2.16769030733221,1.9695005109512471,0.8506
6887,3.25,36.0,3.9972677595628414,1.0081967213114753,1492.0,4.076502732240437,34.06,-118.1,1.792,1.9869838642410538,1.7699124398135293,1.7983988132914854,1.6980914893617025
7101,3.5859,30.0,5.051204819277109,1.1204819277108433,1021.0,3.075301204819277,33.9,-117.99,1.997,2.0612541849128054,2.015012274713076,1.8813030648341944,1.6980914893617025
15002,1.7179,5.0,3.796833773087071,1.0356200527704484,1727.0,2.278364116094987,32.74,-117.04,1.32,1.144571065718082,1.1231230412618673,1.2762233472946587,1.171109589041096
11532,1.7675,26.0,3.8470926058865755,1.0825556353194543,1829.0,1.3129935391241925,33.77,-118.09,0.613,1.4277984141061704,1.6142380326372872,1.429097572212469,0.6216
18872,5.2957,18.0,6.4839319470699435,1.0198487712665407,3205.0,3.0293005671077506,38.09,-122.2,1.719,2.5189183688061285,2.344916080295782,2.3485741045946558,2.035142857142857
1034,3.5,17.0,6.3375,1.2875,607.0,2.529166666666667,38.47,-120.76,1.238,1.1541525770251224,1.2356916093521437,1.0739149810141955,1.380823182711198
11986,2.1764,24.0,4.407365439093485,1.0396600566572238,3996.0,2.2640226628895186,34.02,-117.51,1.353,1.1248742782883316,0.9505585138805701,1.1822015456955337,1.168242424242424
13530,5.5136,19.0,6.6299212598425195,1.0,1176.0,3.0866141732283463,34.18,-117.3,1.371,2.1129956333136612,1.9499454058971,1.8626552652064348,2.097142857142857
4463,2.9167,35.0,4.054644808743169,1.0965391621129326,2230.0,4.061930783242259,34.08,-118.18,1.293,1.9146795832027226,1.8208994421742504,1.7538609710404987,1.3590212765957446
20347,4.2917,5.0,4.890982503364738,0.9663526244952894,1317.0,1.7725437415881562,34.19,-119.0,2.279,2.3541745655385027,2.5530788724715947,2.291289999366223,2.3425576923076923
13112,3.175,11.0,5.476415094339623,1.0825471698113207,1373.0,3.2382075471698113,38.4,-121.35,0.944,1.1768900292664894,1.237535053864841,1.1584745822485485,1.380823182711198
18886,2.9432,49.0,6.029315960912052,1.1596091205211727,849.0,2.765472312703583,38.1,-122.24,1.035,1.949242521949411,1.8032510388971843,1.749684834638641,1.1184398496240606
14808,3.2121,37.0,4.617210682492582,1.0623145400593472,1304.0,1.9347181008902077,32.69,-117.18,3.208,2.1296704734527863,2.444954740120839,1.9777382003534143,3.2665631250000007
20349,7.3004,32.0,5.724137931034483,0.7586206896551724,63.0,2.1724137931034484,34.17,-119.08,1.25,3.745453570030685,4.296228681079767,3.839703034865467,4.148202666666667
971,7.2639,15.0,7.473684210526316,0.9578947368421052,876.0,3.0736842105263156,37.67,-121.9,3.324,3.253019909587482,3.155141916732477,3.149403710516893,3.09925
13338,4.4042,9.0,5.416452442159383,1.056555269922879,1138.0,2.9254498714652954,34.02,-117.65,1.591,1.931543178788396,1.9106828110099798,1.77466571312222,1.4043157894736842
17881,5.9145,35.0,4.849056603773585,0.9371069182389937,1164.0,3.660377358490566,37.4,-122.0,2.369,3.303522492977833,3.21281570872939,3.165932600565312,1.9703333333333335
11517,8.8281,25.0,7.586837294332724,1.0420475319926874,1424.0,2.603290676416819,33.71,-118.05,4.616,4.097177916950109,4.270020618425194,4.308104194235175,4.973133750000001
6243,3.7454,35.0,5.6298076923076925,1.0240384615384615,2176.0,5.230769230769231,34.05,-117.98,1.569,1.9573036386393707,1.5169260655773178,1.7940699911983309,1.7495862068965513
3015,3.0882,14.0,7.001727115716753,1.3592400690846287,1581.0,2.7305699481865284,34.95,-119.16,1.482,1.6955332243690888,1.6058756530576328,1.653365435295843,1.1041718749999998
14664,3.2308,26.0,4.8159090909090905,1.009090909090909,1202.0,2.731818181818182,32.81,-117.13,1.665,1.8902435850209889,1.8608365982191346,1.7871378842649843,1.62219512195122
5802,1.8929,30.0,2.96875,1.0477941176470589,1245.0,2.2886029411764706,34.14,-118.25,1.969,1.5158711779431653,1.6962909258463748,1.44630974393676,2.7975441304347823
4417,2.5428,45.0,3.903052064631957,1.125673249551167,1992.0,3.576301615798923,34.08,-118.26,1.678,1.9225659238075758,2.002199921455933,1.743647704386491,1.6381940298507462
16341,2.2961,10.0,4.308219178082192,0.958904109589041,635.0,4.3493150684931505,38.03,-121.33,1.267,0.9642895859737708,0.9109447734641771,1.0497873441447596,1.3590212765957446
8291,3.5985,36.0,3.8931909212283045,1.048064085447263,1183.0,1.5794392523364487,33.76,-118.15,5.00001,2.3444598401408503,2.8182865198755245,2.1373355396290865,4.200291730769228
1166,1.3654,47.0,5.6,1.2894736842105263,603.0,3.1736842105263157,39.51,-121.56,0.579,0.4887530967339746,0.31703993628703975,0.6540386523458561,0.6606528099173556
17884,5.2937,17.0,5.32890365448505,1.0249169435215948,2286.0,3.79734219269103,37.41,-121.96,2.38,2.8352336420783217,2.717280275485753,2.702354272231592,2.20485294117647
15055,4.5224,24.0,5.450268817204301,0.9973118279569892,2123.0,2.853494623655914,32.79,-116.92,1.42,2.2778662995592542,2.2500547639980137,2.115422651634034,2.2981458333333338
9070,1.1917,32.0,4.311111111111111,0.9185185185185185,588.0,2.1777777777777776,34.71,-118.14,0.869,0.6686575208290555,0.571363499220392,0.8768021779809672,1.4554117647058822
1201,2.0474,37.0,4.957446808510638,1.053191489361702,1505.0,3.202127659574468,39.36,-121.7,0.56,0.7134624036641672,0.5820766766926915,0.8057362734411408,0.7766740740740745
8574,6.6494,35.0,5.06265664160401,1.1303258145363408,724.0,1.8145363408521302,33.88,-118.44,5.00001,3.699301105808467,4.181768743067269,3.6650309630886904,5.000010000000002
14847,2.9318,26.0,5.40669014084507,1.0827464788732395,2156.0,3.795774647887324,32.68,-117.08,1.124,1.7681151900244165,1.4759755179815262,1.715394856414906,1.3503230769230767
16251,2.5,43.0,3.4671052631578947,0.875,367.0,2.414473684210526,37.96,-121.26,0.636,1.4210875165216603,1.221726299680853,1.2737351939173638,1.4082222222222223
17042,7.4787,33.0,6.7910135841170325,1.0428422152560084,2694.0,2.8150470219435735,37.5,-122.28,4.313,3.908543298561172,4.3089758290563465,4.063309007562086,4.580190625
4577,2.2552,14.0,2.4292929292929295,1.1691919191919191,2226.0,2.8106060606060606,34.07,-118.28,2.659,1.7230026056466645,2.1826921024758925,1.6321374223742677,2.1658684868421063
2501,1.8125,25.0,3.782442748091603,1.0381679389312977,941.0,3.5916030534351147,36.76,-120.38,0.58,1.143254499837422,0.9260106650368456,1.1608759373556605,0.53276375
2859,7.7751,13.0,7.9017632241813605,1.0503778337531486,1318.0,3.3198992443324937,35.39,-118.94,1.941,3.1541552119307843,2.9418341274089084,2.9534244288680567,3.21447619047619
10275,3.4856,28.0,4.50294695481336,1.043222003929273,2197.0,4.31630648330059,33.86,-117.87,1.428,1.9618945712156322,1.7345932582822916,1.804562491486236,1.6980914893617025
7247,2.625,33.0,3.9642857142857144,0.9972527472527473,2650.0,3.64010989010989,34.0,-118.11,1.787,1.701599201038972,1.5293494313311022,1.6042737216846255,1.6381940298507462
3682,1.0,34.0,4.878787878787879,1.4545454545454546,66.0,2.0,34.2,-118.42,1.875,1.28909281325681,1.396985608838225,1.2912025285157953,3.173666666666667
11055,4.575,16.0,4.690987124463519,1.0965665236051503,908.0,1.9484978540772533,33.77,-117.85,2.25,2.3926496649375855,2.552261499019486,2.191865109872779,1.7236739130434784
20168,4.8105,23.0,6.17769130998703,1.0739299610894941,2198.0,2.8508430609597926,34.42,-119.28,3.13,2.7068466196755643,2.8628274052102123,2.6289273065969554,2.684588697916666
8875,13.8556,52.0,8.948148148148148,1.0777777777777777,810.0,3.0,34.05,-118.49,5.00001,6.523495899921052,6.37094644236989,9.487661845761485,4.999921329113908
7794,3.2857,37.0,5.12,1.1511111111111112,981.0,4.36,33.89,-118.08,1.536,2.0489173954024453,1.7867217483271327,1.867695377566779,1.7495862068965513
9264,2.5833,26.0,5.05511811023622,0.9409448818897638,820.0,3.2283464566929134,36.9,-119.98,0.623,1.034999424221185,0.9210427219757202,1.0639490642896967,0.7265511811023622
12375,4.084,7.0,9.65879120879121,1.9115384615384616,3581.0,1.9675824175824175,33.74,-116.38,1.945,1.4799773278493218,2.002632913233275,1.383374864601877,2.1130500000000003
11997,4.4762,30.0,6.247685185185185,1.0717592592592593,2672.0,3.0925925925925926,33.94,-117.55,1.639,2.0639634624272913,1.9277484710469046,1.865807889299564,1.6212499999999999
9960,6.9931,25.0,10.1731843575419,1.9217877094972067,349.0,1.9497206703910615,38.36,-122.26,3.988,3.5222289604601595,3.1545554959720628,3.358104674377304,5.00001
18605,4.4597,29.0,5.61578947368421,1.1228070175438596,1722.0,3.0210526315789474,37.14,-122.11,2.041,2.8012945836558982,2.922419282703186,2.6910065272165813,2.288930232558139
20171,4.69,35.0,5.227504244482173,0.9830220713073005,1807.0,3.067911714770798,34.39,-119.3,1.993,2.8367546419722895,3.1302114298581047,2.724857312623858,2.0026875
6649,2.2095,36.0,3.664406779661017,1.1152542372881356,1337.0,2.266101694915254,34.16,-118.13,1.767,1.6227593329704424,1.7840301549010933,1.50384615275828,1.9368387096774196
10796,9.2175,35.0,6.268733850129199,0.9276485788113695,937.0,2.4211886304909562,33.62,-117.91,5.00001,4.420789237090441,4.421378842579038,4.732990345814844,4.9815094117647085
15608,5.5164,15.0,6.644012944983818,1.0388349514563107,993.0,3.2135922330097086,32.75,-116.87,2.489,2.517762897083303,2.5158745648756558,2.359359546660843,2.083030303030303
7346,2.6364,36.0,4.02,1.1,1763.0,5.037142857142857,33.97,-118.14,1.5,1.8319608901036752,1.5000476249010013,1.690339732023642,1.3590212765957446
13377,5.3678,7.0,7.38625,1.090625,5499.0,3.436875,34.14,-117.58,2.317,2.036808036591297,1.8672193254627165,1.9162338667501668,1.7926818181818178
12281,2.3977,11.0,5.483333333333333,1.0916666666666666,376.0,3.1333333333333333,33.97,-116.86,0.58,0.749148584634526,0.9497236101131667,0.91262356536315,0.9232307692307692
1911,4.0313,18.0,15.813953488372093,3.116279069767442,350.0,2.7131782945736433,39.04,-120.16,1.26,1.1661550783966648,1.2519983269881922,1.007805836067969,1.1041718749999998
6951,3.0577,41.0,4.854838709677419,1.0161290322580645,1002.0,4.040322580645161,33.99,-118.07,1.633,1.8672749282724763,1.5753028237531665,1.7060458389040463,1.593
16495,2.9083,32.0,5.586056644880174,1.1176470588235294,1198.0,2.610021786492375,37.8,-120.99,1.134,1.3737157307468,1.2251342378952266,1.2725721484518315,1.2356410256410257
18680,3.1563,22.0,8.420689655172414,2.1517241379310343,1301.0,4.4862068965517246,36.85,-121.91,3.0,2.6389895172466877,2.7430504121081176,2.5328904208832386,3.0425
17011,5.1207,34.0,5.063938618925831,0.9846547314578005,970.0,2.4808184143222505,37.53,-122.28,3.109,3.019795433334012,3.1590946597980527,2.8652553610299982,3.2490572357723586
11370,3.6696,19.0,4.868811881188119,1.2054455445544554,1251.0,3.0965346534653464,33.71,-117.99,2.188,2.160092456597847,2.2179947316257405,2.0057975771278147,1.6980914893617025
2140,2.6726,32.0,5.005102040816326,1.0178571428571428,1005.0,2.563775510204082,36.77,-119.75,0.704,1.1566014104063325,1.0500694602693046,1.1176905204362062,0.7265511811023622
1692,6.5006,16.0,7.445,1.0275,1531.0,3.8275,38.0,-122.25,2.377,2.987597754743049,2.8191080648133457,2.849070836077873,3.1098444444444446
14966,1.8856,17.0,4.62156862745098,1.1745098039215687,1423.0,2.7901960784313724,32.74,-117.0,1.188,1.3250304798634511,1.2238211881123462,1.3737081400845543,1.3769230769230767
2754,1.4828,24.0,4.248322147651007,0.9228187919463087,1083.0,3.634228187919463,32.67,-115.49,0.731,0.4334935392805319,0.2233463790109289,0.7301869578884006,0.6101666666666666
19553,1.0801,28.0,3.2296918767507004,1.1764705882352942,1043.0,2.9215686274509802,37.62,-121.0,0.75,0.9303290644510693,0.9291217530252329,0.996575147118695,2.321653194444445
3481,8.8467,17.0,7.608040201005025,1.0402010050251256,2144.0,3.591289782244556,34.3,-118.52,4.507,3.974888195724339,3.943402948139685,4.139439368431801,4.088347826086957
1457,5.7512,26.0,7.241758241758242,0.967032967032967,817.0,2.9926739926739927,37.97,-121.97,2.402,2.6218618846353348,2.5146683152459115,2.3998145237024544,2.2165000000000004
2698,1.9939,38.0,5.0588235294117645,1.053475935828877,1175.0,3.141711229946524,32.82,-115.38,0.658,0.6921939142901503,0.3972572787653468,0.8285672669741726,0.6719375
13888,2.0,15.0,6.479423868312757,1.4670781893004115,1281.0,2.6358024691358026,34.85,-116.51,0.647,0.25947044522531115,0.788297295184968,0.577856198107856,0.7630526315789475
7983,4.0658,44.0,4.523456790123457,0.9901234567901235,1056.0,2.6074074074074076,33.87,-118.18,1.751,2.4722841706476095,2.6897796905320033,2.2369217027883104,2.0675079006772012
3964,3.5,21.0,4.304913294797688,1.0751445086705202,1824.0,2.6358381502890174,34.2,-118.58,2.237,2.1215940029457725,2.2475981950386377,1.983654022944037,2.0675079006772012
20586,2.7955,23.0,5.442424242424242,1.1515151515151516,939.0,2.8454545454545452,38.69,-122.03,0.963,1.3569602709176338,1.2078393110862298,1.2810213749855976,1.1184398496240606
16872,5.8783,34.0,6.326820603907637,1.0035523978685612,1542.0,2.738898756660746,37.6,-122.42,4.051,3.248030966691031,3.4296354528770325,3.171170024876451,3.384902920353981
16956,5.3261,38.0,6.267515923566879,1.089171974522293,429.0,2.732484076433121,37.53,-122.3,3.768,3.09315799262503,3.220658230721363,2.947569899143258,3.0211829032258066
14459,11.3074,42.0,8.363363363363364,1.1681681681681682,833.0,2.5015015015015014,32.82,-117.31,5.00001,5.432126733327568,5.73530111954676,6.731308900388853,4.913341333333335
803,3.5541,20.0,3.8488372093023258,1.0465116279069768,857.0,1.9930232558139536,37.64,-122.06,3.5,2.2394115161090964,2.315332603644779,2.057854554501646,2.9370703488372105
20355,1.9811,16.0,6.10472972972973,1.1689189189189189,587.0,1.9831081081081081,34.19,-118.96,1.625,1.416779331830703,1.2010263791008193,1.4944455498954445,1.450416666666667
10217,2.9076,52.0,4.386609071274298,1.0928725701943844,1191.0,2.572354211663067,33.87,-117.91,1.773,2.0105153458165037,2.1956220822738657,1.7848350848608532,1.9871230769230763
5116,1.2273,41.0,3.3380681818181817,0.9659090909090909,1241.0,3.5255681818181817,33.96,-118.28,0.984,1.2987466710063416,0.9975121669821034,1.3097641889747011,1.4618837209302329
9992,2.3062,16.0,5.2631578947368425,1.0368421052631578,508.0,2.6736842105263157,39.09,-121.11,1.388,0.4362080171029712,0.9722378298306069,0.6686618331646608,0.8601019387755103
8395,4.875,26.0,6.9,1.15,100.0,5.0,33.96,-118.37,1.75,2.53056500207361,2.2526271741713053,2.3641915555910176,2.1734680851063817
18534,2.5417,43.0,4.6594827586206895,1.0969827586206897,1208.0,2.603448275862069,36.97,-122.01,2.609,2.205096263352493,2.3249840999388116,2.073201203177054,1.6771111111111112
2797,2.2574,23.0,6.018229166666667,1.2682291666666667,1019.0,2.6536458333333335,36.63,-118.18,1.047,0.33143258169120604,0.7446597153885424,0.5901865874455052,0.4948
11218,4.6696,17.0,4.841911764705882,0.9411764705882353,679.0,2.4963235294117645,33.8,-117.92,1.595,2.3208118744296127,2.3660213051319987,2.138543590462656,2.0204405504587157
8610,5.0784,37.0,6.096551724137931,1.0827586206896551,802.0,2.7655172413793103,33.86,-118.36,2.959,2.8193133670554555,3.055164887237672,2.638691941589195,2.684588697916666
14649,3.2679,30.0,3.9,1.125,77.0,1.925,32.77,-117.2,1.375,2.2017927242890725,2.5618917891228223,2.0176959815984263,2.2976666666666667
9854,6.918,32.0,6.87719298245614,0.9824561403508771,262.0,2.2982456140350878,36.59,-121.89,5.00001,3.8089515017736892,4.3840731171605745,3.9986815830752587,4.580190625
10476,5.4622,17.0,6.417910447761194,1.0776119402985074,1194.0,3.564179104477612,33.6,-117.69,2.27,2.5683177140745577,2.4885277881944132,2.3905701941563984,2.20485294117647
5711,3.4531,41.0,5.105154639175257,1.043298969072165,1271.0,2.620618556701031,34.22,-118.24,2.639,2.016727647737781,2.028429545403482,1.8211657002273873,2.0675079006772012
13206,3.625,16.0,4.404833836858006,0.8912386706948641,912.0,2.7552870090634443,34.06,-117.71,1.604,1.6555843543140987,1.6181281581318414,1.5463731672996763,2.0675079006772012
5107,3.0682,43.0,5.340101522842639,0.9974619289340102,1132.0,2.8730964467005076,33.94,-118.31,1.42,1.9459029710374884,1.8987980666543787,1.8059742766152636,1.417333333333333
7030,4.0357,36.0,5.103448275862069,1.0344827586206897,946.0,4.077586206896552,33.96,-118.1,1.625,2.266759238781595,2.04821027342709,2.0531960845896218,1.6980914893617025
8460,3.5313,39.0,5.660194174757281,1.0776699029126213,640.0,3.1067961165048543,33.9,-118.36,2.304,2.176778438659908,2.1817041374305477,2.0113748103728333,2.0095447154471544
17148,7.3681,38.0,6.815789473684211,0.9924812030075187,1350.0,2.537593984962406,37.43,-122.2,5.00001,3.8634407520727647,4.204230606211969,3.9592791656181063,4.580190625
17965,4.7083,20.0,5.521039603960396,1.0693069306930694,2042.0,2.527227722772277,37.32,-121.99,2.177,2.6685876886124262,2.6995822215879133,2.5380736954925656,2.59930025
9002,3.825,48.0,6.168421052631579,1.0789473684210527,497.0,2.6157894736842104,33.99,-118.34,1.83,2.289962976854546,2.4606344698296843,2.0827548268735536,2.2003333333333335
17841,3.3884,17.0,4.2933168316831685,1.108910891089109,2762.0,3.4183168316831685,37.43,-121.88,2.458,2.1311427675202586,2.103875199901577,2.000901084905523,1.6980914893617025
19167,1.6267,23.0,4.263586956521739,1.125,1031.0,2.801630434782609,38.42,-122.71,1.292,1.3653952536187788,1.110304613244701,1.365267732139968,1.7795333333333332
9243,1.4712,12.0,5.251937984496124,1.1143410852713178,1724.0,3.3410852713178296,36.98,-120.06,0.604,0.5102912369374306,0.5639835322181856,0.7963889777022857,0.8206028708133976
2559,1.75,50.0,4.096385542168675,0.891566265060241,235.0,2.8313253012048194,40.81,-124.15,0.675,1.1438256547431793,0.7159699997243458,1.0887490223454095,0.8393333333333333
18674,4.4485,21.0,6.097039473684211,1.2351973684210527,1420.0,2.335526315789474,36.97,-121.9,2.952,2.730460295264169,2.8798228910579993,2.6297188874733832,2.9370703488372105
11678,5.2548,35.0,6.018115942028985,0.9855072463768116,949.0,3.4384057971014492,33.85,-117.99,1.926,2.6535769177100583,2.601453460613162,2.43180639498113,2.20485294117647
6933,3.5469,36.0,4.283625730994152,1.0614035087719298,1538.0,4.497076023391813,34.01,-118.09,1.506,2.141625553006249,1.8985304649783377,1.9315466021917809,1.6980914893617025
9042,4.6417,17.0,6.8292011019283745,1.0743801652892562,1219.0,3.3581267217630852,34.69,-118.12,1.257,1.8765237875748344,1.793661160882956,1.7106133205280925,1.4928
19688,2.2431,41.0,4.799163179916318,1.0167364016736402,583.0,2.4393305439330546,39.13,-121.62,0.634,0.8975523659648768,0.7568690174108184,0.903178904843136,0.7766740740740745
12868,4.5432,2.0,7.6216498433693,1.222763661677689,8652.0,3.011486251305256,38.72,-121.35,1.513,1.4001933216483582,1.587941075435303,1.3686014809227895,1.6465507246376807
3984,6.0094,30.0,6.363395225464191,0.9893899204244032,1062.0,2.816976127320955,34.19,-118.64,2.456,3.0451282265109167,3.2181522458626333,2.9058515178509956,3.384902920353981
11037,12.2092,20.0,8.836990595611285,1.0,1019.0,3.19435736677116,33.82,-117.81,5.00001,5.226939569568529,4.564419308692218,6.2888766375397,4.994736363636365
5601,4.0,38.0,4.391044776119403,0.982089552238806,1207.0,3.6029850746268655,33.8,-118.28,1.655,2.4633926811673965,2.4949617513161324,2.2652485494239505,1.6980914893617025
13445,3.3553,21.0,5.517515923566879,1.017515923566879,2292.0,3.6496815286624202,34.07,-117.45,1.135,1.4219549136732137,1.1750733848456882,1.368267262575603,1.1491942446043166
16169,2.9201,32.0,3.7255244755244754,1.0926573426573427,1229.0,2.1486013986013988,37.79,-122.55,3.222,2.2712332755228846,2.4730030278929904,2.101544748458535,3.524500454545454
8843,3.6207,27.0,3.9307201458523244,1.1066545123062899,1634.0,1.4895168641750227,34.09,-118.39,3.625,2.2731188215367095,2.7154765931004508,2.0830641632178786,4.200291730769228
19855,2.3365,22.0,6.468085106382978,1.1808510638297873,1076.0,3.8156028368794326,36.35,-119.45,0.696,0.8974290749621707,0.7796998863883038,1.0009760228815177,0.5483333333333333
7434,2.84,41.0,4.07900677200903,0.9977426636568849,1628.0,3.674943566591422,33.94,-118.21,1.561,1.9326040512530533,1.8171120577780977,1.775210277212346,1.6381940298507462
14763,2.0734,21.0,3.833605220228385,1.0880913539967374,1621.0,2.6443719412724307,32.59,-117.1,0.875,1.584136807424033,1.612085324303879,1.571161692128189,1.171109589041096
11617,3.6442,17.0,4.584586466165414,1.0413533834586466,1161.0,2.1823308270676693,33.8,-118.07,1.931,2.036113048057372,2.162115377736354,1.9074610329775417,1.7236739130434784
11217,4.2731,34.0,5.451117318435754,1.0013966480446927,2054.0,2.868715083798883,33.8,-117.93,2.18,2.280489691586671,2.2773021276305383,2.0896710542045738,2.3668121212121216
7497,2.0486,42.0,4.385057471264368,1.0977011494252873,754.0,4.333333333333333,33.93,-118.25,1.018,1.6487842128200578,1.2879464837931718,1.5533259698921542,1.168242424242424
4985,1.6892,52.0,5.586956521739131,1.1195652173913044,939.0,3.402173913043478,34.0,-118.31,1.291,1.4532186449958815,1.1365173888480362,1.412223373965808,1.168242424242424
16424,2.6842,44.0,5.169642857142857,1.0089285714285714,1094.0,4.883928571428571,37.88,-121.38,1.563,1.483825291746876,0.8895583042401056,1.3533853478195357,1.6771111111111112
14513,4.8229,10.0,5.4,0.9908045977011494,1598.0,3.6735632183908047,32.91,-117.15,1.832,2.32520820331794,2.240468288377735,2.1955053003674516,1.797610169491524
7439,2.3882,42.0,3.786697247706422,1.061926605504587,1559.0,3.5756880733944953,33.95,-118.19,1.481,1.8135488635528363,1.759867933540634,1.6694102681532619,1.6381940298507462
4678,15.0001,52.0,8.78061224489796,0.9948979591836735,688.0,3.510204081632653,34.08,-118.34,5.00001,6.913557001141341,5.900394379550504,10.639014489117187,4.999921329113908
10806,5.6637,20.0,5.686396677050882,1.1142263759086188,2327.0,2.416407061266874,33.65,-117.94,2.221,2.8959708547870227,3.1190354145518517,2.7449480181795494,3.0636666666666668
4148,3.3326,52.0,3.8916256157635467,1.0492610837438423,1462.0,3.600985221674877,34.12,-118.2,1.676,2.2447409927793474,2.3016814730666617,1.9788412157405513,1.813153846153846
5815,2.506,25.0,3.374717832957111,1.0474040632054176,5217.0,2.944130925507901,34.14,-118.25,1.845,1.681588444685142,1.8802040375157354,1.6188865211447352,2.1658684868421063
15806,3.3702,52.0,4.576744186046511,1.0976744186046512,784.0,1.8232558139534885,37.76,-122.44,3.7,2.533557180773661,2.952549742363634,2.2941344869445115,3.2665631250000007
16040,3.5156,42.0,4.794621026894865,1.0440097799511003,1211.0,2.960880195599022,37.71,-122.47,2.394,2.4617780410875794,2.4994294989581762,2.2730471095996854,2.0675079006772012
7014,3.9773,36.0,5.242718446601942,0.9644012944983819,1258.0,4.0711974110032365,33.97,-118.08,1.667,2.155014620500179,1.9069351226441449,1.96325346755154,1.7495862068965513
6866,2.4286,25.0,4.0462633451957295,1.0427046263345197,800.0,2.8469750889679717,34.06,-118.12,2.333,1.546872216203164,1.4933314297211076,1.4816197317384994,1.8302134831460672
18536,2.5368,35.0,4.201570680628272,1.0261780104712042,743.0,1.9450261780104712,36.97,-122.01,2.4,2.1293901460269398,2.275728158340152,2.015917873849931,2.1326419402985084
1870,2.32,25.0,4.517676767676767,1.3535353535353536,1134.0,2.8636363636363638,38.95,-119.94,0.913,0.41926211536395463,0.617207769275355,0.5714244643025936,1.0022857142857144
3572,8.6454,31.0,8.062404870624048,1.0106544901065448,1986.0,3.0228310502283104,34.24,-118.51,4.835,3.964712284200204,4.219447699424388,4.097090869391243,4.998052340425534
7256,3.6583,37.0,4.382352941176471,1.0980392156862746,1233.0,4.029411764705882,34.0,-118.16,1.505,2.2546735499613613,2.1250346476277833,2.0313697244113933,1.6980914893617025
19572,2.0493,19.0,4.186486486486486,0.9972972972972973,770.0,2.081081081081081,37.58,-120.94,0.995,1.0136398380911598,1.0924468948657773,1.070855166417703,1.343294117647059
3739,2.9327,42.0,4.7270531400966185,0.9396135265700483,985.0,2.3792270531400965,34.18,-118.39,2.402,1.8416691008718789,1.8503294298544166,1.6998090573322395,2.0373124999999996
351,2.5122,45.0,4.75,1.06198347107438,1437.0,2.96900826446281,37.76,-122.16,0.955,1.9044027472604068,1.7593265080691218,1.7460437099526858,1.6771111111111112
10743,10.3682,37.0,8.077922077922079,1.1233766233766234,394.0,2.5584415584415585,33.61,-117.92,5.00001,4.895849343793307,4.863541633327215,5.584726239717073,4.999921329113908
6472,4.2898,40.0,5.224867724867725,1.029100529100529,1116.0,2.9523809523809526,34.09,-118.06,2.516,2.3321770961648145,2.304346605565512,2.084337264941251,2.0026875
15062,1.3291,16.0,3.8318670576735094,1.0694037145650048,2612.0,2.5532746823069403,32.8,-116.96,1.208,1.0365803436209982,0.8360392570221198,1.1840438814309304,1.171109589041096
12973,4.1563,26.0,5.684426229508197,0.9262295081967213,807.0,3.307377049180328,38.67,-121.31,1.357,1.4851791293976109,1.2857983116279408,1.3063098081994995,1.3038571428571426
3941,4.8333,34.0,4.647859922178989,1.0136186770428015,1560.0,3.035019455252918,34.21,-118.59,2.254,2.755017976761661,2.910025574084182,2.549095338414376,2.0026875
4115,4.0439,27.0,4.9875,1.115,1417.0,1.77125,34.14,-118.42,5.00001,2.3306767097626353,2.596645311597886,2.1451569562622064,3.6249470270270288
3366,3.4643,16.0,5.072423398328691,1.0027855153203342,969.0,2.6991643454039,40.31,-120.49,0.851,0.17059786064644955,1.0253396766580327,0.4345426484392759,1.1340000000000001
9022,5.8788,12.0,7.780310880829015,1.0963730569948187,2484.0,2.5740932642487047,34.11,-118.84,5.00001,2.83883454516444,2.96482398344756,2.8130604615399473,2.2755714285714284
7438,3.0833,41.0,4.384615384615385,0.9903846153846154,1244.0,3.9871794871794872,33.95,-118.19,1.648,1.9851218078812214,1.7742015249826835,1.814244411121968,1.6980914893617025
13003,2.7388,15.0,4.077071290944123,1.0096339113680155,866.0,1.6685934489402698,38.67,-121.27,1.116,0.9940685326251042,1.2398949378614883,0.9977736144096312,1.4082222222222223
12896,3.8068,12.0,4.906194690265487,1.023008849557522,1335.0,2.3628318584070795,38.64,-121.34,1.61,1.3918581504502303,1.4309636846396068,1.2649482104254082,1.1088
1642,5.5601,4.0,7.220008478168715,1.079270877490462,7653.0,3.2441712590080543,37.97,-121.78,2.137,2.3156013673909968,2.135471116480103,2.2159223008370654,2.184285714285714
20089,2.9457,21.0,10.845814977973568,2.1277533039647576,1175.0,2.5881057268722465,38.03,-120.25,1.165,1.0085656450600489,1.2790930396377698,0.998865817359528,1.2190833333333335
18505,9.5908,37.0,4.352941176470588,1.1176470588235294,63.0,3.7058823529411766,37.14,-121.98,3.5,5.277552315280958,4.510119733642196,6.307698933831227,4.3574019999999996
8344,4.0625,35.0,4.794466403162056,1.1225296442687747,742.0,2.932806324110672,33.93,-118.34,1.599,2.497252227563349,2.636971246987417,2.2860777119442695,2.0675079006772012
4219,3.1445,45.0,4.840361445783133,0.9969879518072289,633.0,1.9066265060240963,34.11,-118.28,4.383,1.9808887025757147,2.168714183304102,1.7939928469742523,3.2665631250000007
1713,4.6944,26.0,6.157258064516129,0.9919354838709677,1495.0,3.0141129032258065,38.01,-122.32,1.711,2.434503146577522,2.254561562101663,2.2523284771483647,1.6033541666666669
8785,3.6797,21.0,4.233418367346939,1.0420918367346939,3240.0,2.066326530612245,33.79,-118.32,2.711,2.24363800520094,2.5188151692711687,2.1283008993860233,3.1287999999999996
17306,2.7275,17.0,5.574285714285714,1.0514285714285714,681.0,1.9457142857142857,34.38,-119.55,5.00001,1.9108669679259813,1.8491396515774465,1.9157702988050485,3.048625
19558,2.5993,33.0,4.1016260162601625,0.967479674796748,1027.0,4.17479674796748,37.6,-121.02,0.68,1.4020604760395694,0.9838124366268779,1.2990570953283815,1.3590212765957446
3820,2.6957,23.0,3.667953667953668,1.111969111969112,2249.0,2.8944658944658945,34.2,-118.48,1.917,1.8424188800457308,1.9932036143314231,1.733829266200587,2.1658684868421063
11581,5.8053,24.0,6.4576271186440675,0.9813559322033898,1818.0,3.08135593220339,33.77,-118.03,2.559,2.786579607503147,2.821338976389508,2.6306959706892985,2.669019607843137
4484,2.2961,46.0,3.4318181818181817,0.9015151515151515,533.0,4.037878787878788,34.06,-118.2,1.125,1.687874860145247,1.3692428450106549,1.5501766458389832,1.3590212765957446
14734,3.7292,14.0,5.423931623931624,1.0239316239316238,1451.0,2.4803418803418804,32.81,-117.02,1.822,1.8864846515976075,1.87367591136592,1.8057214097007535,1.4865625000000005
119,5.2868,47.0,6.546391752577319,0.9360824742268041,1098.0,2.263917525773196,37.84,-122.23,3.476,2.848559487760996,3.0059937847576057,2.6252347900238013,3.2490572357723586
18018,5.0863,30.0,5.4784053156146175,1.053156146179402,1532.0,2.5448504983388704,37.25,-121.95,3.32,2.9410488924096496,3.079598574426904,2.7954560599707188,2.684588697916666
16497,2.7857,20.0,5.11018711018711,1.0207900207900207,1227.0,2.550935550935551,37.79,-120.98,1.109,1.1848601644564596,1.1559510335838374,1.1703853055252482,1.2356410256410257
3711,3.6875,13.0,4.049166666666666,1.0775,3351.0,2.7925,34.2,-118.4,2.119,2.079591586604368,2.2583349060620477,1.956397096614774,2.0675079006772012
3901,4.2344,33.0,4.930084745762712,1.0148305084745763,1166.0,2.4703389830508473,34.2,-118.51,2.625,2.4150186401510583,2.5517669914717978,2.2137909825620143,2.3668121212121216
20149,4.075,28.0,5.815831987075929,1.0347334410339257,3793.0,3.0638126009693054,34.38,-119.12,2.379,2.3828068233131243,2.3611692413108227,2.2975704097153944,2.0095447154471544
7495,2.85,38.0,3.2142857142857144,0.7678571428571429,246.0,4.392857142857143,33.93,-118.25,0.9,1.8563442356784474,1.4940069186629903,1.711852035705956,1.3590212765957446
8673,4.5179,35.0,5.1980676328502415,1.0966183574879227,902.0,2.178743961352657,33.83,-118.38,4.272,2.6931749323544336,3.0534920588360013,2.5065959550633536,3.2580940654205603
14548,5.9806,15.0,6.094594594594595,1.1452702702702702,673.0,2.2736486486486487,32.94,-117.25,3.705,2.9661606868217567,3.1128683938624517,2.823221123184255,4.085835
1077,3.0625,8.0,5.283194057567316,1.1039925719591457,2887.0,2.680594243268338,39.73,-121.79,1.163,0.7692658689665473,1.2019486858413166,0.8611828502221581,0.9439714285714282
11688,2.735,18.0,4.049306625577812,1.1093990755007703,2276.0,3.5069337442218798,33.88,-118.0,1.708,1.6863272519726,1.647652915073751,1.6137626631217383,1.6381940298507462
3474,6.6458,31.0,5.965986394557823,0.9948979591836735,1957.0,3.328231292517007,34.28,-118.49,2.855,3.2872556820400938,3.328512356052327,3.1465501598695678,3.384902920353981
11915,3.1384,46.0,5.627249357326479,1.0874035989717223,866.0,2.2262210796915167,33.95,-117.4,1.115,1.6455467558706303,1.5905290131545309,1.4727589109197456,1.16325
2189,3.6,22.0,4.851449275362318,0.9094202898550725,820.0,2.971014492753623,36.72,-120.08,0.832,1.5725398612065997,1.4402350596070612,1.4401279227511705,2.0675079006772012
936,5.0838,20.0,6.116037735849057,1.0075471698113208,3526.0,3.3264150943396227,37.54,-122.06,2.482,2.6474961877657774,2.5246657917070854,2.5289431820583155,2.288930232558139
17038,4.6366,40.0,5.311764705882353,1.0215686274509803,1156.0,2.2666666666666666,37.49,-122.25,3.955,2.8634417581792806,3.1025398466770966,2.687651049225366,3.2580940654205603
5900,3.1823,12.0,3.7505882352941176,1.0952941176470588,2118.0,2.491764705882353,34.17,-118.31,2.183,1.871076886936291,2.0626587225850637,1.7625972744197522,2.0675079006772012
18294,7.6229,35.0,7.2251461988304095,1.0204678362573099,881.0,2.5760233918128654,37.39,-122.1,5.00001,3.894261966726987,4.133798739960555,4.000551868035255,4.580190625
1182,2.9965,20.0,5.839160839160839,1.0909090909090908,1174.0,2.7365967365967365,39.49,-121.49,0.889,0.7514515063068248,1.021841835880725,0.8261345993950708,0.7345217391304347
606,2.8512,43.0,5.545774647887324,1.1408450704225352,740.0,2.6056338028169015,37.69,-122.08,1.81,1.9980623452474044,1.9011885619430384,1.8233456873496876,1.6771111111111112
17466,5.4197,24.0,5.923497267759563,1.0191256830601092,934.0,2.551912568306011,34.45,-119.83,2.809,3.207897225635543,3.6856661873011234,3.2509947727288937,3.2490572357723586
4720,3.0862,35.0,4.6978967495219885,1.0554493307839388,1159.0,2.216061185468451,34.05,-118.37,3.453,1.982903863316971,2.1133149156482416,1.833264803685168,2.835598712121211
6285,4.9342,23.0,5.735798016230839,1.0532010820559061,4580.0,4.129846708746618,34.04,-117.93,1.81,2.365280274893795,2.3139858934399204,2.1899104807547025,2.1734680851063817
7071,5.3016,33.0,6.123393316195373,1.038560411311054,1339.0,3.442159383033419,33.94,-118.02,1.922,2.658116676438002,2.6008128363286613,2.435770032671087,2.20485294117647
20635,1.5603,25.0,5.045454545454546,1.1333333333333333,845.0,2.5606060606060606,39.48,-121.09,0.781,0.11879577460246504,0.6528949158812083,0.48619264685982494,0.6606528099173556
19516,1.3036,52.0,9.136363636363637,1.5909090909090908,74.0,3.3636363636363638,37.64,-121.01,0.75,0.8564740449853578,0.45918516524639164,0.9579508181628746,1.9315016666666667
1599,8.0448,35.0,7.672176308539945,0.9972451790633609,1001.0,2.757575757575758,37.88,-122.12,4.333,3.812334034874781,3.7671520805679837,3.803878847465004,4.4698787499999995
6149,4.0,26.0,5.068840579710145,1.0036231884057971,1285.0,4.655797101449275,34.1,-117.97,1.601,2.015719397153613,1.6514773005044177,1.8349495557231537,1.6980914893617025
12164,2.5221,7.0,5.098591549295775,1.087323943661972,931.0,2.6225352112676057,33.74,-117.22,1.092,1.0634753475970964,1.179197701141085,1.1502630425718459,0.9443571428571428
12827,4.0625,10.0,5.916859122401847,1.0623556581986142,1478.0,3.4133949191685913,38.7,-121.42,0.962,1.398825786669187,1.4350310241968611,1.2855721636017168,1.380823182711198
11799,4.4769,16.0,5.8655462184873945,1.0028011204481793,1092.0,3.0588235294117645,38.87,-121.27,1.914,1.468403292993394,1.4076470387291071,1.2895646893113217,1.6465507246376807
11716,5.5456,18.0,36.075471698113205,5.273584905660377,241.0,2.2735849056603774,39.19,-120.1,3.6,0.9491284335342138,5.226415694115402,0.9924163855957044,1.6456666666666666
19275,5.038,9.0,5.428415300546448,0.9672131147540983,2581.0,2.8207650273224045,38.42,-122.79,1.856,2.5240831055963127,2.343926684662285,2.3854047559117975,1.782875
12273,2.3355,18.0,5.711722488038277,1.0598086124401913,1868.0,2.2344497607655502,33.97,-117.01,1.188,0.8013933865457454,0.7796821171065234,0.9583834611576385,1.0660612244897962
208,1.6198,30.0,4.357142857142857,1.0357142857142858,425.0,3.0357142857142856,37.79,-122.23,1.227,1.4056018117977604,1.0584198062688261,1.3975463317573977,1.138411764705883
13375,5.3638,3.0,6.444695259593679,1.0372460496613995,2874.0,3.2437923250564333,34.14,-117.55,2.063,2.063425914915957,2.010712225510055,1.9023734290685153,2.083030303030303
13416,4.3397,24.0,6.508045977011494,1.0988505747126436,1582.0,3.636781609195402,34.06,-117.46,1.956,1.8443661330820227,1.6440872944884708,1.670471082359902,1.3805932203389832
14274,1.875,48.0,3.4025974025974026,0.9956709956709957,917.0,3.9696969696969697,32.7,-117.13,0.756,1.7020388534416746,1.522883330686155,1.5921276038104488,1.0891764705882352
19745,3.5,10.0,5.72791519434629,1.1236749116607774,866.0,3.060070671378092,40.25,-122.35,1.043,0.9729274156608527,1.245509364659665,0.9596867440707062,1.380823182711198
4104,4.3333,39.0,5.7913669064748206,1.0,511.0,1.8381294964028776,34.13,-118.35,3.859,2.363458458617755,2.597508046027463,2.1493060583703354,3.6249470270270288
14146,2.7661,38.0,4.682266009852217,0.9655172413793104,1099.0,2.706896551724138,32.74,-117.07,1.139,1.7844521829653572,1.7267224485962809,1.6823607527724858,1.3503230769230767
1788,1.6,43.0,3.324324324324324,0.963963963963964,371.0,3.3423423423423424,37.94,-122.36,0.794,1.5867546380651059,1.283838392191959,1.4888710449968126,3.0353366666666663
2174,2.0446,9.0,4.035335689045937,1.1095406360424027,620.0,2.1908127208480566,36.77,-119.85,0.813,0.8880393292107347,1.2014554377429456,0.9850920646574319,0.6422727272727272
8393,3.0393,17.0,4.235802469135803,1.1530864197530863,2365.0,2.919753086419753,33.96,-118.36,1.292,1.9487904539946233,2.0868728836424557,1.8522873090881493,2.1658684868421063
3335,1.5739,16.0,5.914572864321608,1.2060301507537687,519.0,2.608040201005025,38.87,-122.64,0.735,0.9159443075559355,0.7421662501880502,1.0556657279798056,1.7327142857142857
1427,4.5707,27.0,5.489795918367347,0.95578231292517,1666.0,2.8333333333333335,38.01,-122.03,1.759,2.3172418915340036,2.1188945618285855,2.099842256454817,1.7446666666666664
3503,3.3603,29.0,4.584905660377358,1.1293800539083558,1616.0,4.355795148247979,34.27,-118.44,1.424,2.04890531650482,1.8533290033269365,1.879882805333903,1.6980914893617025
4741,2.5806,47.0,4.739057239057239,1.1430976430976432,1533.0,2.580808080808081,34.05,-118.35,2.341,1.9255907463039845,2.1066600235842805,1.7618039588557277,1.417333333333333
17013,3.5445,25.0,3.872651356993737,1.0594989561586639,2068.0,2.1586638830897704,37.53,-122.28,2.867,2.429510619927145,2.6553923590785207,2.2759386902320813,2.30386
13143,2.8616,47.0,6.4036697247706424,1.165137614678899,630.0,2.889908256880734,38.29,-121.54,0.925,1.467994656977528,1.2084899996650749,1.3164602773832432,1.1184398496240606
15144,3.8073,14.0,5.111111111111111,1.0956072351421189,1085.0,2.8036175710594313,32.82,-116.91,1.701,1.9639336793252478,1.9773309651412636,1.8420210616297288,1.4865625000000005
9875,2.7708,33.0,4.564432989690721,1.0257731958762886,1037.0,2.672680412371134,36.62,-121.83,1.618,2.235562408007826,2.2451969244210583,2.145856315779965,1.6771111111111112
8139,5.1171,36.0,6.6454545454545455,1.059090909090909,664.0,3.018181818181818,33.83,-118.11,2.253,2.644280920163639,2.7361850750547503,2.442516277712057,2.5369416788321173
8410,2.3375,33.0,3.6363636363636362,1.0267379679144386,2649.0,4.721925133689839,33.93,-118.35,1.706,1.7657994259134107,1.5168333938692726,1.6803039353773852,1.575285714285714
5379,3.0574,25.0,3.7658643326039387,1.148796498905908,1890.0,2.0678336980306344,34.03,-118.39,3.194,2.076894219012382,2.4571138372478036,1.9247420333768206,2.704666781609195
3045,3.2279,28.0,5.731578947368421,0.9421052631578948,544.0,2.863157894736842,35.51,-119.27,0.958,1.5385758976710688,1.4217388328988516,1.4579016913090177,0.8624959349593496
12299,2.218,35.0,5.276393831553974,1.0747330960854093,2736.0,3.2455516014234878,33.94,-116.87,0.734,0.925908148690171,0.6222747384166807,0.9980574114731942,0.9232307692307692
11863,3.5962,36.0,6.095419847328245,1.1488549618320612,632.0,2.4122137404580153,40.31,-121.24,0.936,0.7394743429530481,0.6708407057998247,0.7175411097848878,1.2685925925925925
2235,1.7926,22.0,3.8708860759493673,0.9493670886075949,1543.0,3.9063291139240506,36.84,-119.79,0.517,0.7328992229186666,0.6043778353570526,0.8824591932201473,0.53276375
5468,2.8514,52.0,3.8017543859649123,1.0912280701754387,1095.0,1.9210526315789473,33.99,-118.47,3.587,2.251131127307653,2.8616568653090937,2.025879366601524,2.704666781609195
2267,1.6854,18.0,4.756535947712418,1.1756535947712419,3415.0,2.790032679738562,36.79,-119.82,0.647,0.74803589785324,0.8056609573267128,0.9166433114804371,0.656358695652174
15227,6.4027,11.0,6.92042755344418,1.0475059382422802,2588.0,3.0736342042755345,33.05,-117.24,3.442,2.881019234883879,2.920640683856657,2.7732891499208914,2.8781515151515156
9300,5.6512,33.0,6.7643718949609655,1.0553584102200142,3798.0,2.695528743789922,38.02,-122.57,3.14,3.007341441857803,3.1621541548709287,2.89033029500409,2.8642857142857143
5394,2.6402,43.0,3.707317073170732,1.0365853658536586,705.0,2.8658536585365852,34.03,-118.38,1.857,1.9793402956315145,2.091780199765653,1.7999265845235555,2.1658684868421063
1504,5.5777,21.0,7.51831750339213,1.0529172320217097,2214.0,3.004070556309362,37.94,-122.03,2.793,2.564289802915669,2.4412044756838354,2.3861312586402588,2.5369416788321173
503,2.9018,52.0,4.621212121212121,1.0984848484848484,281.0,2.128787878787879,37.85,-122.28,1.194,2.211317484301932,2.3540028467304825,1.9687551408926227,2.846458333333334
17997,5.4386,33.0,6.178343949044586,1.0414012738853504,877.0,2.7929936305732483,37.28,-121.96,2.804,3.0249629710398174,3.102365823775197,2.8808909666758673,3.0211829032258066
1272,4.8958,17.0,7.348314606741573,1.0898876404494382,825.0,3.0898876404494384,37.91,-121.7,1.871,2.14134650228565,2.044195587909142,1.9527413252673815,1.6033541666666669
2602,2.1542,17.0,7.045045045045045,1.554054054054054,517.0,2.328828828828829,41.01,-123.52,0.838,0.8034699774977596,0.9389794063751784,0.8818686927553498,0.8601019387755103
6779,3.5875,39.0,4.921052631578948,1.093984962406015,1314.0,2.469924812030075,34.11,-118.15,3.093,2.127567161215053,2.228229636554071,1.9138033434103736,2.0675079006772012
18926,6.4232,7.0,6.707512764405544,1.0145878920495988,8276.0,3.0182348650619986,38.08,-122.17,2.292,2.8670732303519877,2.8607567183692844,2.8021701265253984,2.8781515151515156
18514,2.7875,30.0,4.707423580786026,1.0633187772925765,1023.0,2.2336244541484715,36.99,-122.02,2.45,2.154310037753407,2.176321886724688,2.055792332582883,2.0550312500000003
8137,5.5196,45.0,5.444444444444445,1.0123456790123457,1474.0,2.599647266313933,33.83,-118.13,2.276,3.0324012352961747,3.362508666806309,2.8165371511643436,2.85207862745098
5348,5.0151,33.0,4.8042763157894735,1.0723684210526316,1124.0,1.8486842105263157,34.05,-118.42,5.00001,2.8520873253731547,3.223067881518827,2.6437284985698213,4.200291730769228
16614,3.4799,16.0,6.563897763578275,1.2747603833865815,1298.0,2.073482428115016,35.58,-121.12,3.208,2.467052468505609,2.519229471020728,2.475747790939332,1.9416428571428568
13005,3.75,16.0,5.768718801996672,1.0232945091514143,1478.0,2.459234608985025,38.68,-121.28,1.473,1.255680435874558,1.3304137585138502,1.1743364420944933,1.380823182711198
14945,5.1098,16.0,5.814878892733564,0.9290657439446367,1754.0,3.0346020761245676,32.74,-116.98,1.623,2.412334770571323,2.373183732017456,2.275915654497224,2.083030303030303
10475,6.8154,24.0,7.640625,1.0234375,969.0,3.78515625,33.6,-117.68,2.659,3.045659069742333,3.0366990119962445,2.8896647661931407,2.7542142857142857
8639,6.822,41.0,4.982352941176471,1.0176470588235293,344.0,2.023529411764706,33.87,-118.43,5.00001,3.756642591369185,4.190543441710859,3.7232949748384288,4.036144285714285
14515,4.3598,5.0,4.694033935413246,1.0684181718664478,5006.0,2.7400109469074985,32.89,-117.16,1.891,2.22575832145362,2.3642942772490425,2.146224295788402,2.2981458333333338
15044,7.5,15.0,8.579281183932347,1.080338266384778,1580.0,3.3403805496828753,32.78,-116.91,3.164,3.204709873836886,3.3605650646019933,3.135210353004239,4.46529
3668,3.0083,18.0,4.283018867924528,1.0452830188679245,3001.0,3.7748427672955973,34.23,-118.39,1.819,1.7497183341710558,1.6101677977576618,1.6780569573786188,1.6381940298507462
14020,3.1921,27.0,3.957627118644068,1.023728813559322,982.0,1.664406779661017,32.74,-117.16,2.615,2.046521190872629,2.376086391446631,1.9083997346625234,2.2354444444444446
13506,1.3417,33.0,4.421800947867299,1.037914691943128,838.0,3.971563981042654,34.12,-117.33,0.69,0.7150780470897451,0.3417282281252183,0.8841060504584515,0.7630526315789475
15898,2.1484,52.0,5.1923076923076925,1.3076923076923077,93.0,3.576923076923077,37.72,-122.39,1.813,2.0642520417499917,1.878210724866909,1.8702677692651375,1.7327142857142857
8599,4.9375,19.0,4.617647058823529,1.056985294117647,1275.0,2.34375,33.87,-118.36,2.93,2.73958700479597,2.978676816504006,2.5814574195406523,3.7514455555555557
13526,4.3676,28.0,6.392857142857143,1.0119047619047619,1304.0,3.104761904761905,34.18,-117.3,1.111,1.7245674114059246,1.5465333910423342,1.5438221081973778,1.3805932203389832
7948,4.8667,44.0,5.990610328638498,1.0985915492957747,538.0,2.5258215962441315,33.86,-118.14,2.183,2.7238285044647155,2.958494028655728,2.48579901253658,2.974310344827586
4518,2.181,36.0,3.399581589958159,1.0251046025104602,2003.0,4.190376569037657,34.04,-118.2,1.472,1.6446283279475544,1.4376301659805835,1.5468206432947347,1.4618837209302329
20311,2.0368,37.0,5.662650602409639,1.2650602409638554,522.0,6.289156626506024,34.17,-119.11,2.438,1.8341906809596626,1.047215608026142,1.7761215180799725,1.450416666666667
5963,4.5708,25.0,5.6883835279655806,1.0196681007990165,4944.0,3.038721573448064,34.11,-117.85,2.23,2.1402932110544137,2.0385394202638842,1.9742307463554853,2.1734680851063817
6128,3.0417,18.0,4.730769230769231,1.0769230769230769,121.0,4.653846153846154,34.11,-117.97,1.375,1.6052281274562692,1.2602269316974686,1.515469172385301,1.593
18754,1.7427,32.0,4.757575757575758,1.0171277997364954,2060.0,2.7140974967061924,40.69,-122.36,0.606,0.2530533684625149,0.511596668093119,0.5455653105020928,0.6606528099173556
3125,1.625,4.0,3.0,0.5,8.0,1.3333333333333333,35.22,-117.76,2.75,0.049970834696555944,1.1887669962295968,0.5441012136133072,1.4618837209302329
17248,1.4722,52.0,3.2254901960784315,1.0686274509803921,291.0,2.8529411764705883,34.42,-119.7,3.5,2.036981788147921,2.441767671642524,1.9218005843887682,2.321653194444445
3698,2.3182,38.0,3.365432098765432,0.9753086419753086,1798.0,4.439506172839506,34.21,-118.38,1.712,1.697089307992138,1.4037492711999735,1.5818220742885778,1.3590212765957446
323,2.3456,42.0,4.3983739837398375,1.2520325203252032,380.0,3.089430894308943,37.74,-122.18,0.835,2.0114710469068586,1.9112150806711394,1.8152373238109925,1.138411764705883
5683,3.5109,21.0,3.7156398104265405,1.0710900473933649,801.0,1.8981042654028435,33.72,-118.29,2.25,2.276383345907872,2.6496011418694065,2.1236098205396723,1.7236739130434784
17573,2.4207,31.0,3.8502024291497974,1.1214574898785425,1485.0,3.006072874493927,37.32,-121.92,1.656,1.965142842094138,1.9535590308542454,1.8309710275386122,1.3244647887323941
3489,3.5714,38.0,4.491176470588235,0.9764705882352941,1303.0,3.8323529411764707,34.28,-118.45,1.52,2.125567886316545,1.9474013022888663,1.928530550218564,1.6980914893617025
15893,2.9063,52.0,6.590443686006826,1.1228668941979523,1025.0,3.4982935153583616,37.73,-122.39,1.92,2.0813226117205654,1.8600643075785037,1.9243009452276332,2.2708571428571425
14736,6.5412,12.0,6.889952153110048,0.9712918660287081,1381.0,3.3038277511961724,32.81,-117.04,2.542,2.91260323322222,2.948322322906579,2.7996370959453234,2.8781515151515156
9039,2.5764,14.0,5.08984375,1.00390625,1228.0,2.3984375,34.71,-118.06,1.5,1.048962368909943,1.0965338130566669,1.1218420158270295,0.9924999999999999
11615,4.1379,22.0,4.683168316831683,1.0940594059405941,1015.0,2.512376237623762,33.8,-118.06,2.125,2.3301595469688126,2.451289810699661,2.146360225430727,2.3668121212121216
18752,1.6429,23.0,5.063063063063063,1.1013513513513513,1132.0,2.5495495495495497,40.63,-122.42,0.804,0.20271659405130915,0.6973295088849214,0.5352718984945413,0.6606528099173556
828,5.64,27.0,5.833865814696486,0.987220447284345,1016.0,3.246006389776358,37.62,-122.08,2.065,2.964467247226912,2.8282913014950637,2.7933627543974833,2.5369416788321173
17180,6.1896,19.0,5.922981366459627,1.0024844720496895,2199.0,2.7316770186335404,37.5,-122.53,3.311,3.379185208594725,3.5393165555719444,3.4162566234576133,2.669019607843137
3922,5.4548,35.0,5.585714285714285,1.0285714285714285,425.0,3.0357142857142856,34.19,-118.56,2.014,2.937330303589843,3.0090015861345814,2.7351837234678453,2.5369416788321173
13105,5.1811,6.0,9.431884057971015,1.3478260869565217,1168.0,3.3855072463768114,38.42,-121.36,1.884,1.7441435332362505,2.028641892684001,1.5827119962905587,1.6819230769230766
10630,4.6141,4.0,4.798029556650246,1.1428571428571428,428.0,2.1083743842364533,33.71,-117.78,1.954,2.311791622790775,2.4670099044514147,2.1375495723404216,1.7236739130434784
18051,8.2069,17.0,7.203571428571428,1.0910714285714285,1158.0,2.067857142857143,37.26,-121.99,4.425,4.047299882408623,4.139319268904396,4.2935240741669025,3.97525
17452,4.4595,24.0,6.2486910994764395,1.0078534031413613,1051.0,2.75130890052356,34.7,-120.47,1.527,2.899832197723271,3.159911911857191,2.962885844098218,2.3668121212121216
4074,10.9237,44.0,7.837962962962963,1.1064814814814814,498.0,2.3055555555555554,34.14,-118.43,5.00001,5.228901045898606,5.150098202385098,6.189952733488224,4.999921329113908
8149,5.2299,36.0,5.603535353535354,0.9924242424242424,1042.0,2.6313131313131315,33.82,-118.09,2.398,2.767295536415057,2.9151453996105805,2.5547893098566057,2.85207862745098
19648,2.9135,27.0,5.349282296650718,0.9330143540669856,647.0,3.0956937799043063,37.48,-120.89,1.594,1.3024016704720904,1.1404157354433415,1.256098835751636,1.2356410256410257
12399,3.3333,11.0,6.410396716826265,1.1641586867305063,2466.0,3.3734610123119015,33.67,-116.31,0.918,0.9936816675083149,1.0420110722560694,1.0545604833156323,1.1491942446043166
15930,4.1071,52.0,4.681603773584905,0.9457547169811321,1337.0,3.1533018867924527,37.73,-122.43,2.409,2.734723093987369,2.8879862889074426,2.5109735675761327,2.5377142857142854
5998,3.4871,30.0,5.682060390763765,1.0497335701598578,2192.0,3.8934280639431615,34.09,-117.74,1.364,1.690270419780148,1.393108368043463,1.5682470912807709,1.4830576923076921
14835,1.8112,29.0,3.713523131672598,1.063167259786477,3675.0,3.2695729537366547,32.69,-117.1,1.036,1.4912253061713177,1.3592106070836414,1.4987116835602228,0.9083452380952383
16459,3.9607,18.0,5.832699619771863,1.0456273764258555,741.0,2.817490494296578,38.12,-121.29,1.325,1.6189176764672846,1.527720736439111,1.4599838194806734,1.380823182711198
16975,3.32,40.0,4.548821548821548,1.1111111111111112,701.0,2.3602693602693603,37.56,-122.31,2.929,2.4341602269416005,2.596196317385316,2.2369208534219553,2.30386
2766,2.8684,20.0,6.766101694915254,1.7457627118644068,659.0,2.233898305084746,33.41,-116.01,0.628,1.2709441352151414,1.2726721821591354,1.1721922612805682,1.9791428571428575
1807,2.64,45.0,4.847494553376906,1.0588235294117647,1304.0,2.840958605664488,37.93,-122.34,1.121,1.954669566656636,1.8251243863334206,1.7861776245323493,1.1184398496240606
2848,3.5524,27.0,5.791569086651054,0.936768149882904,1271.0,2.9765807962529274,35.4,-118.96,0.891,1.572720904697991,1.4062839807620997,1.4719874390599386,0.8624959349593496
12255,2.8393,20.0,8.335443037974683,1.2848101265822784,453.0,2.867088607594937,33.76,-117.02,1.207,0.9926616519204985,1.0519961534115643,1.0925048660529075,1.1158461538461537
15731,3.3882,52.0,3.77125,1.06375,1588.0,1.985,37.78,-122.44,4.714,2.603803802961594,3.1671518611178033,2.3566719352311982,3.2665631250000007
6717,4.7344,50.0,5.416851441241685,1.0953436807095345,947.0,2.0997782705099777,34.13,-118.15,3.147,2.6826940301625135,2.971199062043219,2.388725969604856,3.2580940654205603
7733,4.4279,32.0,4.671945701357466,0.9909502262443439,1075.0,2.432126696832579,33.93,-118.14,2.264,2.458437257628855,2.581084710919181,2.240457181053738,2.3668121212121216
14814,4.0488,33.0,4.902761104441777,1.0768307322929171,1804.0,2.1656662665066024,32.7,-117.17,4.097,2.431968777139927,2.7690146488525884,2.262563272762721,3.2580940654205603
7048,1.9453,34.0,3.8076923076923075,0.9230769230769231,527.0,4.053846153846154,33.94,-118.05,1.49,1.3695953098660338,0.9763002445451512,1.3494978826481314,1.4366436781609198
2041,7.2211,30.0,6.413157894736842,0.9184210526315789,1005.0,2.6447368421052633,36.73,-119.69,1.717,2.9169154197037956,2.2847971584311617,2.5338992213083573,4.580190625
1393,6.3699,25.0,5.846808510638298,0.8765957446808511,569.0,2.421276595744681,37.96,-122.1,2.355,3.0540354559960874,2.8756319744207195,2.846103496829398,4.087668333333333
10508,5.753,5.0,6.386243386243386,1.1146384479717812,1546.0,2.72663139329806,33.52,-117.68,3.228,2.6464890481860657,2.71207753452899,2.508512919442084,2.6474784782608687
18120,4.7402,34.0,5.0072568940493465,1.060957910014514,1915.0,2.7793904208998548,37.32,-122.0,2.445,2.879568568212902,3.065241635517907,2.711538428302009,2.684588697916666
12194,3.8056,7.0,6.599340478153339,1.1236603462489696,7139.0,2.9427040395713107,33.63,-117.29,1.622,1.5455367243704565,1.0911646666793156,1.564043129697621,2.0730226666666662
1530,6.5378,34.0,6.696078431372549,0.9845938375350141,1879.0,2.6316526610644257,37.88,-122.06,3.409,3.2095640621241532,3.1791903689425576,3.0321237359119007,3.390333333333333
2893,1.4773,36.0,4.781609195402299,1.1379310344827587,814.0,4.67816091954023,35.37,-118.99,0.574,1.0318174754385352,0.49980760388278767,1.0878521279853004,0.5282911392405063
3703,3.1629,33.0,3.658,1.024,1345.0,2.69,34.18,-118.37,1.989,2.0448610820861655,2.1625451603007684,1.8604484001728387,2.0675079006772012
34,2.7303,51.0,4.972014925373134,1.0708955223880596,1258.0,2.3470149253731343,37.83,-122.27,1.097,2.0610831567858074,2.1170549379147747,1.864746933389906,1.6771111111111112
4966,1.6036,39.0,3.2510822510822512,0.8961038961038961,1010.0,4.372294372294372,34.01,-118.29,1.375,1.3850248099109383,0.9159483866930807,1.3664847718509585,1.4618837209302329
3113,4.15,11.0,5.500932835820896,1.0615671641791045,2728.0,2.544776119402985,35.62,-117.66,0.857,1.1612295489728697,1.2757732749373822,1.092729181221089,1.4043157894736842
20633,2.5495,27.0,5.445026178010472,1.0785340314136125,1082.0,2.832460732984293,39.19,-121.53,0.983,0.8010129101196035,0.8518755190436409,0.8656907998025511,1.1184398496240606
10107,4.0,32.0,5.5,1.033112582781457,1201.0,3.9768211920529803,33.92,-117.95,1.782,2.113440649985823,1.8790775532046977,1.9266868546874374,1.7495862068965513
18506,2.625,16.0,6.4,0.8,36.0,7.2,37.0,-122.0,1.375,1.5019279458192267,0.6017654373226498,1.5833418220474855,1.6771111111111112
15911,3.3555,52.0,3.9615384615384617,1.1117216117216118,1447.0,2.65018315018315,37.75,-122.42,2.75,2.6050939897877954,3.0271165094695807,2.3578362438153304,3.162777777777777
10158,7.2532,9.0,6.48122866894198,0.9692832764505119,1070.0,3.651877133105802,33.9,-117.96,3.815,3.192560614428504,3.0320403832073772,3.075006049800872,2.7546250000000003
8585,8.1596,36.0,6.950980392156863,1.026143790849673,807.0,2.6372549019607843,33.89,-118.4,5.00001,4.047534319769995,4.3717656182975375,4.1999096647407725,4.998052340425534
14467,10.7751,19.0,9.02051282051282,1.0974358974358975,659.0,3.3794871794871795,32.84,-117.25,5.00001,4.796042433861171,4.817472668565585,5.557024779574812,4.994736363636365
11715,3.5667,17.0,15.02116402116402,2.7777777777777777,390.0,2.0634920634920637,39.18,-120.12,1.792,0.7067408873617842,1.417343515937701,0.7533238859817086,1.2685925925925925
16638,3.2112,20.0,6.517307692307693,1.353846153846154,1309.0,2.5173076923076922,35.6,-121.1,2.045,2.4344144059253314,2.4916482571234417,2.422460382972696,3.0425
5687,7.1463,31.0,6.534632034632034,1.0151515151515151,1349.0,2.91991341991342,34.24,-118.24,3.941,3.3685902137080044,3.315299725292097,3.208998053574815,4.580190625
11552,3.0909,30.0,4.447368421052632,1.105263157894737,1314.0,3.1435406698564594,33.75,-117.99,1.844,1.9638422857805327,1.9575593867086458,1.8154226135511968,1.6980914893617025
720,2.535,37.0,4.723214285714286,1.1227678571428572,1109.0,2.4754464285714284,37.68,-122.1,1.74,1.8977118480513198,1.8331860029252411,1.7518260865726192,1.6771111111111112
9536,2.8519,17.0,5.047808764940239,1.0298804780876494,1764.0,3.5139442231075697,37.43,-120.79,0.807,1.2644365036047565,1.118198724562354,1.2451903723254483,1.2356410256410257
1398,4.2917,37.0,5.868421052631579,1.0296052631578947,788.0,2.5921052631578947,37.96,-122.06,1.896,2.3370584373105387,2.212024969685914,2.0973081605567296,1.7884230769230764
2467,2.5208,31.0,5.891156462585034,1.129251700680272,979.0,3.3299319727891157,36.54,-119.83,0.6,1.1853351645342738,0.9697209280202429,1.1696105359966666,0.8590416666666669
7580,2.25,36.0,4.023041474654378,1.1059907834101383,1086.0,5.0046082949308754,33.89,-118.22,1.266,1.7326782961878293,1.3192067289552085,1.625480219526875,1.3590212765957446
11464,3.5859,17.0,4.0,1.0094562647754137,903.0,2.1347517730496453,33.67,-117.99,2.625,2.077636191032046,2.265285767013192,1.9387731951332796,2.2904031343283577
218,2.8365,34.0,4.5813953488372094,1.0794573643410852,1517.0,2.939922480620155,37.79,-122.21,1.392,1.9864504922208546,1.8549855708268241,1.8324544662074067,1.6771111111111112
2020,1.3304,28.0,5.6453900709219855,1.0780141843971631,962.0,3.4113475177304964,36.7,-119.8,0.513,0.5318114791808384,0.3525626134812161,0.789225338442963,0.8249843750000002
20493,6.0783,23.0,5.633986928104576,0.8660130718954249,934.0,3.052287581699346,34.27,-118.65,2.292,2.971486934161768,3.0003243238125292,2.8245613207126197,2.669019607843137
2305,4.7804,19.0,6.347058823529411,0.9941176470588236,1378.0,2.7019607843137257,36.83,-119.77,1.011,1.7740592540086868,1.68994139202526,1.5667527721456556,2.0204405504587157
9071,2.5278,35.0,5.01,1.03,842.0,2.8066666666666666,34.71,-118.15,0.977,1.3000255750750414,1.1293339432002087,1.2490808030798415,1.4908
4445,1.7463,36.0,3.4244897959183676,1.0204081632653061,1079.0,4.404081632653061,34.07,-118.22,1.583,1.4400417530191598,1.0625541661621711,1.3932509033806393,1.1610000000000003
1535,7.5349,33.0,7.002890173410405,0.930635838150289,998.0,2.884393063583815,37.89,-122.04,3.491,3.555144341400167,3.3973277332551257,3.4440025742723233,4.1686
2300,3.567,28.0,6.074468085106383,1.070921985815603,663.0,2.351063829787234,36.81,-119.77,0.855,1.4220055669490907,1.3788473305201925,1.2959605645133734,2.30386
7949,5.084,44.0,5.678445229681979,0.9575971731448764,799.0,2.823321554770318,33.87,-118.14,2.141,2.743627042842613,2.902910114042109,2.5112030003329218,2.4912702702702694
8164,4.6473,36.0,5.482758620689655,1.0094043887147335,855.0,2.6802507836990594,33.81,-118.13,2.271,2.5558432563227793,2.683815123686966,2.347929570876306,2.684588697916666
15134,2.8875,17.0,5.676537585421412,1.1252847380410023,1278.0,2.9111617312072893,32.82,-116.92,1.557,1.537492901192219,1.401103982277237,1.5198746659898945,1.3503230769230767
2638,1.5625,22.0,4.358638743455497,1.0602094240837696,826.0,2.162303664921466,40.59,-124.14,0.668,0.9763269322854891,0.8284446524925222,1.0497556049180705,0.6606528099173556
6231,5.3559,36.0,5.666666666666667,0.9812206572769953,683.0,3.2065727699530515,34.07,-117.93,2.073,2.6316276528628846,2.478983333922666,2.3589794371781303,2.5369416788321173
16560,4.1298,19.0,5.774336283185841,1.0486725663716814,1290.0,2.853982300884956,37.77,-121.37,2.228,1.8944763200446766,1.739162959591281,1.71262318393233,1.7884230769230764
15766,2.7587,52.0,4.1756885090218425,1.0598290598290598,1939.0,1.8414055080721747,37.77,-122.43,3.545,2.2680703814055363,2.688683984136854,2.06073333837723,3.524500454545454
8908,3.5987,31.0,4.2272,1.0896,1303.0,2.0848,34.03,-118.47,3.405,2.310682803328048,2.636338520837732,2.127347587518614,2.835598712121211
20009,2.3194,25.0,5.210412147505423,1.0368763557483731,1527.0,3.3123644251626896,36.15,-119.06,0.529,0.8769484527074951,0.7672033344788061,0.9666216956233424,0.5950161290322581
438,2.75,50.0,3.8984375,0.9921875,287.0,2.2421875,37.86,-122.3,1.406,2.13371304883565,2.226220243967476,1.9039976830766356,1.9869130434782605
6271,2.274,27.0,3.48,1.128,2296.0,3.0613333333333332,34.04,-117.95,1.508,1.5644609871742798,1.6556117510563477,1.4787293282782579,1.8302134831460672
9664,2.0903,34.0,7.612359550561798,1.4719101123595506,434.0,2.438202247191011,41.79,-120.08,0.561,-1.0137928122566109,1.0746956586728815,-0.06465032725153695,1.375857142857143
960,5.9345,23.0,7.287625418060201,1.0301003344481605,926.0,3.096989966555184,37.69,-121.91,2.596,2.809595949448222,2.713663499558675,2.6265472592368497,2.811
8731,3.8456,51.0,4.667315175097277,1.0038910505836576,1160.0,2.2568093385214008,33.83,-118.32,3.189,2.513132750663971,2.9663497187797683,2.2859467746532522,2.835598712121211
8342,4.4091,37.0,5.4171597633136095,1.0532544378698225,925.0,2.7366863905325443,33.93,-118.33,1.484,2.5371493946319257,2.694031505227211,2.334981389242004,2.3668121212121216
6320,4.7332,22.0,5.669527896995708,1.053648068669528,2613.0,2.8036480686695278,33.99,-117.97,2.899,2.3209018778478576,2.307456759157044,2.138877522836025,2.684588697916666
10156,5.0258,12.0,5.882911392405063,1.2436708860759493,622.0,1.9683544303797469,33.89,-117.92,1.618,2.5047221482896784,2.612465985125523,2.3048809908707653,2.7634
8552,2.425,40.0,4.950391644908616,1.0861618798955615,950.0,2.480417754569191,33.74,-118.3,2.55,1.8270432540401886,1.8745632156095324,1.7281954619174567,2.227818181818182
16381,2.8523,4.0,4.353448275862069,1.103448275862069,491.0,1.410919540229885,38.02,-121.3,0.875,1.2649589164687929,1.5877563664463001,1.2344087461709115,1.2661093749999996
10115,6.0516,30.0,6.780612244897959,0.9744897959183674,1135.0,2.895408163265306,33.94,-117.93,2.45,2.797531410442014,2.81179607070718,2.5831910618512115,3.384902920353981
8977,2.9213,42.0,3.8990825688073394,1.0045871559633028,997.0,2.286697247706422,34.01,-118.42,3.05,2.074223971236932,2.323500780457641,1.8937619796895264,2.704666781609195
6723,3.6389,34.0,3.868544600938967,1.051643192488263,430.0,2.0187793427230045,34.13,-118.15,2.15,2.1936360486883344,2.3625840020421234,1.9534275230317775,2.835598712121211
14012,3.654,38.0,4.9363636363636365,1.069090909090909,2357.0,2.1427272727272726,32.75,-117.17,2.49,2.2712167163968147,2.5834626641453546,2.1064361579599042,2.0391428571428567
8852,15.0001,48.0,9.72983870967742,1.0524193548387097,770.0,3.1048387096774195,34.08,-118.42,5.00001,6.838605442085932,6.328695846504853,10.508970314209279,4.999921329113908
5503,2.6667,45.0,4.575903614457832,1.110843373493976,1260.0,3.036144578313253,33.99,-118.43,3.2,1.9984666437098335,2.095078575948363,1.8365056922490108,2.573
7046,4.615,36.0,5.566197183098591,1.036619718309859,1236.0,3.4816901408450702,33.95,-118.04,1.74,2.4509705912310813,2.3680259810062982,2.222651505008126,2.1734680851063817
17583,5.0477,16.0,4.2304609218436875,0.9719438877755511,1285.0,2.5751503006012024,37.3,-121.93,2.925,2.8486208273127174,2.8676640167692953,2.7004626986832982,2.59930025
14483,8.496,34.0,7.825970548862115,1.0508701472556894,1817.0,2.43239625167336,32.82,-117.26,5.00001,4.043900900012612,4.561461130105713,4.23778365177776,4.678406
520,5.2128,52.0,5.862934362934363,0.9961389961389961,1242.0,2.3976833976833976,37.76,-122.23,2.899,3.0281174737581997,3.3027994500681492,2.799941008168644,3.2490572357723586
18312,5.2114,40.0,5.338485316846986,1.001545595054096,1498.0,2.3153013910355487,37.43,-122.13,4.384,3.074640834981955,3.3539100242005384,2.91476442399949,3.2490572357723586
4398,3.1607,42.0,3.6772727272727272,1.1863636363636363,1454.0,3.3045454545454547,34.08,-118.28,1.82,2.2567270038312253,2.4890312536287973,2.0138040751090416,1.6980914893617025
5050,0.8702,11.0,3.7172619047619047,0.9315476190476191,625.0,1.8601190476190477,34.02,-118.33,1.705,0.7767446904581057,0.7079860089977583,1.0317021974873537,1.1636896551724139
2265,2.6055,36.0,4.9748427672955975,0.9842767295597484,761.0,2.393081761006289,36.78,-119.82,0.692,1.1700844867862312,1.060352398922555,1.124069079853228,0.7265511811023622
14854,1.8977,35.0,5.245901639344262,1.1885245901639345,1723.0,2.824590163934426,32.67,-117.07,0.956,1.4984917239287359,1.3319717787999712,1.487486417490787,0.8502666666666666
10657,6.5356,15.0,5.233333333333333,0.9733333333333334,747.0,1.66,33.66,-117.83,2.728,3.138051159008345,3.2387928957382175,2.984184945627645,2.6890000000000005
19057,4.2813,33.0,6.340425531914893,1.1170212765957446,212.0,2.25531914893617,38.13,-121.84,0.813,2.1393216032022586,1.9892243728578218,1.884464674664828,1.3324
16113,4.0217,46.0,4.817610062893082,0.9580712788259959,1429.0,2.9958071278825997,37.75,-122.5,2.724,2.653265980431684,2.750768957928946,2.454440744856566,3.118125
16709,2.8203,24.0,4.997840172786177,1.0107991360691144,1549.0,3.345572354211663,35.05,-120.48,1.526,2.175233736289102,1.9540444534549533,2.1620785960276576,1.2356410256410257
16274,2.3269,28.0,4.422018348623853,1.0642201834862386,782.0,3.5871559633027523,37.94,-121.25,0.559,1.2270630013808712,0.9625155211291317,1.1812675111327677,0.8206028708133976
10315,5.2227,18.0,5.552147239263804,0.9355828220858896,1189.0,3.647239263803681,33.85,-117.82,2.135,2.417274941478124,2.2582218021115117,2.222294145825841,2.20485294117647
12811,3.9615,17.0,5.4935064935064934,1.0086580086580086,494.0,2.1385281385281387,38.65,-121.52,3.313,1.50258880783807,1.509745528170549,1.3456979276174588,1.2685925925925925
11243,4.3636,33.0,5.510204081632653,1.0148423005565863,1869.0,3.4675324675324677,33.81,-118.0,2.018,2.339039129200625,2.2686379832527237,2.1494197123623713,2.1734680851063817
2084,2.4375,52.0,5.019607843137255,0.9859943977591037,1049.0,2.9383753501400562,36.76,-119.81,0.571,1.2476711860467935,0.9573592557629511,1.151210793879498,0.7265511811023622
5888,4.2679,44.0,4.3887043189368775,1.0066445182724253,471.0,1.564784053156146,34.15,-118.33,3.318,2.5448961437952375,2.9187046352860535,2.2751234567995833,3.6249470270270288
6405,4.7159,36.0,6.561576354679803,1.0689655172413792,648.0,3.1921182266009853,34.13,-118.01,3.659,2.3124605006458556,2.225166975783706,2.0773567298775024,2.1734680851063817
16557,2.6458,26.0,5.416666666666667,1.1018518518518519,830.0,3.8425925925925926,37.82,-121.27,1.275,1.3155556959267405,1.0226180745961673,1.2637374985774343,1.2356410256410257
2388,3.332,16.0,5.815789473684211,1.0997229916897506,2140.0,2.96398891966759,37.02,-119.57,1.118,1.074275191253414,1.1621028449375994,1.0690919937614223,0.8624959349593496
16817,5.3922,26.0,7.085858585858586,0.946969696969697,1617.0,4.083333333333333,37.64,-122.46,3.537,2.809879974759216,2.64908288260907,2.7205903911081872,2.20485294117647
20207,4.2381,22.0,5.777777777777778,1.0049019607843137,1650.0,2.696078431372549,34.27,-119.23,2.293,2.47850204182652,2.548055480255047,2.4073016726529617,2.3668121212121216
5225,0.9889,40.0,3.611111111111111,1.0,1068.0,3.9555555555555557,33.93,-118.25,0.875,1.1735012546545263,0.709051101348485,1.2305279677114664,1.1610000000000003
8510,2.3812,21.0,3.725,1.075,686.0,1.715,33.88,-118.31,2.375,1.7138094838285156,1.9779052923937628,1.643273300271055,2.0027999999999997
18729,2.6513,21.0,4.9800796812749,0.9282868525896414,1428.0,2.8446215139442232,40.55,-122.36,1.133,0.5163306948262094,0.8696099993244271,0.6896047840953281,0.9439714285714282
13460,2.4028,19.0,4.3478260869565215,0.9173913043478261,572.0,2.4869565217391303,34.1,-117.39,1.125,1.009956349907221,1.0620630470371648,1.0782978577279514,1.168242424242424
9049,2.8548,6.0,8.095914742451155,1.4280639431616342,1543.0,2.7406749555950265,34.7,-118.09,1.385,1.0729006151923923,1.1651373455281284,1.1706432535743527,0.9924999999999999
14441,3.3942,32.0,4.515037593984962,1.0357142857142858,1020.0,1.9172932330827068,32.81,-117.25,3.074,2.135143684060588,2.4075569253148563,1.9828042543198663,3.2665631250000007
7582,2.6165,34.0,4.593167701863354,1.031055900621118,1166.0,3.62111801242236,33.89,-118.24,1.009,1.7620648105866974,1.5469313347231766,1.6658266992896165,1.417333333333333
20554,1.9787,39.0,4.398119122257054,1.0376175548589341,1659.0,2.6003134796238245,38.68,-121.78,0.978,1.0808336279028325,0.8944254403790828,1.0636412165586164,1.138411764705883
3386,3.1523,36.0,4.980842911877395,1.1647509578544062,688.0,2.636015325670498,34.25,-118.3,1.767,1.95814767570594,1.981564678847218,1.7730350436083233,2.0675079006772012
9862,2.5372,21.0,3.6130500758725344,1.0637329286798178,1264.0,1.9180576631259485,36.6,-121.85,2.18,2.1803868788556464,2.408155632237316,2.1133399114348155,2.1326419402985084
18230,3.4375,17.0,4.155555555555556,1.0222222222222221,412.0,2.2888888888888888,37.4,-122.09,2.906,2.214696896407373,2.2281470248969537,2.0784752424935315,2.3456521739130434
7781,4.1387,24.0,4.647619047619048,0.9942857142857143,4516.0,4.300952380952381,33.91,-118.06,1.577,2.2166238338996296,2.1494726957274812,2.07385200165797,1.782850000000001
10388,8.1611,4.0,8.394871794871795,0.982051282051282,1312.0,3.364102564102564,33.59,-117.64,3.48,3.317166315267543,3.442862286838131,3.28253378632881,3.4047297297297305
16291,2.1991,47.0,4.712765957446808,1.0425531914893618,517.0,2.75,37.97,-121.24,0.672,1.2882179520550863,1.0303081417408286,1.188670170203312,0.8206028708133976
6687,3.375,42.0,5.095541401273885,1.0907643312101911,1668.0,2.656050955414013,34.14,-118.07,2.604,1.9886905106419182,2.018937258931301,1.7885599638376029,2.0675079006772012
1052,3.2135,37.0,5.541322314049586,1.0578512396694215,533.0,2.2024793388429753,38.31,-120.8,1.236,1.2242487184154616,1.0913475268093429,1.1039061846625606,1.2685925925925925
3208,1.8385,14.0,5.237924865831842,1.073345259391771,1633.0,2.92128801431127,36.33,-119.63,0.675,0.7521962013421835,0.7225768283129752,0.9421805404748904,0.656358695652174
13027,4.05,20.0,6.220264317180617,0.9955947136563876,700.0,3.0837004405286343,38.67,-121.22,1.307,1.3293533030863378,1.3488818032803107,1.2094783990961733,1.380823182711198
18774,2.3594,26.0,4.978062157221206,1.0073126142595978,1326.0,2.424131627056673,40.47,-122.31,0.66,0.5097090050919413,0.7817600085719387,0.67966683303436,0.7766740740740745
1433,4.59,37.0,5.014285714285714,0.9342857142857143,882.0,2.52,37.99,-122.03,1.666,2.476042434040461,2.3295634137815795,2.207462116345889,1.7446666666666664
15458,4.5781,9.0,6.085790884718499,1.0630026809651474,2235.0,2.9959785522788205,33.18,-117.26,2.256,2.1130762915101915,2.059850977583579,2.0028998956570008,1.797610169491524
5735,3.1004,26.0,3.4140786749482404,1.0807453416149069,1332.0,2.7577639751552794,34.15,-118.23,2.571,1.974932189280954,2.1046608444516477,1.7986512807568138,2.0675079006772012
10727,12.3411,4.0,7.472103004291846,0.9656652360515021,811.0,3.48068669527897,33.64,-117.81,5.00001,5.346940194962712,4.210216980968851,6.631165319580473,4.994736363636365
7571,2.7443,39.0,4.347222222222222,1.011111111111111,1389.0,3.8583333333333334,33.89,-118.21,1.139,1.8684375659026011,1.6664694454190188,1.7349868706944132,1.417333333333333
12047,3.1312,22.0,4.575320512820513,1.0689102564102564,2453.0,3.9310897435897436,33.88,-117.53,0.91,1.6007131353345228,1.397714680491609,1.5057703827011224,1.1472068965517244
12944,4.8375,40.0,6.8625,1.09375,415.0,2.59375,38.64,-121.26,2.174,1.9070853664500893,1.5464205304216307,1.5777439866455656,1.7884230769230764
13775,2.5172,24.0,5.367875647668394,1.0699481865284974,2127.0,2.755181347150259,34.03,-117.1,0.96,1.0030924998202821,0.8647421350932685,1.0660569853534896,0.9443571428571428
1027,3.2031,16.0,7.972375690607735,1.3756906077348066,435.0,2.403314917127072,38.46,-120.55,1.292,0.7925765481423079,1.262373305007675,0.8680701821663583,1.2685925925925925
11414,7.0907,22.0,7.50853889943074,0.9867172675521821,1774.0,3.366223908918406,33.69,-117.98,3.502,3.229437333771486,3.3375352001334484,3.152305994713334,3.3565000000000005
10726,11.0138,16.0,7.306990881458966,1.060790273556231,868.0,2.6382978723404253,33.64,-117.81,4.421,4.965818788044373,4.308618235242225,5.771386987182333,4.994736363636365
15603,2.875,16.0,4.808344198174707,1.0651890482398958,1969.0,2.5671447196870925,32.82,-116.77,2.229,1.5169195206340707,1.448741860389163,1.4900253739058793,1.3503230769230767
19551,1.9206,26.0,4.097639484978541,1.0246781115879828,3010.0,3.2296137339055795,37.62,-120.98,0.813,1.048325415433089,0.8652012164067986,1.0970780924697112,0.7472181818181819
10927,3.2292,34.0,5.33030303030303,1.0696969696969696,2083.0,6.3121212121212125,33.74,-117.89,1.606,1.8761440452057379,1.2725852539028297,1.750367390531315,1.7495862068965513
9016,6.5571,10.0,6.4614243323442135,1.0623145400593472,2030.0,3.0118694362017804,34.13,-118.76,5.00001,3.2159841798600377,3.375311090401784,3.20170838641501,3.4001707317073167
3488,7.0808,4.0,6.423324150596878,1.056932966023875,2907.0,2.669421487603306,34.29,-118.57,3.412,3.2429500475095066,3.3300484725195254,3.20462186917971,3.757549032258065
20364,6.187,18.0,6.62621359223301,1.0072815533980584,1248.0,3.029126213592233,34.18,-118.93,2.879,3.1185695474499657,3.306732399278417,3.078566154346185,2.669019607843137
18163,6.6085,27.0,6.410891089108911,1.0907590759075907,1537.0,2.536303630363036,37.37,-122.05,3.447,3.5023160465008263,3.6562761891362037,3.477878838105034,4.417692000000001
11237,4.7738,35.0,6.048484848484849,0.9878787878787879,1409.0,4.2696969696969695,33.81,-117.96,1.8,2.4357917863648346,2.237897807215168,2.2325674822608597,2.1734680851063817
10406,5.1589,3.0,4.2020905923344944,0.89198606271777,563.0,1.961672473867596,33.66,-117.59,1.678,2.3623586434533768,2.4985938277975945,2.174429107827093,2.2561818181818185
12378,1.3801,25.0,4.7375,1.725,604.0,2.5166666666666666,33.78,-116.46,0.55,0.9246761920117539,1.083638651571705,0.946102348037601,0.9232307692307692
2885,1.625,34.0,4.473684210526316,1.0833333333333333,795.0,3.486842105263158,35.38,-118.98,0.508,1.0695591982920862,0.7779014088586524,1.1103823841141005,0.5282911392405063
11355,3.9219,15.0,4.466666666666667,1.0444444444444445,677.0,2.5074074074074075,33.74,-117.93,1.426,2.122529000869284,2.211578379925619,1.9673190108363947,2.0675079006772012
17691,4.5,17.0,5.986175115207374,0.9723502304147466,825.0,3.80184331797235,37.3,-121.83,2.358,2.349640627304173,2.1190576006192123,2.2170982035360725,1.87515625
18865,3.1848,43.0,4.946428571428571,0.9005102040816326,968.0,2.4693877551020407,38.11,-122.22,1.127,1.9178606084643848,1.7478844792663357,1.7325822010517924,1.4244615384615384
8116,3.9792,45.0,5.457777777777777,1.1,1300.0,2.888888888888889,33.8,-118.2,2.102,2.450550663294419,2.66567268296728,2.2386684635536964,1.6643333333333332
9760,1.9722,28.0,5.212435233160622,1.1813471502590673,738.0,3.8238341968911915,36.49,-121.48,2.107,1.769875206939715,1.3400987452954136,1.7379371448611227,1.3942
12604,1.3646,44.0,4.344,1.168,506.0,4.048,38.53,-121.47,0.654,0.8884606740196808,0.4342301801645152,0.9206251264750418,0.8206028708133976
8246,2.5544,8.0,2.996978851963746,1.1873111782477341,694.0,2.096676737160121,33.78,-118.19,1.625,1.8314146894599173,2.255399361182754,1.7407247875227738,1.6896285714285717
6357,2.6014,15.0,4.099201824401368,1.0992018244013684,1839.0,2.096921322690992,34.14,-117.97,1.503,1.4667741521165354,1.5938354071454874,1.4273484937523744,1.6896285714285717
5350,5.0762,26.0,5.556521739130435,1.146583850931677,1518.0,1.8857142857142857,34.05,-118.4,5.00001,2.7671791637636076,3.077575340407085,2.585286953431588,4.200291730769228
313,2.7159,45.0,5.306590257879656,1.1260744985673352,1132.0,3.2435530085959887,37.77,-122.19,1.014,1.9858140360775502,1.7975496983267718,1.8141518014884883,1.6771111111111112
4024,3.1923,42.0,4.1735751295336785,1.0621761658031088,879.0,2.27720207253886,34.18,-118.52,2.218,2.1793431333460207,2.443800797668979,1.972188623126101,2.835598712121211
18485,4.5714,18.0,6.362917398945519,1.0764499121265378,4168.0,3.662565905096661,37.0,-121.57,2.603,2.4333440550906538,2.268515654082247,2.3423625196619597,2.4509333333333325
11058,2.6959,21.0,3.757617728531856,1.0124653739612188,1952.0,2.703601108033241,33.78,-117.86,1.788,1.6427662741087592,1.6507163760759402,1.5699674272129593,1.8302134831460672
3699,2.8917,33.0,4.699346405228758,1.0098039215686274,1378.0,4.503267973856209,34.2,-118.37,1.704,1.7687835527409197,1.3856960660119424,1.6565557578384307,2.0373124999999996
3473,6.8695,27.0,6.567357512953368,1.0077720207253886,1071.0,2.7746113989637307,34.28,-118.49,3.194,3.288396872285589,3.34179578256259,3.1571584365133623,3.4001707317073167
9771,3.3289,39.0,5.580487804878048,1.2902439024390244,1449.0,3.5341463414634147,36.38,-121.4,1.906,2.5365107526707744,2.7105759289304685,2.395001839704719,2.0455147058823524
15336,3.7568,4.0,5.727411944869831,1.1439509954058193,6666.0,2.5520673813169985,33.22,-117.3,1.841,1.7966777961543925,1.6110491596495582,1.7911472895254548,2.0730226666666662
3910,2.8701,26.0,3.683250414593698,1.097844112769486,1998.0,3.3134328358208953,34.2,-118.53,1.911,1.9576096168764812,2.044570576659431,1.8232164287120787,2.1658684868421063
5106,4.8295,44.0,6.0583941605839415,1.0462287104622872,1305.0,3.1751824817518246,33.95,-118.31,1.496,2.6898732535128507,2.850528499631743,2.4776978818840694,2.1734680851063817
17152,5.2391,22.0,5.029007633587787,1.1358778625954198,1337.0,2.0412213740458016,37.43,-122.2,5.00001,3.087052775122266,3.307546875978785,2.970974267911809,3.6310000000000002
7040,4.0846,36.0,5.602434077079107,0.9574036511156186,1576.0,3.1967545638945234,33.94,-118.09,1.834,2.1726849353951443,2.0713673621529356,1.9928375044474418,2.0095447154471544
15543,8.5957,8.0,8.105882352941176,1.0088235294117647,1045.0,3.073529411764706,33.07,-117.07,4.441,3.580308212434844,3.5769673324186897,3.5845826329660566,3.4047297297297305
16856,3.2216,39.0,4.48132183908046,1.089080459770115,1807.0,2.596264367816092,37.62,-122.41,2.427,2.3864637591482185,2.5561393059318043,2.214127670589058,2.0675079006772012
11967,2.0742,31.0,4.212014134275618,1.0848056537102473,1013.0,3.579505300353357,34.0,-117.4,0.762,1.1686399355102837,0.9172492370265366,1.1618050238053637,0.9083452380952383
1730,3.7562,34.0,5.475218658892128,1.0583090379008746,2237.0,3.260932944606414,37.98,-122.35,1.329,2.2506705686997943,2.085400574229105,2.070778288096689,1.380823182711198
5727,3.9777,36.0,4.955375253549696,0.9979716024340771,1115.0,2.261663286004057,34.19,-118.22,4.098,2.1919566406759845,2.267797283129171,1.976041625330859,3.2580940654205603
13047,2.6981,35.0,5.572327044025157,1.005503144654088,4885.0,3.8404088050314464,38.55,-121.28,1.125,1.0215543086817873,0.7233409290997608,1.0432952156078747,1.1184398496240606
18318,5.6413,35.0,5.361702127659575,0.9281914893617021,1023.0,2.720744680851064,37.44,-122.11,3.766,3.145257083515202,3.2308792549087686,3.002084800068631,3.0211829032258066
16256,2.5536,31.0,4.071917808219178,1.0102739726027397,891.0,3.0513698630136985,37.97,-121.26,0.505,1.3522896744695472,1.13065034741049,1.2531511764617136,1.3244647887323941
4069,6.7082,30.0,6.68,1.020952380952381,1427.0,2.718095238095238,34.16,-118.48,5.00001,3.2871438326419753,3.4643661190034454,3.173495506497228,3.384902920353981
812,3.8929,35.0,6.362745098039215,1.1568627450980393,632.0,3.0980392156862746,37.62,-122.03,2.095,2.30562846346441,2.149493960249222,2.1132732210147096,1.380823182711198
18808,2.9063,31.0,5.508710801393728,1.0418118466898956,776.0,2.7038327526132404,40.87,-121.67,0.778,0.3199269541340848,0.706789302613337,0.5188694911262488,0.9439714285714282
20212,5.533,24.0,6.682779456193353,1.0030211480362539,899.0,2.716012084592145,34.28,-119.22,2.997,2.958777863347369,3.2311819602086596,2.906054302599819,3.0211829032258066
9192,4.5491,34.0,7.397058823529412,1.4558823529411764,275.0,4.044117647058823,34.36,-118.29,3.75,2.4407890824194642,2.1672435404936303,2.187787296912576,2.1734680851063817
14744,2.6985,16.0,4.258389261744966,0.9463087248322147,1609.0,5.399328859060403,32.57,-117.06,1.565,1.6339171010545583,1.1032770227971511,1.6274111012532826,1.058
17617,3.6294,18.0,3.4987951807228916,1.0714859437751003,1968.0,1.580722891566265,37.28,-121.94,2.4,2.4147544044468585,2.763851815370886,2.259405582069276,2.9370703488372105
19770,2.3929,16.0,5.327127659574468,1.059840425531915,2028.0,2.6968085106382977,39.91,-122.12,0.772,0.5758789235969388,0.9018362424531581,0.7576118960110876,0.8601019387755103
20014,2.9208,28.0,5.415094339622642,1.099056603773585,521.0,2.457547169811321,36.04,-118.92,0.985,1.1899225689530435,1.1535077825315154,1.1351424704447663,0.7265511811023622
15621,3.1477,52.0,4.213703099510604,1.0962479608482871,1335.0,2.177814029363785,37.8,-122.41,5.00001,2.44520978308001,2.8332191444272357,2.203693688829348,3.8288341666666668
16579,3.5789,40.0,4.880681818181818,1.1136363636363635,427.0,2.4261363636363638,37.74,-121.43,1.104,2.0544717851913594,1.8790519162623516,1.7829244040126802,2.0675079006772012
2485,3.2639,10.0,5.1156186612576064,1.081135902636917,1335.0,2.707910750507099,36.13,-120.37,0.864,1.7802845285968418,1.7232808996699065,1.709072217655112,2.0455147058823524
4293,2.2612,36.0,2.5156418554476807,1.0711974110032363,3155.0,3.4034519956850056,34.09,-118.3,2.304,1.8485378127615826,2.217685536716962,1.702167398350741,2.1658684868421063
6355,3.766,33.0,4.947890818858561,1.0049627791563276,993.0,2.464019851116625,34.14,-117.96,1.639,1.9819570671468507,1.9513867725599194,1.7834012314723022,2.0675079006772012
18288,7.8177,36.0,6.75046904315197,0.9380863039399625,1296.0,2.431519699812383,37.38,-122.11,5.00001,3.9936124718173023,4.283107084104891,4.148690733074005,4.670205999999999
3353,2.1833,52.0,7.275862068965517,1.3846153846153846,1977.0,2.6220159151193636,40.35,-121.03,0.495,0.1888481148379766,0.4588034758239703,0.4465386230330884,0.7766740740740745
9125,4.0147,34.0,6.0246913580246915,1.0599647266313934,1929.0,3.4021164021164023,34.58,-118.07,1.074,1.871338068652136,1.6509987353992912,1.6786868362406957,1.151586206896552
9790,2.6094,20.0,5.068783068783069,1.2962962962962963,590.0,3.121693121693122,36.25,-121.84,3.625,2.3453757596783875,2.3190621667882727,2.314717610395763,1.6771111111111112
7159,2.7026,38.0,3.331269349845201,0.8854489164086687,1535.0,4.752321981424148,34.04,-118.16,1.45,1.7787794717329892,1.3659215379110794,1.639396128191724,1.3590212765957446
17898,3.0375,48.0,4.575221238938053,1.095132743362832,946.0,2.0929203539823007,37.34,-121.93,2.185,2.2974253328129355,2.554372617952621,2.08105106221816,2.846458333333334
6427,3.2857,37.0,4.712962962962963,1.021604938271605,1504.0,4.6419753086419755,34.12,-117.99,1.301,1.8600506397378544,1.4640267449051467,1.6873762931345064,1.6980914893617025
7911,3.5562,32.0,5.052777777777778,1.0722222222222222,1679.0,4.663888888888889,33.89,-118.07,1.46,2.0613459436768675,1.7649068918546746,1.8978134851999617,1.6980914893617025
20556,1.951,17.0,3.8384512683578103,1.081441922563418,1876.0,2.5046728971962615,38.67,-121.79,1.525,0.9662444454921373,1.0583051088445345,1.0241071803009945,1.3131571428571425
16957,6.8336,35.0,6.935114503816794,1.0,659.0,2.515267175572519,37.52,-122.31,4.572,3.5970317488882713,3.8382087938132132,3.5987982507064533,4.441175517241381
1297,5.0164,13.0,6.58154859967051,0.9967051070840197,1969.0,3.243822075782537,37.98,-121.82,1.652,2.197939173017054,2.0227268830295584,2.021677811740597,1.6033541666666669
5426,3.1941,28.0,4.762406015037594,1.1082706766917294,1248.0,1.8766917293233083,34.02,-118.42,3.947,2.0319526195968276,2.246502302542827,1.8959499317994601,3.2665631250000007
14784,3.9583,8.0,5.550552251486831,1.0339847068819032,4797.0,4.075615972812234,32.55,-117.09,1.444,2.050277326018561,1.7334521952114612,2.0336546905734614,1.4865625000000005
12705,2.9559,36.0,4.65242718446602,1.0407766990291263,1225.0,2.378640776699029,38.61,-121.39,1.366,1.3231197970088848,1.1381403157092325,1.1867345592699752,1.1184398496240606
19030,6.0767,16.0,5.572413793103448,0.9448275862068966,371.0,2.5586206896551724,38.38,-122.02,2.164,2.7111484041070937,2.3380144124638473,2.424748988596139,2.525
16510,3.4426,7.0,5.416393442622951,1.028415300546448,3006.0,3.2852459016393443,37.73,-121.16,1.39,1.418443569087902,1.33302540611727,1.3839681156676007,1.380823182711198
19676,2.4183,7.0,4.582926829268293,1.0829268292682928,1065.0,2.597560975609756,39.16,-121.63,1.038,0.7142461984174746,1.1410883272259724,0.8471080940002891,1.1184398496240606
8765,6.015,41.0,6.794964028776978,1.0827338129496402,802.0,2.884892086330935,33.81,-118.38,4.885,3.2215321812905224,3.5963217070198787,3.0964303629087873,4.602002000000001
15501,4.1667,13.0,6.185737976782753,1.2620232172470978,1335.0,2.2139303482587063,33.09,-117.26,2.271,2.1532903069372007,2.2849962047567995,2.020465752525051,3.7063350000000006
10381,4.2009,6.0,5.723880597014926,1.0242537313432836,985.0,1.837686567164179,33.63,-117.63,2.38,1.9071361842117567,2.061314636443477,1.809378536775787,2.2904031343283577
3393,6.0808,35.0,4.969072164948454,0.9415807560137457,759.0,2.6082474226804124,34.27,-118.31,2.156,3.08493993840982,3.0382184748023855,2.842589542167995,3.4486432142857137
127,6.0194,44.0,5.735343383584589,1.0,1358.0,2.274706867671692,37.84,-122.21,2.923,3.2889239255458973,3.448698789420166,3.098133355639624,4.052075555555555
14864,2.7218,38.0,3.809090909090909,0.9745454545454545,1240.0,2.2545454545454544,32.64,-117.09,1.459,1.931291523418675,2.1353316187381775,1.7998370945510063,1.291666666666667
12204,3.9443,2.0,7.507731958762887,1.1947717231222386,7132.0,2.625920471281296,33.57,-117.16,1.873,1.4727480732270148,0.9622597928530479,1.5215351564526882,2.0730226666666662
11827,3.9734,17.0,6.2155844155844155,1.0376623376623377,2066.0,2.6831168831168832,39.01,-121.02,1.854,1.0685032841011473,1.246915954104326,1.018517898373739,1.380823182711198
5742,2.5668,24.0,3.742523705324581,1.0474106491611963,2690.0,1.962071480671043,34.16,-118.25,2.8,1.6539857855905762,1.8068626885275108,1.577672191643054,1.6896285714285717
7471,2.7734,34.0,3.0472103004291844,0.8798283261802575,1134.0,4.866952789699571,33.94,-118.21,1.411,1.8663523052109212,1.4724766721497762,1.7229139042086064,1.3590212765957446
718,2.5156,43.0,4.829351535836177,1.1877133105802047,569.0,1.9419795221843004,37.68,-122.09,1.909,1.9837656891843651,2.081394392558876,1.7996210501031387,3.2118
13473,4.125,52.0,3.125,0.5625,60.0,3.75,34.07,-117.37,2.625,1.9769413461679517,1.4348671007573572,1.673189464463802,1.3805932203389832
9415,4.5398,52.0,4.324055666003976,1.0139165009940359,809.0,1.6083499005964215,37.86,-122.49,4.42,3.0043084022943636,3.524105961062899,2.760893648478538,2.5598
20403,6.2748,22.0,7.054054054054054,0.9980694980694981,1565.0,3.0212355212355213,34.22,-118.88,2.748,3.0977904770884406,3.2931110134270964,3.042571068006146,2.669019607843137
13539,2.06,40.0,5.28021978021978,1.0934065934065933,509.0,2.7967032967032965,34.15,-117.3,0.855,1.0222318189504447,0.8260477981927266,1.0459117062875842,0.7630526315789475
856,5.7579,17.0,5.981969486823855,0.9944521497919556,2629.0,3.6463245492371708,37.58,-122.01,2.318,2.889268982545725,2.7535797354093003,2.760164769969305,2.590892857142857
20494,6.3236,24.0,7.829396325459317,1.0656167979002624,1203.0,3.15748031496063,34.29,-118.71,3.02,2.993554285810559,3.157378727499592,2.88521746719061,3.1098444444444446
3950,5.7613,23.0,6.296747967479675,1.1016260162601625,1486.0,3.0203252032520327,34.2,-118.62,2.358,2.9474087493576437,3.059722987040119,2.809272072239994,3.263828857142857
2516,3.0469,16.0,5.764227642276423,1.1165311653116532,1104.0,2.991869918699187,39.79,-122.25,0.722,0.9673967833761834,1.106630119733688,0.9811101771747321,0.9439714285714282
17753,3.4509,24.0,4.038664323374341,1.0105448154657293,2409.0,4.233743409490334,37.35,-121.82,1.824,2.1870263767360063,1.9852854924601293,2.0345816792775615,1.6980914893617025
15618,4.9211,52.0,3.9721115537848606,1.0796812749003983,1848.0,1.4725099601593625,37.8,-122.42,5.00001,3.2634926412468523,4.1129868422059594,3.0523507396280305,4.968580000000001
1087,1.6827,52.0,4.934725848563969,1.0966057441253263,974.0,2.5430809399477807,39.72,-121.83,0.787,0.6411546945437561,0.4589882526358451,0.7279498359985286,0.6606528099173556
3843,2.2264,11.0,2.8994152046783626,1.0526315789473684,2466.0,2.8842105263157896,34.19,-118.45,1.813,1.5542559192854561,1.7247488982064585,1.5321480918214254,2.1658684868421063
5934,4.6937,26.0,5.484011627906977,1.0087209302325582,2103.0,3.056686046511628,34.13,-117.84,1.98,2.2147600932259555,2.0854578648096527,1.9966431700094747,2.1734680851063817
8425,3.3558,29.0,3.9864864864864864,0.9432432432432433,965.0,2.608108108108108,33.92,-118.34,1.996,2.0859539850353945,2.1687893438737893,1.9358933728790193,2.0675079006772012
9226,2.6941,11.0,5.599378881987578,1.0854037267080745,2074.0,3.220496894409938,36.93,-120.04,0.633,0.9957721374110049,1.0259525609366702,1.075077002207696,0.8590416666666669
2393,4.1563,12.0,6.751497005988024,1.4131736526946108,1006.0,3.0119760479041915,37.13,-118.94,0.94,1.2180227145114921,1.2565496841378239,1.0860049109980157,1.3139500000000004
20290,3.2314,31.0,4.622222222222222,1.0716049382716049,1511.0,3.730864197530864,34.17,-119.19,1.868,2.330348458092306,2.3651298656411655,2.2292220883549807,1.6980914893617025
14181,3.4107,35.0,5.0339943342776206,1.045325779036827,1158.0,3.2804532577903682,32.72,-117.05,1.17,2.061199991434065,2.0046511228189865,1.9105216241812744,1.4508124999999998
1328,3.1389,31.0,5.374631268436578,1.1002949852507375,2229.0,3.2876106194690267,38.02,-121.87,1.178,1.7647672208110068,1.5245243608843337,1.6191293605458505,1.380823182711198
13771,4.1361,26.0,5.878195488721804,1.0075187969924813,1884.0,2.833082706766917,34.02,-117.03,1.21,1.6111320720692497,1.4291246766834123,1.4551477012114375,1.4043157894736842
5391,3.7206,39.0,3.691891891891892,1.0135135135135136,1237.0,3.343243243243243,34.03,-118.39,2.309,2.4105992140141934,2.5233836166303405,2.1843881522095705,1.6980914893617025
15809,3.5655,52.0,4.094462540716612,1.1042345276872965,1575.0,1.710097719869707,37.76,-122.43,4.273,2.6802540122847143,3.32720525452235,2.435154049664055,3.6249470270270288
12310,3.038,12.0,5.912820512820513,1.358974358974359,446.0,2.287179487179487,33.57,-116.87,1.281,1.3776300597076596,1.478211935671965,1.320917469968867,1.9791428571428575
10678,3.2708,46.0,4.611607142857143,0.9955357142857143,462.0,2.0625,33.53,-117.77,3.847,2.09643996871444,2.3308358216117635,1.8914992091521565,2.835598712121211
16739,4.6098,24.0,5.4555837563451774,1.0875634517766497,2249.0,2.8540609137055837,37.71,-122.43,2.904,2.711199804951097,2.740809070776681,2.5766575524808153,2.684588697916666
14095,1.3448,11.0,3.3656821378340367,1.021097046413502,1905.0,2.679324894514768,32.75,-117.1,0.913,1.0973628156577444,0.9769987121358581,1.2380573787913738,1.0891764705882352
9224,2.125,24.0,4.3355704697986575,0.8993288590604027,454.0,3.046979865771812,36.95,-120.06,0.619,0.8811582604710575,0.8493972093514068,0.9717773375525904,0.8206028708133976
20334,4.693,11.0,5.873096446700508,1.0507614213197969,2760.0,2.802030456852792,34.23,-119.01,2.322,2.518546437338971,2.5478938953202577,2.461496410762961,2.0204405504587157
12872,3.5802,5.0,5.089689265536723,1.0519067796610169,7608.0,2.6864406779661016,38.7,-121.35,1.296,1.187397289450891,1.341341883815408,1.1957719351812144,1.1340000000000001
13443,2.7569,21.0,5.315852205005959,1.1084624553039333,2657.0,3.166865315852205,34.08,-117.42,1.275,1.233314590160223,1.0687432614503036,1.237522102976893,0.9443571428571428
10890,3.5694,31.0,4.305019305019305,1.0347490347490347,1369.0,5.285714285714286,33.73,-117.86,1.505,2.0949378657430833,1.6771124529467691,1.909986103936888,1.6980914893617025
14615,2.5682,25.0,3.9408450704225353,0.9267605633802817,1308.0,3.684507042253521,32.8,-117.16,1.875,1.6403011043279434,1.3852893744606192,1.5947076405945388,1.058
11497,9.5268,13.0,7.139275766016713,0.9902506963788301,2429.0,3.383008356545961,33.67,-118.07,4.379,4.329282901122402,4.33931020492106,4.7482626508624595,4.474127083333335
9060,4.5455,25.0,5.511326860841424,1.1067961165048543,775.0,2.5080906148867315,34.68,-118.14,1.265,2.1158371010804364,1.9909015197345217,1.8635730494278335,2.3668121212121216
9398,7.9606,34.0,6.504545454545455,1.018181818181818,503.0,2.286363636363636,37.9,-122.55,4.534,4.10599492562372,4.131854189678672,4.271251422070889,5.00001
980,4.9879,28.0,6.517985611510792,1.0575539568345325,853.0,3.068345323741007,37.67,-121.87,2.294,2.5412129853792957,2.3886873752706164,2.3290416458892502,3.716431428571428
17032,4.5075,39.0,5.2509855453350855,1.0420499342969776,1744.0,2.2917214191852824,37.51,-122.27,3.649,2.8183254338467956,3.0803131821146525,2.648628906267359,3.2580940654205603
19173,3.5885,18.0,5.236538461538461,1.0173076923076922,1150.0,2.2115384615384617,38.43,-122.68,1.919,1.977288250103814,1.8370029194218842,1.842909243922235,1.9333030303030307
5217,0.6831,37.0,3.904831625183016,0.9824304538799414,2865.0,4.194729136163982,33.95,-118.23,0.875,0.935580957081454,0.16063489500671801,1.103350100255883,1.1610000000000003
3018,2.6389,45.0,5.497175141242938,1.0338983050847457,500.0,2.824858757062147,35.07,-119.45,0.3,1.803413971944538,1.7094891557557486,1.68010800151478,0.7265511811023622
10786,4.9125,30.0,5.026699029126213,1.0,1081.0,2.6237864077669903,33.63,-117.91,3.357,2.645251381911037,2.7630849093645056,2.4399125616085695,2.684588697916666
19076,3.8,26.0,6.876494023904383,1.151394422310757,672.0,2.6772908366533863,38.29,-122.49,2.421,2.028435774477231,1.8450848925339212,1.875082214265543,1.7754074074074069
3635,3.9615,37.0,4.879213483146067,1.0365168539325842,1061.0,2.980337078651685,34.23,-118.43,1.737,2.3058537271802884,2.3273386253473847,2.0891724070965387,2.0675079006772012
19897,1.5464,17.0,4.5,0.9935064935064936,2022.0,4.376623376623376,36.31,-119.22,0.541,0.5034431158228627,0.39741391483913047,0.7755370703532474,0.5282911392405063
16627,3.6412,15.0,5.3442088091354,1.0929853181076672,1520.0,2.4796084828711256,35.33,-120.84,2.078,2.5193865343072637,2.6041522856948216,2.5206633629883863,2.0455147058823524
2712,1.625,19.0,6.8545454545454545,1.2545454545454546,198.0,3.6,32.75,-115.64,1.125,0.42044542426786213,0.40281614630179563,0.7409711349274613,0.6719375
6187,4.25,35.0,5.481037924151696,0.9540918163672655,1779.0,3.5508982035928143,34.1,-117.91,1.667,2.1026537550169,1.884237775891267,1.89524271926742,2.1734680851063817
16979,4.7344,37.0,5.136125654450262,0.9607329842931938,1267.0,3.316753926701571,37.56,-122.3,2.718,2.840538361838566,2.833166534328499,2.6702558318992895,2.534886363636364
14751,4.6364,17.0,6.16986301369863,1.0356164383561643,1776.0,4.865753424657535,32.57,-117.06,1.411,2.348882624460168,2.1110816587080796,2.248226904031524,1.797610169491524
6920,2.125,31.0,5.714285714285714,1.1428571428571428,25.0,3.5714285714285716,34.02,-118.05,3.75,1.3271783346426798,1.0211844839983204,1.326903513915425,1.9094000000000002
3669,2.1518,43.0,3.728125,0.934375,1184.0,3.7,34.23,-118.39,1.616,1.5940607686263395,1.3230173706826691,1.497844257293556,1.1610000000000003
11686,4.2422,15.0,4.3605313092979125,1.0759013282732448,1261.0,2.3927893738140416,33.88,-117.99,1.594,2.27043425689975,2.392686474239284,2.0879361606884417,1.7236739130434784
16558,2.5156,32.0,4.833333333333333,1.0486111111111112,443.0,3.076388888888889,37.83,-121.28,0.863,1.3493536667338986,1.1106979403132355,1.2681956994641714,1.2356410256410257
18510,4.3409,40.0,5.134883720930232,1.041860465116279,669.0,3.1116279069767443,36.98,-121.99,2.563,2.867812485104513,3.0370796446986605,2.72133251822183,2.288930232558139
3887,2.9389,18.0,4.308965517241379,1.0979310344827586,1855.0,2.5586206896551724,34.21,-118.53,2.132,1.8323412036012428,1.9056245167789552,1.7454922742739383,2.1658684868421063
11119,4.2276,17.0,4.586274509803921,1.0441176470588236,2427.0,2.3794117647058823,33.85,-117.85,2.541,2.18015676570171,2.272698957442003,2.0106893155876775,2.041710526315789
12113,4.7877,11.0,6.087396504139835,1.0285188592456302,3710.0,3.4130634774609017,33.95,-117.24,1.326,1.8629843873007832,1.7055164510830885,1.7175737188048958,1.3805932203389832
15330,1.6402,24.0,4.53427065026362,1.0615114235500878,982.0,1.7258347978910369,33.23,-117.32,1.693,1.1430038338584867,1.1226084341950306,1.2252281780909593,1.3769230769230767
15840,3.95,52.0,5.02546689303905,1.0577249575551784,1191.0,2.0220713073005094,37.75,-122.43,3.477,2.7054083941091043,3.1078493251405312,2.4757528175800245,3.425966666666667
6143,3.7727,22.0,4.805602716468591,1.0263157894736843,5389.0,4.574702886247878,34.1,-117.98,1.597,1.9213670101360103,1.793305975001799,1.807651923120047,1.6980914893617025
9250,4.8187,20.0,7.664233576642336,1.1569343065693432,910.0,3.321167883211679,36.96,-120.1,0.909,1.853355383733946,1.7966928877212327,1.6494696798156019,2.6921250000000003
8066,4.3125,46.0,6.135135135135135,0.963963963963964,531.0,2.391891891891892,33.83,-118.17,2.905,2.397456697221678,2.6193095829536044,2.189539978552395,3.2580940654205603
6077,4.51,22.0,5.858597285067873,1.0678733031674208,2315.0,2.6187782805429864,34.1,-117.85,1.899,2.1116159843560003,2.0595034042239977,1.9275546111204385,2.3668121212121216
4106,8.0499,36.0,6.080530973451327,1.0442477876106195,2216.0,1.961061946902655,34.13,-118.36,4.956,4.001265684054118,4.346253874360147,4.074899528034089,4.528434285714285
133,6.8976,34.0,6.6122715404699735,1.0287206266318538,1627.0,2.1240208877284594,37.83,-122.21,3.333,3.504237680461502,3.6122059817120125,3.4122367717315525,2.8261428571428575
1006,3.7212,26.0,5.07088122605364,1.0268199233716475,1422.0,2.7241379310344827,37.69,-121.75,1.838,2.0474386239885956,1.8934939555446946,1.8657061372450348,2.0675079006772012
6164,3.2969,37.0,5.030973451327434,0.8982300884955752,672.0,2.9734513274336285,34.08,-117.95,1.89,1.7362530651670252,1.5797107294805337,1.59623598628701,2.0675079006772012
12495,1.5872,52.0,3.5324858757062145,1.0692090395480225,1081.0,1.5268361581920904,38.58,-121.48,1.575,1.0799116172504775,1.0995477150590398,1.0136424700743816,1.1636896551724139
3184,2.1681,30.0,5.244318181818182,1.1107954545454546,1255.0,3.565340909090909,36.3,-119.78,0.666,1.1603541016403005,0.8856788068504327,1.1691514301120365,0.5950161290322581
13938,4.5536,10.0,11.098130841121495,1.97196261682243,1220.0,2.850467289719626,34.24,-117.26,1.324,1.7631099873334533,1.935351891005296,1.6088865505250975,1.4043157894736842
4202,3.133,33.0,4.31023102310231,1.066006600660066,2496.0,4.118811881188119,34.11,-118.23,1.56,1.9451994535079118,1.8107848459404638,1.7920467815196148,1.6980914893617025
5337,3.287,31.0,3.8945022288261515,1.050520059435364,1632.0,2.424962852897474,34.04,-118.46,3.481,2.170852705623647,2.4162595495086703,2.0033816395136617,2.0675079006772012
9839,4.3,27.0,4.7063953488372094,1.0232558139534884,831.0,2.4156976744186047,36.61,-121.92,2.264,2.8884077427760966,3.190804581618739,2.8215337185282032,3.2580940654205603
2796,2.0357,34.0,4.906103286384977,1.1220657276995305,896.0,2.103286384976526,36.64,-118.05,0.742,0.3032225280481031,0.5310506564198525,0.5511307527591718,0.656358695652174
10545,3.2841,15.0,5.4788461538461535,1.0326923076923078,878.0,1.6884615384615385,33.71,-117.75,1.583,1.6393413926674025,1.7406877277313557,1.5854964286995767,1.7236739130434784
18269,10.0346,28.0,8.134038800705467,1.072310405643739,1686.0,2.9735449735449735,37.36,-122.07,5.00001,4.833320914356689,4.982108754201599,5.6144698489920195,4.999921329113908
7870,2.7121,29.0,4.163716814159292,1.0870206489675516,1723.0,2.5412979351032448,33.89,-118.13,1.655,1.8080960747330241,1.8949668210285955,1.69555164186154,1.8302134831460672
17981,3.5652,27.0,4.357522123893805,1.008849557522124,1278.0,2.2619469026548673,37.31,-121.95,3.295,2.3092548802533672,2.3613800863721472,2.1492876476997114,2.30386
14090,2.875,30.0,4.421686746987952,1.1421686746987951,934.0,2.2506024096385544,32.76,-117.1,1.396,1.932557314616297,2.1309158911186747,1.8001340726364026,2.846458333333334
14914,3.9076,18.0,5.443807339449541,0.9701834862385321,3002.0,3.4426605504587156,32.6,-117.04,1.529,2.051170765436963,1.8100000399091964,1.9820983715789913,1.4865625000000005
8309,5.1508,15.0,5.3171728971962615,1.078855140186916,3333.0,1.9468457943925233,33.77,-118.11,3.673,2.6580266106366413,2.9200073665976376,2.5271167372124226,3.205471176470588
2533,2.5625,23.0,5.498901098901099,1.0571428571428572,1443.0,3.1714285714285713,39.72,-122.04,0.7,0.7413253230094727,0.8448904953638492,0.8399462385153875,0.9439714285714282
5203,2.5179,42.0,4.424242424242424,1.0722610722610724,1503.0,3.5034965034965033,33.93,-118.28,0.974,1.8490089867655448,1.7603746301739895,1.716475069277768,1.417333333333333
19691,2.5469,35.0,4.637271214642263,0.9767054908485857,1431.0,2.3810316139767056,39.12,-121.62,0.659,0.9668117000299585,0.8614285975360088,0.9563791733725446,1.1184398496240606
2937,1.2232,31.0,4.405882352941177,1.0558823529411765,1168.0,3.4352941176470586,35.36,-118.99,0.493,0.8591299598081543,0.5346956203806663,0.9972473660487771,0.5282911392405063
6293,3.6275,23.0,4.876344086021505,1.0268817204301075,3881.0,4.173118279569892,34.01,-117.89,1.541,1.8608871955508062,1.655353609610885,1.7431053554593383,1.6980914893617025
8453,2.8512,25.0,3.431693989071038,1.0091074681238617,1337.0,2.435336976320583,33.91,-118.35,2.728,1.9490449258544948,2.133556667802183,1.8261995687312336,2.704666781609195
5853,5.1008,47.0,5.338144329896907,0.9587628865979382,1284.0,2.647422680412371,34.17,-118.32,2.471,2.774983136149266,2.960392036892144,2.5167406557517387,3.2490572357723586
451,1.7778,30.0,3.447058823529412,1.0329411764705883,862.0,2.028235294117647,37.87,-122.27,2.688,1.5729859776957567,1.5630991574686155,1.5031532609918927,1.2278333333333333
6896,3.6625,32.0,4.766414141414141,0.9924242424242424,2416.0,3.0505050505050506,34.05,-118.12,2.476,2.0405741063065497,1.9714091341153428,1.8753830699622438,2.0675079006772012
8810,6.6447,20.0,6.170940170940171,1.0213675213675213,2757.0,2.9455128205128207,33.77,-118.31,4.168,3.311001832148767,3.5576903819541785,3.2830237826215685,3.4001707317073167
12928,3.5852,36.0,5.4411764705882355,0.9575163398692811,846.0,2.764705882352941,38.65,-121.3,1.216,1.386577205200251,1.1477435159356277,1.2239703378819233,1.380823182711198
7365,3.1875,44.0,4.012886597938144,1.0038659793814433,2959.0,3.8131443298969074,33.96,-118.2,1.717,2.1147192640526122,2.1644989526993657,1.9271359880656718,1.6980914893617025
20414,3.5504,11.0,4.302564102564102,1.065934065934066,3089.0,2.263003663003663,34.18,-118.85,1.738,2.164285532518018,2.3447752708350156,2.093106607444093,2.3425576923076923
11545,5.2001,16.0,6.118892508143323,1.0586319218241043,1291.0,2.1026058631921822,33.75,-118.04,2.356,2.5567935991073245,2.6993985019569857,2.4058780168428577,1.6860000000000002
6682,4.3452,49.0,5.642307692307693,0.9961538461538462,688.0,2.646153846153846,34.15,-118.09,2.601,2.357042109329206,2.411949157498236,2.086171479640382,2.4912702702702694
4375,2.3421,48.0,3.425531914893617,1.0468085106382978,633.0,2.6936170212765957,34.1,-118.28,2.0,1.8649656974595479,2.011382044117869,1.6765474753547251,2.1658684868421063
7724,5.1587,36.0,5.996923076923077,0.9815384615384616,909.0,2.796923076923077,33.94,-118.11,2.966,2.636295858947017,2.703963965497809,2.4155747531352456,2.6725964912280706
18498,4.0238,19.0,6.498630136986302,1.0794520547945206,1142.0,3.128767123287671,37.02,-121.51,3.746,2.156594139054598,1.9767504532631632,2.0425699966590374,3.0425
1815,4.1146,45.0,5.076326002587322,1.0789133247089262,1992.0,2.5769728331177233,37.91,-122.31,1.778,2.5987176767881754,2.7687694030099523,2.358690151022121,1.4528333333333332
5948,5.4224,37.0,6.620947630922693,1.0349127182044888,1056.0,2.6334164588528677,34.15,-117.87,2.695,2.5372105378095515,2.5062442879689604,2.2657938246423788,2.85207862745098
2483,1.8264,18.0,5.557603686635945,1.262672811059908,622.0,2.866359447004608,36.14,-120.36,0.62,1.2931244139028624,1.093841978030929,1.333296006452092,0.8249843750000002
3375,3.5214,35.0,5.024570024570025,1.1056511056511056,1166.0,2.864864864864865,34.25,-118.28,1.976,2.051901689093529,2.0367326964379355,1.8569355134034615,2.0675079006772012
16252,1.962,43.0,4.5576923076923075,1.0625,749.0,3.6009615384615383,37.96,-121.27,0.527,1.1914230767011542,0.8061651289793179,1.137887517395161,0.8206028708133976
11266,4.3036,32.0,5.375621890547263,1.0746268656716418,1503.0,3.7388059701492535,33.8,-117.98,1.914,2.36112148839882,2.2647498300986424,2.160114842807436,2.1734680851063817
16080,4.3909,52.0,5.60091743119266,1.0298165137614679,1188.0,2.7247706422018347,37.74,-122.49,3.177,2.838154878139803,3.113557160593924,2.63276930599546,3.4461818181818185
7639,4.526,21.0,6.285714285714286,1.0259165613147914,4185.0,2.645385587863464,33.8,-118.29,3.294,2.3364188986429686,2.221008913989515,2.253607330147916,2.0204405504587157
5547,5.6732,43.0,5.907090464547677,1.1100244498777505,1028.0,2.513447432762836,33.96,-118.4,3.307,3.165048097674052,3.5642330582328574,2.9863953854888914,3.8499041935483875
3455,5.1668,28.0,5.701252236135957,1.0178890876565294,2205.0,3.9445438282647585,34.3,-118.41,1.874,2.599376849511634,2.4840038753952984,2.397803124165026,2.20485294117647
6385,3.6705,46.0,5.49438202247191,1.1161048689138577,816.0,3.056179775280899,34.16,-118.06,2.865,2.1184152555942095,2.0598889328378274,1.877076748692085,1.813153846153846
12389,3.7727,24.0,10.953586497890296,1.8481012658227849,473.0,1.9957805907172996,33.75,-116.43,5.00001,1.3199543096253976,1.5040050417125252,1.2443363344270355,0.9440000000000002
1288,4.4491,19.0,6.369668246445498,1.1113744075829384,1216.0,2.881516587677725,38.01,-121.78,1.339,2.0905477256029776,1.924287778455289,1.8920257274349868,1.7884230769230764
3886,4.6607,29.0,4.730103806228374,0.9792387543252595,2630.0,3.033448673587082,34.22,-118.53,1.998,2.5595017839754783,2.6601654797661296,2.3760870382662027,2.0026875
2781,0.8585,15.0,4.826666666666667,1.26,949.0,3.1633333333333336,32.76,-114.63,0.45,-0.15023192339562907,0.27760580551323133,0.41249176417190375,0.8468571428571429
18115,6.7123,26.0,6.6767676767676765,1.0134680134680134,924.0,3.111111111111111,37.3,-122.02,3.546,3.461436788428268,3.4968463902357714,3.438673626523058,2.7542142857142857
5511,4.5521,35.0,4.375634517766497,1.0634517766497462,1079.0,2.738578680203046,33.99,-118.42,2.638,2.7318187027933014,2.9792910507927823,2.516996686719453,2.3668121212121216
6433,3.94,32.0,5.697058823529412,0.9764705882352941,922.0,2.711764705882353,34.12,-118.01,2.784,1.9649505558115483,1.8924136564030594,1.7912356308632686,2.71530025
8108,1.9848,38.0,3.8285714285714287,1.1333333333333333,1535.0,2.9238095238095236,33.8,-118.19,1.604,1.7097304414323917,1.8050561500065863,1.6121535289519229,1.4554117647058822
10101,5.7796,32.0,6.107226107226107,0.9277389277389277,1296.0,3.020979020979021,33.92,-117.97,2.413,2.7663464758374903,2.7476991787589187,2.548310215885671,3.384902920353981
1981,5.7373,12.0,5.6594827586206895,0.9956896551724138,731.0,3.1508620689655173,38.63,-120.84,2.083,1.9295231106319166,1.4965625525620883,1.593812436939423,2.3893999999999997
17643,5.4609,28.0,6.80359820089955,1.0269865067466266,1996.0,2.992503748125937,37.27,-121.9,2.636,2.873150597335361,2.8844099565868326,2.7509141900502034,2.5369416788321173
15135,4.0625,23.0,5.180451127819549,1.0112781954887218,767.0,2.8834586466165413,32.85,-116.92,1.45,2.083467913717261,2.0492766787950583,1.921734992366806,1.4865625000000005
19317,2.6161,30.0,6.833333333333333,1.597938144329897,1387.0,2.3831615120274914,38.49,-123.04,1.325,2.0453446945680205,2.029459887456868,1.9042908209581269,1.4800952380952381
4160,2.6591,33.0,5.110738255033557,1.3120805369127517,753.0,2.5268456375838926,34.11,-118.18,1.838,1.8140287413071068,1.8928465078660628,1.6647974025835834,1.417333333333333
2177,2.8194,24.0,4.7625,1.0208333333333333,608.0,2.533333333333333,36.75,-119.85,0.811,1.2296018744750157,1.200445992635787,1.1789220670578406,0.7265511811023622
3634,3.4013,35.0,5.303030303030303,0.987012987012987,720.0,3.116883116883117,34.23,-118.43,1.765,1.9442329153291327,1.8293262594052482,1.7951276703450465,2.0095447154471544
5770,3.0114,47.0,4.211594202898551,1.0318840579710145,787.0,2.281159420289855,34.16,-118.27,2.555,2.0185289843093237,2.195169835453748,1.8038951348759706,2.704666781609195
7883,3.5278,32.0,3.878524945770065,0.9956616052060737,1131.0,2.453362255965293,33.88,-118.13,1.661,2.172585965307249,2.3250044373891297,1.9799719614682902,2.0675079006772012
12964,4.3836,18.0,6.057575757575758,1.1272727272727272,2071.0,3.1378787878787877,38.71,-121.31,1.02,1.6020373670855865,1.475778631922663,1.4011011419623993,1.6465507246376807
13541,3.2292,44.0,5.291814946619217,0.9715302491103203,972.0,3.4590747330960854,34.14,-117.31,0.861,1.4941023189734415,1.1452229308436752,1.3458466525330963,1.1491942446043166
18735,2.485,20.0,5.147058823529412,1.035294117647059,834.0,2.4529411764705884,40.51,-122.4,1.006,0.5319283747468675,0.9280455826267564,0.6981465237988866,0.9439714285714282
15754,3.0409,52.0,3.7452991452991453,1.0717948717948718,1100.0,1.8803418803418803,37.77,-122.45,5.0,2.467374171578413,2.9668719008881785,2.2241941738634927,3.524500454545454
8087,5.3096,47.0,5.588095238095238,1.0404761904761906,1219.0,2.9023809523809523,33.81,-118.2,2.099,3.0001482221409987,3.326874210569698,2.7872947010570663,2.6725964912280706
16180,1.1094,49.0,3.7735849056603774,1.1446540880503144,1448.0,4.553459119496855,37.95,-121.28,0.525,1.0320231863121943,0.5550638194213968,1.0301146768857072,0.7472181818181819
5836,3.0431,41.0,4.605475040257649,1.0982286634460547,1516.0,2.4412238325281805,34.2,-118.34,2.629,1.989313005755275,2.131347782059658,1.8055485408700154,1.417333333333333
2238,5.4868,7.0,6.466101694915254,0.9661016949152542,1077.0,3.042372881355932,36.84,-119.82,1.588,1.9545887976182441,1.9541703918699278,1.7295033017542978,1.1703000000000001
5954,2.588,40.0,5.09375,1.09375,607.0,2.37109375,34.13,-117.86,2.095,1.5349714831192134,1.4826082124245274,1.4234343042323587,1.9871230769230763
4269,1.705,33.0,2.5114754098360654,1.137704918032787,918.0,3.0098360655737704,34.1,-118.31,3.5,1.6284783229987427,1.8260555243073995,1.5179755946603137,2.321653194444445
3508,4.9485,36.0,5.320610687022901,0.9694656488549618,761.0,2.904580152671756,34.26,-118.46,2.171,2.633319713628487,2.661339805237171,2.4019877353052306,2.684588697916666
9577,3.3194,21.0,6.878048780487805,1.1170731707317074,590.0,2.8780487804878048,37.32,-120.55,1.414,1.3023746325536787,1.3119244215179333,1.2590812896834613,1.380823182711198
12398,2.9187,15.0,6.325714285714286,1.1714285714285715,1152.0,3.2914285714285714,33.67,-116.31,0.934,0.8656509676454593,0.9437295517968531,0.964223299702073,1.1158461538461537
484,1.8447,52.0,4.20985401459854,1.063868613138686,1127.0,2.0565693430656933,37.86,-122.27,1.982,1.75064636672888,1.8183238932243047,1.6055655193640632,2.4817500000000003
10957,2.8342,34.0,4.69375,1.0515625,5477.0,8.5578125,33.75,-117.88,1.872,1.7398748254220688,1.231819658969216,1.6701454894765266,1.593
15888,2.1767,45.0,4.841059602649007,1.0198675496688743,924.0,3.0596026490066226,37.74,-122.39,1.853,1.8185301065067323,1.554754215331965,1.705037728970523,1.7327142857142857
6399,15.0001,35.0,8.586206896551724,1.0689655172413792,268.0,9.241379310344827,34.13,-118.04,5.00001,6.65976541927316,3.256877590604856,9.755320705306103,3.606604
20140,5.3582,35.0,4.8125,0.9375,334.0,3.4791666666666665,34.34,-119.04,2.813,3.0618534916508153,3.1701353731516484,2.9112738249907766,2.20485294117647
7524,2.7083,36.0,4.6050955414012735,1.0063694267515924,1286.0,4.095541401273885,33.91,-118.24,1.036,1.7915852428394736,1.4863499763612873,1.6849700772481024,1.417333333333333
9276,6.0132,25.0,6.675814751286449,0.9819897084048027,3445.0,2.9545454545454546,38.12,-122.59,2.879,3.0119285301478196,2.9727119029398734,2.902137228190669,2.2165000000000004
5764,2.9,12.0,3.662847790507365,1.11620294599018,1882.0,3.0801963993453354,34.17,-118.29,2.083,1.7613408789124592,1.8710959185346185,1.6705414130233187,2.1658684868421063
1719,6.0115,3.0,5.533980582524272,1.0563106796116506,1024.0,1.9883495145631067,37.98,-122.33,1.75,2.9505786913845697,2.8582664326467704,2.812215301457354,3.2636000000000003
19323,1.9265,44.0,6.8808510638297875,1.5872340425531914,1112.0,2.3659574468085105,38.5,-122.97,1.327,1.8238964972159843,1.7784744573602975,1.6894217579473465,1.7327142857142857
6210,3.055,35.0,5.878571428571429,1.05,1056.0,3.7714285714285714,34.07,-117.9,1.72,1.6015185321613399,1.2908225741258756,1.50520605820043,1.593
11038,11.1228,17.0,8.586705202312139,1.0115606936416186,1180.0,3.4104046242774566,33.83,-117.8,5.00001,4.740622478993901,4.272211756108144,5.346795913947554,4.994736363636365
2751,1.899,17.0,5.50561797752809,1.0926966292134832,1691.0,4.75,32.69,-115.49,0.64,0.5165828466139093,0.27513946257904043,0.788847602074124,0.6719375
447,3.006,52.0,4.701970443349754,1.0246305418719213,811.0,1.9975369458128078,37.88,-122.28,2.279,2.1770647586595455,2.3249935515943956,1.9474368700337124,2.846458333333334
19986,2.3152,25.0,5.412844036697248,1.055045871559633,1424.0,3.2660550458715596,36.21,-119.32,0.631,0.9522777048186737,0.8118247456973273,1.0261475293258089,0.8249843750000002
14261,1.8187,36.0,4.4734513274336285,1.1194690265486726,763.0,3.3761061946902653,32.7,-117.12,0.841,1.523046548517644,1.3213815793084358,1.4892119876272765,0.8502666666666666
9961,5.815,34.0,7.670411985018727,1.1835205992509363,780.0,2.9213483146067416,38.33,-122.26,3.392,2.819936234722214,2.6502361647347703,2.5580443927101197,3.384902920353981
9229,3.0,18.0,4.456140350877193,0.9122807017543859,393.0,3.4473684210526314,36.96,-120.16,1.563,1.248562141102909,1.171813056669426,1.2072522781357433,0.7265511811023622
14374,4.9125,38.0,6.501766784452297,1.028268551236749,633.0,2.2367491166077738,32.73,-117.25,3.836,2.6571135293214327,2.9988194674033317,2.489740584350021,3.2580940654205603
12072,3.9414,18.0,5.366754617414248,1.0448548812664908,4976.0,3.282321899736148,33.87,-117.55,1.371,1.8189304886257802,1.658846373328103,1.7159464893124055,1.4830576923076921
3222,2.3256,24.0,5.959550561797752,1.2764044943820225,1532.0,3.4426966292134833,36.32,-119.66,0.568,1.1535953432375483,1.0027208597297579,1.1652139297763386,0.8249843750000002
16246,2.5714,43.0,4.9393939393939394,0.9772727272727273,1322.0,2.503787878787879,37.98,-121.27,0.7,1.3453377023464075,1.1260773143650544,1.244925376108235,1.1184398496240606
16426,2.0284,35.0,5.3250883392226145,1.1060070671378093,868.0,3.067137809187279,38.22,-121.42,0.963,1.0404065955849648,0.8082065838392141,1.0564595145379703,0.8206028708133976
16196,3.3466,52.0,5.733542319749216,0.9435736677115988,694.0,2.175548589341693,37.96,-121.31,0.926,1.6845167804838215,1.5432889590152146,1.4692874923450385,1.5968333333333333
11610,6.6264,25.0,7.226993865030675,1.0122699386503067,937.0,2.874233128834356,33.78,-118.05,3.591,3.1010348141551027,3.2372666139708026,2.970228309226359,3.4001707317073167
7775,3.7604,36.0,4.2631578947368425,0.9789473684210527,862.0,3.024561403508772,33.9,-118.09,1.587,2.2281084544215557,2.2256253040042453,2.0153778641881814,2.0675079006772012
8654,4.7105,41.0,4.277246653919694,1.1414913957934991,938.0,1.7934990439770555,33.86,-118.4,5.00001,2.984001894367614,3.645721265021779,2.7719319002892875,4.200291730769228
9786,3.3724,16.0,5.740671641791045,1.171641791044776,1479.0,2.7593283582089554,35.94,-121.0,1.146,2.233629977095385,2.1597125209333776,2.1819088632822714,2.0455147058823524
10311,8.1117,8.0,7.8739903069466886,1.012924071082391,2070.0,3.344103392568659,33.88,-117.77,4.102,3.355487816981263,3.3006330671762605,3.2860787276301915,3.5847777777777785
17972,3.1103,20.0,6.618497109826589,1.1445086705202312,431.0,2.491329479768786,37.32,-121.95,2.819,1.8612048990531815,1.663345907306237,1.7998088143962736,1.380823182711198
18700,3.0549,7.0,5.196351931330472,1.0643776824034334,2223.0,2.3851931330472103,40.58,-122.34,1.017,0.6199223130436695,1.2270958624901753,0.7566329083830141,0.9439714285714282
180,2.5238,49.0,4.192023633677991,1.106351550960118,1487.0,2.1964549483013296,37.8,-122.24,1.693,2.0725902865303323,2.2809108584028683,1.8675092569400182,2.1326419402985084
8279,3.3003,13.0,3.70873786407767,1.0449029126213591,1600.0,1.941747572815534,33.78,-118.15,2.078,1.9967589543290294,2.26391981997681,1.8866236062358386,2.041710526315789
9390,3.8839,44.0,5.299813780260708,1.0260707635009312,1232.0,2.2942271880819365,37.9,-122.53,3.272,2.518692737108693,2.6414021792217426,2.3134094351605548,2.9478
8778,4.0425,31.0,4.713833157338965,1.0464625131995775,2420.0,2.555438225976769,33.8,-118.31,2.779,2.4392408725201817,2.6969585442216464,2.2795322841134396,2.0675079006772012
13974,2.8214,14.0,10.529255319148936,2.257978723404255,1064.0,2.8297872340425534,34.29,-116.76,1.114,1.081505915496829,1.2594473347631312,1.0757764137321142,1.1158461538461537
251,1.7546,52.0,4.733333333333333,1.0466666666666666,1085.0,3.6166666666666667,37.76,-122.21,0.806,1.6427325299052535,1.267914532068825,1.5382004701600889,1.138411764705883
10548,5.5464,3.0,5.224137931034483,1.0761494252873562,1486.0,2.1350574712643677,33.7,-117.77,2.075,2.613195477738973,2.726604071127397,2.4475954251780285,3.033091818181818
1512,5.0362,29.0,6.110112359550562,0.9786516853932584,2310.0,2.595505617977528,37.91,-122.03,2.753,2.5284699417259193,2.4069593178640485,2.3191261758312325,1.7446666666666664
17516,5.4273,44.0,5.712,0.9546666666666667,846.0,2.256,37.33,-121.93,4.21,3.0844007686019395,3.3314042223790437,2.9005971599129197,3.8553143749999994
19748,4.2917,17.0,5.482014388489208,0.9928057553956835,322.0,2.316546762589928,40.2,-122.23,1.288,1.2967196127001466,1.2887634449507466,1.1311087963532969,1.3324
9831,3.5147,28.0,5.119537275064268,1.095115681233933,1582.0,2.033419023136247,36.63,-121.93,3.139,2.54687926152975,2.7762918002187114,2.4754460022886873,2.30386
2864,3.3462,32.0,5.715672676837725,1.0471567267683772,2590.0,3.592233009708738,35.37,-118.91,0.676,1.6106957926595398,1.3355941435311638,1.4948449212014534,0.8624959349593496
9543,1.9236,37.0,3.710227272727273,1.0,827.0,4.698863636363637,37.38,-120.73,0.644,1.1766615037002506,0.652928942397085,1.1372484822996842,0.7472181818181819
8407,2.2679,36.0,3.251063829787234,1.0340425531914894,1824.0,3.880851063829787,33.93,-118.34,1.539,1.8172846850188973,1.7654567751880441,1.6989130213522765,1.6381940298507462
12885,2.7011,8.0,4.291989664082688,1.0400516795865633,1694.0,2.1886304909560725,38.66,-121.35,1.307,0.9417809819385305,1.23739723397185,0.9924969316515277,1.4082222222222223
3752,2.8208,33.0,4.051020408163265,1.1581632653061225,739.0,1.885204081632653,34.17,-118.38,2.385,1.9605730051708194,2.246116548363044,1.7869311669088286,2.704666781609195
17134,5.6234,42.0,5.334224598930481,1.1016042780748663,794.0,2.122994652406417,37.46,-122.15,3.796,3.3560166811621626,3.6924097579911335,3.214790315030835,3.8553143749999994
10984,2.8261,24.0,4.532994923857868,1.0609137055837563,342.0,1.736040609137056,33.75,-117.82,1.465,1.6746015439813853,1.839046814891611,1.579009795409279,2.2096153846153843
8058,3.2798,45.0,4.066202090592334,1.0522648083623694,773.0,2.6933797909407664,33.85,-118.19,1.503,2.247409957223414,2.465692626256662,2.0234795419937663,2.2003333333333335
10690,2.395,25.0,4.798722044728435,1.1469648562300319,891.0,1.4233226837060702,33.61,-117.71,0.803,1.5365737537484372,1.7153247960179994,1.4859367881674976,1.168242424242424
13035,2.5183,15.0,5.487544483985765,0.9911032028469751,1040.0,1.8505338078291815,38.71,-121.17,2.933,0.6455219763191935,1.0576166999220284,0.8131099665795987,1.2661093749999996
1527,5.1097,29.0,5.55510752688172,1.0349462365591398,1691.0,2.2728494623655915,37.9,-122.08,2.88,2.7022568414822117,2.660370737496462,2.474600517218925,3.2490572357723586
1337,4.8542,17.0,6.537349397590361,1.0650602409638554,1475.0,3.5542168674698793,38.0,-121.87,1.441,2.2362415362336825,2.0160462834310886,2.039579394980686,1.6033541666666669
13302,3.3936,15.0,5.532697547683924,1.1049046321525886,2884.0,3.9291553133514987,34.07,-117.62,1.27,1.5189027130972366,1.3294057242782635,1.463652833931091,1.4830576923076921
688,3.0345,38.0,4.027681660899654,0.9826989619377162,632.0,2.1868512110726646,37.71,-122.12,1.521,2.105696583774397,2.129028803306548,1.9086400209756196,2.1326419402985084
10007,3.0804,14.0,6.162280701754386,1.1798245614035088,660.0,2.8947368421052633,39.11,-121.22,1.568,0.8034408023478878,1.1485006709467018,0.8670435719274503,1.380823182711198
12269,2.4167,25.0,4.777070063694268,0.9949044585987261,1594.0,2.0305732484076433,34.0,-117.04,1.049,0.9720232125824957,0.9474105680082148,1.0365283328183144,1.0660612244897962
5250,11.8442,31.0,8.385678391959798,1.0577889447236182,2092.0,2.628140703517588,34.1,-118.45,5.00001,5.43090465031717,5.4887405697907,6.781680640181398,4.999921329113908
14777,3.8194,25.0,6.180769230769231,1.0769230769230769,899.0,3.457692307692308,32.58,-117.07,1.344,2.0979977808504895,1.990722578102536,1.9946792154796142,1.4865625000000005
17158,11.9666,28.0,7.139240506329114,0.9113924050632911,191.0,2.4177215189873418,37.42,-122.21,5.00001,5.737346451557372,5.170314700890594,7.521216208269104,4.999921329113908
10581,6.5987,24.0,7.375565610859729,1.0361990950226245,1383.0,3.1289592760180995,33.72,-117.82,2.728,3.002931132183735,3.054043236286832,2.8449130259208584,3.1098444444444446
13829,3.071,10.0,6.6875,1.1206896551724137,1283.0,2.7650862068965516,34.53,-117.26,1.516,0.8536016150471144,1.107684875344598,0.9751724855048471,0.9924999999999999
8739,4.1169,23.0,5.544303797468355,1.0520393811533053,1679.0,2.361462728551336,33.81,-118.31,3.626,2.2947693492952785,2.395488487628551,2.1674705847371714,3.1287999999999996
7621,4.25,18.0,5.6019736842105265,1.0386513157894737,3704.0,3.0460526315789473,33.87,-118.25,1.692,2.2305357569681266,2.1550447204298457,2.131326650935197,2.1734680851063817
14612,3.2661,30.0,4.8881578947368425,1.037593984962406,2961.0,2.7828947368421053,32.79,-117.18,1.404,1.9847219522764075,1.9652058314574408,1.8825523791537897,1.62219512195122
20058,1.5069,32.0,4.145833333333333,1.0208333333333333,1282.0,3.8154761904761907,35.88,-119.27,0.437,0.9023390877473652,0.574826495732286,0.9987512521118143,0.53276375
19026,5.5435,34.0,6.084507042253521,0.9154929577464789,208.0,2.9295774647887325,38.35,-122.0,1.36,2.563767591118226,2.2424594456615985,2.252359100663766,2.1669565217391304
20463,5.8096,20.0,8.16588785046729,1.0490654205607477,1629.0,3.80607476635514,34.27,-118.75,2.644,2.6921713689682294,2.738476550539387,2.596986875779338,2.590892857142857
15014,3.7368,37.0,5.281914893617022,0.9875886524822695,1285.0,2.278368794326241,32.76,-117.04,1.522,2.133317592826626,2.242861209201606,1.9691443837954528,2.0391428571428567
4285,1.8277,30.0,2.623205741626794,1.1543062200956937,2197.0,2.6279904306220097,34.1,-118.32,1.375,1.656667934255392,2.0716493734277126,1.5579400209331227,2.7975441304347823
6868,2.1061,32.0,3.4592391304347827,0.9347826086956522,1148.0,3.119565217391304,34.06,-118.11,2.147,1.4521149422810833,1.2949967060634706,1.4034800731066364,1.9368387096774196
20453,3.6761,20.0,4.474714518760195,1.1174551386623164,1798.0,2.933115823817292,34.27,-118.78,1.709,2.2594369101566643,2.395352132724053,2.121515642256358,2.0675079006772012
18421,4.0547,14.0,5.45,1.1016129032258064,1465.0,2.3629032258064515,37.26,-121.81,2.362,2.2999199709171285,2.2650751195340844,2.1727719454141865,2.3425576923076923
16108,3.7969,40.0,4.714285714285714,0.9081632653061225,1266.0,2.583673469387755,37.74,-122.5,2.978,2.473697480660504,2.496213872548796,2.2963449603342148,2.0675079006772012
9234,3.125,14.0,7.271111111111111,1.1244444444444444,766.0,3.4044444444444446,37.04,-119.94,0.885,0.9551479670350642,1.177418222163478,1.0347537145040726,1.1041718749999998
14796,2.3824,27.0,4.533795493934142,1.024263431542461,1889.0,3.2738301559792027,32.58,-117.1,1.276,1.6462208984789184,1.4129736811294282,1.6224312642080991,1.195875
12850,2.7009,35.0,5.752631578947368,1.0105263157894737,590.0,3.1052631578947367,38.69,-121.37,0.802,0.9960810671481699,0.8633068558304087,0.992347956150041,1.1184398496240606
15841,3.2632,52.0,4.61407249466951,1.1364605543710022,1122.0,2.3923240938166312,37.75,-122.42,3.06,2.504151714132319,2.8445467342132016,2.2678121819807133,3.425966666666667
4230,3.2333,48.0,5.045296167247387,1.0278745644599303,681.0,2.3728222996515678,34.11,-118.29,4.364,2.0514149695984107,2.1813900073824275,1.8478266172246904,2.835598712121211
10590,5.1299,16.0,5.776412776412776,0.9901719901719902,2529.0,3.1068796068796067,33.69,-117.78,2.389,2.4202877119818145,2.356458859569096,2.2635072532109866,2.083030303030303
10289,6.9308,18.0,6.704761904761905,1.0793650793650793,1048.0,3.326984126984127,33.88,-117.83,2.317,3.147273407775131,2.982680484343141,2.975840540804121,3.757549032258065
7175,2.4375,47.0,4.8961538461538465,1.0153846153846153,1193.0,4.588461538461538,34.05,-118.19,1.229,1.6662110359116986,1.2099301304982184,1.5528256348659886,1.417333333333333
8156,4.375,37.0,5.24179104477612,1.0298507462686568,836.0,2.4955223880597015,33.82,-118.11,2.182,2.4769406114768433,2.6338515660887816,2.2615607503514994,2.3668121212121216
409,10.0825,52.0,8.209016393442623,1.0245901639344261,658.0,2.69672131147541,37.9,-122.28,3.97,4.909029640578634,5.005432404170241,5.53445137138884,4.999921329113908
19300,2.462,19.0,4.548969072164948,1.0154639175257731,868.0,2.2371134020618557,38.39,-122.83,2.603,1.6472597114034295,1.4632806821088364,1.5938874695792498,1.4068749999999999
9358,5.697,38.0,5.984455958549223,1.0362694300518134,971.0,2.5155440414507773,37.95,-122.54,4.357,3.1804910959941117,3.2837624377522303,3.021394515040466,3.6443333333333334
8379,3.95,45.0,4.5210084033613445,0.8949579831932774,781.0,3.2815126050420167,33.95,-118.35,1.64,2.3941534690720014,2.4304262454614136,2.176679215806682,1.6643333333333332
18620,5.2078,30.0,6.3323170731707314,1.0426829268292683,816.0,2.4878048780487805,37.0,-122.03,4.405,3.0233527293253633,3.2288708059641795,2.946896946119048,3.2490572357723586
2519,3.35,23.0,5.582491582491582,1.0336700336700337,836.0,2.814814814814815,39.7,-122.18,0.854,1.1375700265570334,1.1131093174271178,1.0706926496937221,1.380823182711198
13827,3.205,7.0,5.609427609427609,1.0695847362514028,2764.0,3.102132435465769,34.48,-117.2,1.019,0.9682529544450287,1.0726262051533177,1.046820981824057,1.151586206896552
9143,4.5769,32.0,6.34113712374582,1.1438127090301002,806.0,2.6956521739130435,34.48,-117.96,1.594,2.1298164018310346,2.003709020686564,1.8748301566418961,2.684588697916666
10129,5.4617,17.0,5.48785046728972,1.0373831775700935,1381.0,2.581308411214953,33.92,-117.89,1.903,2.606780925136785,2.595870287448081,2.398337597739306,4.004835
2457,3.1333,30.0,5.925531914893617,1.1312056737588652,966.0,3.425531914893617,36.51,-119.65,1.0,1.3819308296896802,1.1670930651282179,1.2827879240197464,0.8624959349593496
7223,1.8715,34.0,2.942115768463074,1.0199600798403194,1962.0,3.9161676646706587,34.02,-118.16,1.396,1.5307999254853104,1.3985381104011712,1.461036711367535,1.4618837209302329
4045,10.6796,28.0,8.406175771971496,1.0475059382422802,1190.0,2.826603325415677,34.14,-118.49,5.00001,4.87031168687783,4.9034335781142495,5.623567936561347,4.999921329113908
18609,4.0781,30.0,5.685258964143427,1.2390438247011952,686.0,2.733067729083665,37.12,-122.04,1.545,2.70342204795553,2.808000990792447,2.5589687176769043,2.0455147058823524
4189,3.5638,35.0,4.701456310679611,1.0655339805825244,1523.0,3.6966019417475726,34.12,-118.21,1.705,2.0999113607324897,1.9727122704366944,1.9053773848209659,1.6980914893617025
12055,2.3036,39.0,3.793296089385475,0.9162011173184358,769.0,4.29608938547486,33.88,-117.57,1.106,1.3910297381407228,0.9312622357539329,1.318339744010577,0.859875
9861,3.5568,33.0,4.858620689655172,1.0586206896551724,633.0,2.182758620689655,36.6,-121.86,1.912,2.601619702546762,2.8807753496380233,2.4971980174753052,2.30386
6206,7.5,35.0,6.282296650717703,0.9282296650717703,599.0,2.8660287081339715,34.06,-117.9,2.872,3.4590441337960893,3.2310377464554545,3.2694856148055225,2.9586666666666663
14975,4.0444,15.0,5.980392156862745,1.0163398692810457,2629.0,4.295751633986928,32.7,-116.99,1.501,1.987434549137419,1.6795036393936784,1.91742534817244,1.4865625000000005
10279,4.6172,24.0,5.46095717884131,1.0604534005037782,1050.0,2.6448362720403025,33.89,-117.82,2.383,2.3000106593617318,2.2806993001382794,2.087709289139332,2.684588697916666
4199,0.8907,34.0,2.2857142857142856,0.7428571428571429,125.0,3.5714285714285716,34.12,-118.24,1.542,0.9523389148009811,0.628822794275117,1.073542061612017,1.4618837209302329
17577,4.0474,30.0,5.419354838709677,1.0064516129032257,858.0,2.767741935483871,37.31,-121.94,2.805,2.416683761836702,2.3502764733477166,2.2517157186176364,1.380823182711198
7809,4.75,37.0,5.150485436893204,0.9805825242718447,768.0,3.7281553398058254,33.9,-118.1,1.619,2.575740536518145,2.4567247719050327,2.342686569320693,1.782850000000001
19239,5.7819,19.0,6.178885630498534,0.9736070381231672,874.0,2.563049853372434,38.5,-122.63,2.656,2.7689484636050192,2.5773278492092313,2.5595322616994816,3.2636000000000003
14766,4.1029,33.0,4.9125,0.95,330.0,4.125,32.58,-117.1,1.227,2.371812174388499,2.2293935555284605,2.2036068607332475,1.4508124999999998
866,5.2879,12.0,5.410596026490066,1.0066225165562914,3436.0,3.250709555345317,37.57,-122.04,2.312,2.7267316607635204,2.6599888358019124,2.608095510498004,2.7361999999999997
16071,3.9205,43.0,5.407407407407407,1.0396825396825398,979.0,2.5899470899470898,37.75,-122.49,3.191,2.567872410546376,2.6602270445293064,2.376198117380653,1.7754074074074069
11290,4.3906,36.0,5.8621621621621625,0.9702702702702702,1018.0,2.7513513513513512,33.78,-117.93,2.313,2.2885020186589564,2.305779451971256,2.0909990934376794,2.3668121212121216
17854,10.3798,5.0,8.166666666666666,1.0,705.0,3.7903225806451615,37.46,-121.89,5.00001,4.582956406334742,4.095608576479923,5.1722246682022455,4.841132500000002
12514,2.625,51.0,5.387931034482759,1.0129310344827587,452.0,1.9482758620689655,38.56,-121.45,1.212,1.2581037570468079,1.108635994485957,1.1366518315694045,1.2661093749999996
3525,4.055,34.0,5.131436314363143,1.0447154471544715,1966.0,2.6639566395663956,34.27,-118.51,2.225,2.311131579821549,2.4079632378954643,2.1195694740704374,2.112
993,6.1023,17.0,6.630952380952381,1.3968253968253967,729.0,2.892857142857143,37.7,-121.72,4.5,3.1092372484531743,2.760117698441933,2.8918398549844646,2.6474784782608687
5117,1.6156,34.0,4.035019455252918,1.093385214007782,1913.0,3.7217898832684826,33.96,-118.28,1.021,1.4167234062752243,1.1510020474278189,1.4096440441596547,1.1610000000000003
6162,4.064,34.0,4.852216748768473,1.1724137931034482,1269.0,3.125615763546798,34.08,-117.94,2.012,2.2819439173195026,2.2419712282306836,2.0275276605700476,1.6980914893617025
12701,2.0471,16.0,4.274308300395257,1.1596837944664031,2523.0,1.9944664031620554,38.6,-121.41,1.042,0.8722236195376294,1.121303952038608,0.953844874647725,1.7562000000000002
4345,11.615,34.0,7.2148337595907925,1.020460358056266,843.0,2.156010230179028,34.12,-118.37,5.00001,5.433507298637294,4.948634528096946,6.661609294568937,4.999921329113908
17376,2.212,19.0,4.47953216374269,0.9961013645224172,1246.0,2.4288499025341133,34.96,-120.42,1.32,1.92169896277148,1.730466836936794,1.9453089556299021,1.450416666666667
4194,4.5089,32.0,4.37160751565762,1.0250521920668059,1413.0,2.9498956158663883,34.12,-118.23,2.211,2.515286738724289,2.5573315605522753,2.2761559448139796,2.0026875
9098,4.2941,10.0,5.805633802816901,1.1464788732394366,2164.0,3.047887323943662,34.7,-118.4,1.516,1.951604408002808,1.9268596691943776,1.8052851906202134,1.0267857142857142
9887,1.8287,52.0,4.516908212560386,1.0821256038647342,315.0,1.5217391304347827,38.3,-122.29,1.469,1.547397988130449,1.5902035756618433,1.4107789712224617,1.138411764705883
14518,4.2969,16.0,5.607638888888889,1.0052083333333333,1825.0,3.1684027777777777,32.91,-117.13,1.512,2.125870707691207,2.0381250403847417,2.0087728494079133,1.797610169491524
3615,4.0792,34.0,5.19811320754717,1.0,949.0,4.476415094339623,34.26,-118.44,1.651,2.2482591992768075,1.948662332546137,2.0482013572497624,1.7495862068965513
8010,4.8516,34.0,5.343434343434343,1.0782828282828283,972.0,2.4545454545454546,33.86,-118.12,2.136,2.6744144983634,2.850513620833113,2.4539271606286674,2.684588697916666
4400,2.875,39.0,3.8655256723716382,1.0953545232273838,1934.0,2.3643031784841075,34.08,-118.28,2.135,2.0072198795167977,2.2905806201281544,1.825335820791754,2.704666781609195
4034,7.1322,35.0,7.718346253229974,1.0103359173126616,1244.0,3.214470284237726,34.17,-118.56,5.00001,3.4187564859365933,3.6878106009089002,3.351164258812899,3.771
1632,6.917,38.0,6.890710382513661,0.9672131147540983,472.0,2.579234972677596,37.87,-122.17,4.38,3.4359306602147073,3.4170735663415615,3.2925805769696073,4.1686
17788,4.2312,22.0,4.488027366020525,0.9806157354618016,3508.0,4.0,37.36,-121.83,1.838,2.4375559910521227,2.3374730969272557,2.2872467422644593,1.87515625
15637,3.5746,52.0,3.9454297407912686,1.024556616643929,1785.0,2.4351978171896316,37.8,-122.41,3.5,2.611867811860109,3.022935936076049,2.365444202376713,4.130770769230769
9674,3.7315,20.0,7.368303571428571,1.7388392857142858,1085.0,2.421875,37.58,-118.74,1.593,1.0104687195683577,0.9614765838785597,0.8977230753544998,1.1041718749999998
14980,2.981,20.0,5.248502994011976,1.035928143712575,1977.0,2.9595808383233533,32.71,-117.01,1.291,1.6750457261150224,1.4723671738868398,1.6428261790604752,1.3503230769230767
2450,2.2132,46.0,4.687344913151365,0.967741935483871,971.0,2.4094292803970223,36.51,-119.55,0.766,1.1095768785238684,0.9329723765172666,1.07338927791124,0.656358695652174
14352,2.9735,24.0,4.478260869565218,1.1270022883295194,2147.0,2.4565217391304346,32.75,-117.22,2.25,1.9526066857170026,2.112745429861843,1.8580021660998902,1.6175675675675674
3826,2.5842,18.0,3.6778975741239894,1.0781671159029649,2099.0,2.8288409703504045,34.2,-118.45,2.308,1.7035967787413728,1.7811913759671445,1.6339032795546946,2.1658684868421063
11040,8.9257,19.0,8.213541666666666,1.015625,1404.0,3.65625,33.81,-117.81,4.318,3.8349014317427454,3.7427876670684386,3.8949402294289053,4.474127083333335
8350,5.5176,47.0,5.2644927536231885,0.894927536231884,721.0,2.61231884057971,33.96,-118.32,1.91,3.0105043534655875,3.2921594862159633,2.789676144483763,3.8499041935483875
326,1.2625,45.0,5.32404181184669,1.0139372822299653,801.0,2.7909407665505226,37.73,-122.19,0.847,1.2627976073522786,0.7579927442619208,1.2954645111249303,1.138411764705883
8242,1.4565,20.0,3.3309352517985613,1.0,1712.0,3.079136690647482,33.78,-118.18,1.525,1.2577614804391926,1.0794791450337111,1.3275858852778932,1.4618837209302329
12795,1.56,26.0,5.087859424920127,1.0511182108626198,2444.0,3.9041533546325877,38.63,-121.46,0.676,0.5680820224031178,0.39398956658702944,0.7907312225880503,0.8206028708133976
7877,3.3713,29.0,4.359805510534846,1.06807131280389,1747.0,2.831442463533225,33.87,-118.15,1.982,2.0808383436757607,2.163187329155231,1.922797135241753,2.0675079006772012
5716,3.399,48.0,4.976351351351352,0.9932432432432432,807.0,2.7263513513513513,34.2,-118.23,3.063,2.0418353685559776,2.0523357734835734,1.8245489560875923,2.342923076923076
9511,3.5938,36.0,5.74384236453202,1.064039408866995,504.0,2.4827586206896552,39.15,-123.22,1.221,2.0610446460800182,1.838085199282624,1.8486409439925744,1.7754074074074069
12998,6.1943,13.0,6.532467532467533,0.9090909090909091,267.0,3.4675324675324677,38.68,-121.25,2.761,2.1254687799641716,1.848304920627102,1.7931659122780923,1.6913999999999998
13762,2.5156,24.0,5.264928511354079,1.0689655172413792,3132.0,2.6341463414634148,34.07,-117.09,1.03,0.9915590916843255,0.8195027631957583,1.0618821103717062,0.9443571428571428
18104,5.3508,25.0,5.39493670886076,1.0379746835443038,1132.0,2.8658227848101268,37.31,-122.03,4.091,3.0186955546186707,3.044035675731252,2.8902569819633417,3.0211829032258066
4540,2.3472,52.0,3.812807881773399,1.0295566502463054,813.0,4.004926108374384,34.03,-118.2,1.352,1.8345794998226883,1.638495568361742,1.653144723932309,1.6381940298507462
9586,2.558,15.0,3.8518518518518516,0.9590643274853801,2024.0,1.97270955165692,37.32,-120.47,1.216,1.1174503050559588,1.219789711887838,1.1300243071904985,2.1326419402985084
7752,2.5208,30.0,4.3364928909952605,1.1090047393364928,646.0,3.061611374407583,33.92,-118.15,1.828,1.7243297242450022,1.6600161254982237,1.6191595053183407,1.9871230769230763
17681,2.3715,18.0,3.421338155515371,1.027124773960217,974.0,1.7613019891500905,37.29,-121.87,2.28,1.7920004446856532,1.9107733562547453,1.7105548211510282,2.0027999999999997
16357,2.5212,18.0,4.907723169508525,1.0110330992978938,3036.0,3.0451354062186557,38.03,-121.31,1.1,1.1010237573495383,0.9365720342526445,1.1419817947662492,1.1184398496240606
13818,2.8021,14.0,6.239175257731959,1.1463917525773195,1349.0,2.781443298969072,34.43,-117.11,1.112,0.8239987381149265,0.9865769991454009,0.9445518399350756,1.1158461538461537
2981,2.1553,26.0,4.463119709794437,0.9987908101571947,2072.0,2.505441354292624,35.33,-119.02,0.847,1.2039980989158847,1.041274126427362,1.2278413554677479,0.656358695652174
18148,7.7799,25.0,7.045936395759718,1.0141342756183747,704.0,2.487632508833922,37.34,-122.04,4.473,3.880240086270434,3.9667299767656594,4.0064861857039356,5.00001
13129,1.8846,22.0,4.20952380952381,0.9428571428571428,1005.0,2.392857142857143,38.26,-121.31,0.883,0.7968769942911047,0.8430241764448567,0.9199300522279079,0.9192564102564103
322,1.1765,36.0,5.327044025157233,1.3333333333333333,567.0,3.5660377358490565,37.74,-122.19,0.871,1.3800001627276406,0.9222307842288893,1.3711681357232615,1.138411764705883
17519,2.9853,28.0,3.242857142857143,1.05,366.0,2.6142857142857143,37.33,-121.91,1.875,2.2033479114632284,2.2523637987119014,2.015561479309827,1.3244647887323941
7780,2.895,18.0,4.30958904109589,1.084931506849315,1200.0,3.287671232876712,33.91,-118.08,1.469,1.7319146199780913,1.6618680843269629,1.6469984977262664,1.8302134831460672
19484,2.5,36.0,5.506666666666667,1.1133333333333333,432.0,2.88,37.65,-120.98,1.031,1.295065613092879,1.0816959906251156,1.2218270292715414,1.2356410256410257
1554,8.155,16.0,7.282798833819242,0.9620991253644315,1027.0,2.9941690962099123,37.8,-121.98,3.437,3.66948919216909,3.409258544114736,3.6571036412006617,3.4047297297297305
383,2.625,47.0,4.963855421686747,1.3433734939759037,533.0,3.210843373493976,37.74,-122.16,0.982,2.1778354290003046,2.135279715197276,1.9446616170991633,1.6771111111111112
8396,2.2297,35.0,2.5810055865921786,0.9748603351955307,1376.0,3.8435754189944134,33.95,-118.37,2.625,1.8323627238283176,1.8055779593361345,1.7024855443058127,2.8120000000000003
18806,2.7857,14.0,7.334346504559271,1.5927051671732524,805.0,2.4468085106382977,40.48,-121.55,0.774,0.41931177495944594,1.0907165930822342,0.5984207239300761,0.7345217391304347
1768,3.2333,39.0,5.158441558441559,1.1090909090909091,1041.0,2.703896103896104,37.95,-122.34,1.351,2.156163730235197,2.069277954566364,1.9599186913564313,1.380823182711198
12221,3.0043,6.0,5.724757952973721,1.0919778699861686,3062.0,2.1175656984785616,33.71,-117.02,1.347,1.1198336196262129,1.0885157496129336,1.196492698601476,1.0088421052631578
15247,2.7348,16.0,4.2625250501002006,1.0260521042084167,1532.0,3.070140280561122,32.99,-117.26,2.313,1.630943092593902,1.5419105454603117,1.5955068532735988,1.1868571428571428
6258,3.0904,36.0,5.193661971830986,0.9507042253521126,1149.0,4.045774647887324,34.05,-117.96,1.586,1.6670903723139285,1.299743385093922,1.55581015640445,1.7495862068965513
13072,2.5,22.0,4.916,1.012,733.0,2.932,38.57,-121.31,1.016,0.9085306012051015,0.9400990917385534,0.9587356554655306,1.1184398496240606
19015,3.7388,17.0,5.0026431718061675,0.9832599118942731,3182.0,2.80352422907489,38.35,-121.97,1.22,1.7566191881193902,1.5687012420187805,1.6231080460662044,1.6771111111111112
10323,7.7752,23.0,7.638461538461539,1.0692307692307692,826.0,3.1769230769230767,33.81,-117.78,3.8,3.460352005332572,3.369859218697713,3.3541809437671795,3.3638421052631577
9975,3.0938,34.0,5.424568965517241,1.040948275862069,1324.0,2.853448275862069,38.58,-122.45,1.894,1.740903884522364,1.474782004536608,1.5900490411413335,1.7754074074074069
17329,6.2094,16.0,8.197771587743732,1.0974930362116992,959.0,2.671309192200557,34.62,-120.11,4.4,3.3149253879198533,3.7468665130064593,3.471559705589222,2.6474784782608687
3002,2.596,23.0,5.247844827586207,1.0398706896551724,2717.0,2.927801724137931,35.32,-119.01,0.7,1.3050152944868514,1.054069988213678,1.311050874443171,0.7265511811023622
2546,1.8242,37.0,5.273076923076923,1.226923076923077,640.0,2.4615384615384617,40.78,-124.19,0.7,1.198645536936127,0.8956011542582132,1.1501100079930868,0.6606528099173556
8972,4.5982,44.0,5.506849315068493,1.0794520547945206,961.0,2.632876712328767,34.01,-118.41,3.335,2.7009255835171455,2.982176883112337,2.4774124635893684,2.974310344827586
14110,2.1767,13.0,4.050724637681159,1.1202898550724638,1869.0,2.708695652173913,32.75,-117.12,1.018,1.4919082568703064,1.4999079686540433,1.50711791014772,1.171109589041096
4605,15.0001,52.0,8.483018867924528,0.9622641509433962,813.0,3.0679245283018868,34.07,-118.33,5.00001,6.925866970689648,5.962466899473488,10.675232075302317,4.999921329113908
4371,4.5781,52.0,4.646907216494846,1.1262886597938144,787.0,2.0283505154639174,34.11,-118.28,3.605,2.8165556696481246,3.2696712294422214,2.5192574188001244,3.2580940654205603
12933,4.8088,19.0,6.297087378640777,1.0601941747572816,1334.0,2.5902912621359224,38.66,-121.23,1.695,1.7101883731951752,1.5677897253739925,1.4709645140929641,1.7884230769230764
7139,2.4286,36.0,4.442896935933148,1.0668523676880224,1105.0,3.0779944289693595,34.02,-118.12,2.056,1.639194066681135,1.5196130890507697,1.539620586341965,1.9871230769230763
6490,3.4609,35.0,5.234567901234568,1.017283950617284,1375.0,3.3950617283950617,34.1,-118.01,1.663,1.8732287912742267,1.678131873091604,1.7119323476068646,2.0095447154471544
13094,1.8288,20.0,4.277777777777778,1.1527777777777777,667.0,2.3159722222222223,38.56,-121.36,0.325,0.8050781775832305,0.9577418894269012,0.8974107379263536,0.9192564102564103
17741,6.7159,12.0,7.289962825278811,1.0408921933085502,985.0,3.6617100371747213,37.3,-121.74,3.627,3.1492645918799216,3.033988325991751,3.0654704212908994,2.3549166666666665
5610,2.0458,27.0,3.619047619047619,1.0627705627705628,1723.0,3.7294372294372296,33.78,-118.26,1.745,1.6362440261802105,1.4937304281839863,1.5896759143351726,1.1610000000000003
6216,3.5547,34.0,5.051971326164875,1.0913978494623655,1718.0,3.078853046594982,34.06,-117.92,1.976,1.9643274489908005,1.8858094924844981,1.7770955565421285,1.6980914893617025
9191,4.1125,39.0,5.165605095541402,1.1305732484076434,903.0,2.875796178343949,34.3,-118.38,1.83,2.381011616113284,2.4205899965672204,2.1332289577726513,2.0095447154471544
3844,2.0192,22.0,3.5287517531556802,1.1584852734922861,3350.0,4.698457223001403,34.18,-118.45,1.583,1.5695503341320078,1.5147049175145584,1.5364982564386822,1.1610000000000003
1355,3.5436,16.0,5.013824884792626,1.0691244239631337,1410.0,3.248847926267281,38.03,-121.92,1.002,1.8398533042536185,1.6458942808264287,1.696456856059581,1.0670555555555559
2583,1.1576,44.0,3.279620853080569,0.976303317535545,398.0,1.886255924170616,40.87,-124.09,0.875,0.9385643903428011,0.7693020991383002,0.9583240443848877,3.0353366666666663
8944,2.9167,43.0,4.64,1.216,393.0,1.572,34.01,-118.47,4.611,2.1815103460300445,2.6686535167724452,1.9803437646133584,3.796715714285714
14560,5.4605,31.0,5.436813186813187,0.9986263736263736,1924.0,2.642857142857143,32.83,-117.22,1.902,2.883994297371149,3.1222267164001973,2.721347718945769,2.85207862745098
12929,5.4889,15.0,7.01010101010101,1.0292929292929294,2829.0,2.8575757575757574,38.66,-121.21,2.323,1.8516527973504702,1.750237933450738,1.6037337693724574,2.064285714285714
16045,4.2562,45.0,5.747448979591836,1.0994897959183674,1382.0,3.5255102040816326,37.71,-122.45,2.216,2.7381701237509866,2.7830190462959914,2.5472716614165973,2.534886363636364
15249,4.125,12.0,4.37219730941704,1.095291479820628,1690.0,1.8946188340807175,32.98,-117.26,2.269,2.2645157444883117,2.541465155525299,2.1196203938688005,2.95693
3509,4.2143,33.0,5.41031941031941,1.0638820638820639,1135.0,2.788697788697789,34.25,-118.46,2.242,2.3414558621978974,2.3825100806167927,2.1384451443637325,2.3668121212121216
5076,2.2138,49.0,5.058375634517766,1.131979695431472,1052.0,2.6700507614213196,33.98,-118.32,1.198,1.749414709927831,1.7854218719706774,1.6272547916422906,1.450416666666667
12630,2.7368,29.0,5.181034482758621,0.9913793103448276,2317.0,3.329022988505747,38.49,-121.5,0.782,1.1453856787498937,0.9112902427718268,1.125363750085703,1.1184398496240606
7425,1.8641,43.0,3.409090909090909,0.9522727272727273,1726.0,3.922727272727273,33.95,-118.21,1.651,1.5559268445366794,1.283716912627344,1.482340193709149,1.4618837209302329
2214,8.9669,12.0,7.449180327868852,0.9967213114754099,840.0,2.7540983606557377,36.84,-119.85,2.139,3.4818955016120245,2.625317569448006,3.22602098220392,4.841132500000002
2326,1.6618,19.0,4.564,1.1,1034.0,2.068,36.81,-119.71,0.697,0.662942783674193,0.8710212380823936,0.8432729659621903,0.656358695652174
4977,2.1354,44.0,4.613157894736842,1.018421052631579,1165.0,3.0657894736842106,34.0,-118.29,1.058,1.6085582371021796,1.4425740729481848,1.528028207069755,1.168242424242424
16183,0.8738,52.0,3.376470588235294,1.4,154.0,1.811764705882353,37.96,-121.29,0.75,1.2168680381834418,1.3676838639304103,1.1106543480609075,0.726
9213,3.2868,21.0,5.944827586206896,1.0931034482758621,1006.0,3.4689655172413794,37.04,-120.25,0.917,1.3685654156976974,1.2367228755504571,1.2950966761572258,2.0455147058823524
10157,6.0076,19.0,6.166031987814166,1.0038080731150039,3853.0,2.9345011424219347,33.91,-117.97,2.695,2.793863167086155,2.8202378052905273,2.64213596639339,2.669019607843137
2319,2.3173,25.0,4.9152892561983474,1.115702479338843,1482.0,3.06198347107438,36.82,-119.7,0.682,0.9714205055864336,0.91426706739637,1.0092584488850833,0.656358695652174
15426,3.4456,5.0,4.65,1.1017241379310345,1633.0,2.81551724137931,33.19,-117.28,1.658,1.7797804016334609,1.8479910150979373,1.7108364315972948,1.62219512195122
9172,4.2391,5.0,5.123809523809523,0.9333333333333333,8733.0,83.17142857142858,34.47,-118.59,1.546,1.6785501076188702,7.233284383262342,1.7147396506413766,1.782850000000001
8626,6.077,34.0,5.718840579710145,1.063768115942029,843.0,2.4434782608695653,33.88,-118.39,4.727,3.2755634329615178,3.590725846241042,3.149066656760157,4.417692000000001
18103,6.9238,25.0,5.944723618090452,1.0477386934673367,1076.0,2.7035175879396984,37.3,-122.04,3.459,3.673527266758984,3.7389125572791544,3.704880395705737,4.69415
10337,6.0531,25.0,5.833333333333333,1.0021097046413503,1666.0,3.5147679324894514,33.8,-117.81,2.307,2.891499320018289,2.7727233166458367,2.685052857434448,2.590892857142857
4634,1.8829,28.0,2.1992417860151643,1.0657118786857624,5840.0,2.459983150800337,34.07,-118.3,3.0,1.6420068719335736,2.3569391552932526,1.5867506454860703,2.7975441304347823
14961,5.2741,7.0,6.855371900826446,0.9793388429752066,862.0,3.56198347107438,32.76,-116.92,2.494,2.275120159240709,2.30282299276395,2.1625650396044462,1.7926818181818178
15977,3.75,52.0,5.024793388429752,1.0688705234159779,799.0,2.201101928374656,37.77,-122.46,4.357,2.629264748648705,2.9428679582434487,2.3964372933258016,4.5428706666666665
16301,5.3224,17.0,6.103633916554509,1.0255720053835802,1562.0,2.1022880215343203,38.0,-121.36,2.258,2.2526256347331333,2.093066419534386,1.9878783834326912,2.0930000000000004
4546,1.625,26.0,4.0,1.0,35.0,3.888888888888889,34.02,-118.2,1.75,1.2176696405930647,0.8864921024616399,1.2632392761624902,1.4366436781609198
6631,1.7321,44.0,4.919540229885057,1.0651340996168583,925.0,3.5440613026819925,34.16,-118.16,1.784,1.3016583609546897,0.9353646881796274,1.2877446552957865,1.168242424242424
18236,3.9091,19.0,3.557377049180328,0.9442622950819672,1009.0,3.3081967213114756,37.4,-122.1,2.76,2.457986945091461,2.364018864444957,2.298761643926448,1.6980914893617025
20115,2.5129,18.0,5.265060240963855,1.0481927710843373,1335.0,2.29776247848537,37.98,-120.42,1.159,0.7234104672188844,0.9785661647571613,0.8487893221229759,1.1184398496240606
9194,3.5893,14.0,9.282051282051283,2.0,88.0,2.2564102564102564,37.32,-119.51,2.143,1.3025467901883254,1.2433688615398377,1.1631341026332804,2.07575
3350,1.7214,11.0,19.96212121212121,5.053030303030303,280.0,2.121212121212121,40.65,-120.77,1.183,0.6578076066077867,0.3170651025239539,0.6459473298187197,0.8601019387755103
4252,3.0179,52.0,4.765217391304348,1.0739130434782609,423.0,1.8391304347826087,34.1,-118.36,5.00001,2.1012255744047525,2.450647874820427,1.8805041091989083,2.846458333333334
15341,4.3428,20.0,5.7973621103117505,1.023980815347722,2983.0,3.57673860911271,33.2,-117.28,1.521,2.116192353727132,1.9420125498373166,1.9887948280928072,1.797610169491524
9876,2.4864,41.0,4.88785046728972,1.1168224299065421,1890.0,2.94392523364486,36.6,-121.85,1.404,2.2315553923222224,2.3006497698102755,2.140081646193459,1.6771111111111112
15378,4.5,11.0,6.191111111111111,1.0666666666666667,1250.0,2.7777777777777777,33.36,-117.24,2.226,2.005896098266965,2.0042070719647223,1.8743950494678523,2.2981458333333338
17150,5.2421,40.0,5.330935251798561,0.988009592326139,1050.0,2.5179856115107913,37.43,-122.2,4.445,3.1092997078279714,3.342687924567375,2.958924010212526,3.2490572357723586
16891,5.7245,52.0,6.042553191489362,1.071808510638298,963.0,2.5611702127659575,37.59,-122.37,5.0,3.4268870349199365,3.9009524569835214,3.3063688636876902,3.2490572357723586
16466,3.775,14.0,5.519572953736655,1.0569395017793595,785.0,2.793594306049822,38.1,-121.29,1.633,1.552567388207002,1.5070674277838545,1.4186688240986731,1.380823182711198
14418,3.2625,18.0,6.151943462897527,2.127208480565371,508.0,1.795053003533569,32.79,-117.24,1.938,2.598372001850152,3.355447831625672,2.3916368870699256,3.7063350000000006
2505,2.8182,29.0,5.427083333333333,1.0173611111111112,883.0,3.0659722222222223,36.84,-120.44,0.905,1.4086768952853475,1.2032062556694176,1.3422464910785612,1.2356410256410257
31,1.9615,52.0,4.882086167800454,1.090702947845805,1168.0,2.6485260770975056,37.84,-122.28,1.152,1.7517271404044181,1.6363669575007465,1.6177016280543768,1.138411764705883
14858,2.5392,17.0,3.7939481268011526,1.0259365994236311,1487.0,2.142651296829971,32.65,-117.08,1.47,1.6786265015731305,1.80327111591222,1.6411602015704565,1.291666666666667
11622,5.844,26.0,6.334876543209877,0.9830246913580247,2072.0,3.197530864197531,33.82,-118.04,2.739,2.822258995954674,2.844060050621988,2.657633181109929,2.590892857142857
7854,3.2813,46.0,4.392523364485982,1.0233644859813085,599.0,2.7990654205607477,33.89,-118.16,1.909,2.16510858787491,2.2743117895641314,1.9471782915601747,2.2003333333333335
20510,2.0781,29.0,4.690376569037657,1.0313807531380754,1481.0,3.098326359832636,38.59,-121.54,0.748,0.9195593625773855,0.7723767045456837,0.9746929737190466,0.8206028708133976
15652,0.9,52.0,2.237474262182567,1.0535346602608098,3260.0,2.237474262182567,37.8,-122.41,5.00001,1.6428702306305705,2.1802404607679904,1.543223457686465,2.321653194444445
5043,1.6531,30.0,3.700356718192628,1.1070154577883473,2739.0,3.256837098692033,33.98,-118.33,1.185,1.4598505272825235,1.3880285975227462,1.4522156605799164,1.4554117647058822
10574,1.9659,6.0,4.795454545454546,1.1590909090909092,125.0,2.840909090909091,33.72,-117.7,5.00001,1.1152274466765235,1.179756605978202,1.2153194463980794,3.173666666666667
20192,2.375,31.0,2.5454545454545454,1.0,326.0,3.7045454545454546,34.26,-119.21,0.55,2.119530901085743,2.212615678824965,1.989842392693943,2.8120000000000003
16296,2.401,37.0,4.492581602373887,1.0,1121.0,3.3264094955489614,37.97,-121.22,0.584,1.263458741070874,0.9600079900229703,1.1910651319246828,0.8206028708133976
12522,2.0221,51.0,3.9751908396946565,1.066793893129771,874.0,1.66793893129771,38.56,-121.47,0.958,1.2128101395088187,1.1463652411320164,1.0970287424243264,1.8667333333333334
4896,1.8929,43.0,3.3625866050808315,1.0254041570438799,2098.0,4.8452655889145495,34.01,-118.24,0.992,1.6156717648915753,1.2870881401743173,1.5212190622347714,1.4618837209302329
20303,5.2783,12.0,4.466019417475728,0.9805825242718447,405.0,3.9320388349514563,34.16,-119.18,1.674,3.0133561486941987,3.0583534400701886,2.9633334409735292,2.3002857142857143
13993,3.474,24.0,5.25095785440613,1.1053639846743295,1551.0,2.971264367816092,34.89,-116.99,0.705,1.066216706719134,0.9569262914804921,1.012361655517711,0.8624959349593496
2714,2.5664,34.0,5.62043795620438,1.1532846715328466,1013.0,3.697080291970803,32.82,-115.55,0.675,0.9911685659169516,0.6513393891630233,1.011598250421108,0.7718571428571428
12571,2.5389,47.0,5.346072186836518,1.0636942675159236,1308.0,2.7770700636942673,38.54,-121.44,0.757,1.2248917792242,0.963166443808031,1.127862341993513,1.1184398496240606
6478,3.8304,34.0,5.040302267002519,0.9773299748110831,1461.0,3.6801007556675063,34.09,-118.04,1.83,2.0379871286826226,1.8203232184882727,1.8493700518333815,1.6980914893617025
4044,10.3587,33.0,7.793388429752066,0.9917355371900827,1010.0,2.7823691460055096,34.15,-118.49,5.00001,4.8031712645501194,4.817842436606098,5.4544383361567945,4.999921329113908
2641,2.7644,24.0,6.204166666666667,1.1520833333333333,1370.0,2.8541666666666665,40.55,-124.09,0.973,1.3709541858978602,1.0794485358932462,1.312706249066542,0.9439714285714282
16434,6.4562,23.0,7.626506024096385,1.0963855421686748,236.0,2.8433734939759034,38.09,-121.23,2.3,2.593244975332258,2.25488481580427,2.2538379214319137,3.9406030000000003
14311,1.7642,39.0,3.4384133611691023,0.9979123173277662,2176.0,4.542797494780793,32.71,-117.14,0.829,1.5577086201886696,1.2023065558909936,1.5156838618225281,0.9083452380952383
3248,2.0221,33.0,5.646288209606987,1.1877729257641922,694.0,3.03056768558952,36.19,-119.82,0.522,1.2012824583352084,0.9782151207974252,1.2004647173566632,0.8249843750000002
247,2.8015,40.0,3.6592592592592594,0.8444444444444444,547.0,4.051851851851852,37.77,-122.22,1.148,1.9695447945974272,1.5661500285194931,1.7990633312790396,2.351142857142857
2346,4.4934,15.0,5.772455089820359,0.9900199600798403,1634.0,3.2614770459081837,36.81,-119.69,0.88,1.645252084547227,1.5404251605054884,1.4704132415677695,1.0267857142857142
14704,4.3594,15.0,5.420054200542006,1.089430894308943,778.0,2.1084010840108403,32.81,-117.07,2.242,2.2551003536003242,2.414299681088449,2.109180491327926,2.1130500000000003
7353,2.4821,33.0,3.595808383233533,1.0179640718562875,1482.0,4.437125748502994,33.96,-118.15,1.5,1.7328454681893322,1.4466843290072458,1.6184880420927734,1.3590212765957446
12371,7.6281,14.0,13.408082408874803,2.2480190174326466,2524.0,2.0,33.76,-116.42,3.417,2.950317254474388,3.2264477817560753,2.6431385087707455,4.171804
655,2.6101,27.0,3.9214195183776934,1.097591888466413,1364.0,1.7287705956907478,37.71,-122.14,1.817,1.9201983494618977,2.0480997301324715,1.7826087223750213,3.445291290322581
10991,3.0305,19.0,4.215932914046122,1.0220125786163523,2334.0,2.4465408805031448,33.73,-117.81,1.406,1.7238356500526928,1.735686861432079,1.6436412176482986,1.6896285714285717
19731,2.1827,26.0,4.521428571428571,0.9214285714285714,305.0,2.1785714285714284,40.05,-122.1,0.727,0.5076543948881862,0.8324716113674737,0.6863901079173571,0.7766740740740745
6695,2.8007,45.0,4.113149847094801,1.0886850152905199,749.0,2.290519877675841,34.15,-118.09,2.109,1.887343124073431,2.01872776891252,1.6814848977538173,1.9825882352941178
11733,2.6319,15.0,4.877729257641922,1.056768558951965,551.0,2.406113537117904,39.02,-120.83,0.977,0.5445583079267733,1.0405943721993083,0.7041363097513236,1.1184398496240606
10030,2.325,52.0,4.4731457800511505,1.0792838874680306,837.0,2.1406649616368285,39.22,-121.06,1.097,0.8503348004316735,0.5904087633298438,0.8111450384199983,0.7766740740740745
8255,2.346,38.0,3.2733918128654973,1.054093567251462,984.0,1.4385964912280702,33.77,-118.17,1.656,1.8884774740721157,2.375458774401875,1.7406288420034732,3.0518571428571426
11081,3.59,34.0,6.109756097560975,1.0091463414634145,843.0,2.5701219512195124,33.8,-117.84,2.306,1.8633205369255892,1.8141197098881943,1.7289648627514196,2.71530025
6599,3.1741,52.0,5.398190045248869,1.0316742081447965,703.0,3.180995475113122,34.17,-118.16,1.638,1.9387419386157636,1.8435442838051592,1.733521804307928,1.813153846153846
2752,1.6838,19.0,4.350746268656716,0.8432835820895522,531.0,3.962686567164179,32.7,-115.4,0.958,0.3484716302959949,0.3131424694289817,0.6860859148715304,0.6719375
18771,1.3904,30.0,3.919753086419753,1.126543209876543,840.0,2.5925925925925926,40.44,-122.29,0.481,0.3420410556283653,0.5582586221789188,0.5823137290170783,0.8393333333333333
2026,1.5611,29.0,4.462915601023018,1.1278772378516624,1530.0,3.9130434782608696,36.71,-119.76,0.444,0.8054535274508228,0.5901318452392825,0.9199967933829647,0.5282911392405063
17853,5.3994,23.0,5.019157088122605,1.0229885057471264,910.0,3.4865900383141764,37.44,-121.88,2.379,2.9342910100999804,2.725336826600638,2.7497133548491433,2.20485294117647
928,6.992,22.0,6.529202279202279,0.9779202279202279,4319.0,3.076210826210826,37.55,-122.03,2.848,3.4310147881569484,3.5594401784703975,3.425087835135117,3.4750000000000005
19206,1.9932,29.0,4.32994923857868,1.0532994923857868,990.0,2.512690355329949,38.47,-122.72,1.648,1.508293812813059,1.2832097619342433,1.4529596899021686,1.7327142857142857
10274,2.7759,18.0,4.013353115727003,1.0578635014836795,2726.0,4.044510385756676,33.85,-117.88,2.0,1.6264919515806016,1.4722452503483598,1.5666781912904182,1.575285714285714
3295,1.6607,16.0,6.290322580645161,1.4129032258064516,337.0,2.174193548387097,38.99,-122.52,0.778,0.9700413799423591,0.9265575175969822,1.0615416390637114,0.8601019387755103
6087,3.5109,29.0,4.6923076923076925,1.085164835164835,2223.0,3.0535714285714284,34.09,-117.88,1.86,1.9046498640255907,1.8529846770193543,1.7324453604363375,2.0675079006772012
7026,3.3621,36.0,5.310064935064935,0.9788961038961039,2593.0,4.209415584415584,33.96,-118.09,1.697,1.887374018884481,1.5483114147728267,1.7619991197010036,1.7495862068965513
14340,3.0571,49.0,4.426829268292683,1.2073170731707317,601.0,1.4658536585365853,32.74,-117.16,4.188,2.287269823349338,2.9743554486553734,2.060088778378057,3.796715714285714
3142,2.0441,15.0,4.064638783269962,1.1254752851711027,569.0,2.1634980988593155,35.06,-118.15,0.733,0.9357671929684943,1.1566329860811968,1.0098745223972978,1.9368387096774196
14314,2.1875,43.0,3.8299319727891157,0.9829931972789115,1132.0,3.8503401360544216,32.7,-117.14,0.87,1.7353211966145352,1.5290954236060632,1.6356573671928438,0.9083452380952383
3643,3.9625,39.0,4.854368932038835,1.0776699029126213,998.0,3.2297734627831716,34.22,-118.46,1.682,2.377501071705706,2.398247205479999,2.150151544347477,1.6980914893617025
12008,4.1865,25.0,6.03139534883721,1.086046511627907,2725.0,3.1686046511627906,33.93,-117.55,1.543,1.927045940318077,1.7812744229918778,1.7635682884909643,1.6212499999999999
17865,7.7197,26.0,5.714285714285714,1.1428571428571428,52.0,7.428571428571429,37.42,-121.89,2.25,4.013246765300911,2.6659865946062826,4.08696365206086,3.21447619047619
18136,5.1674,20.0,5.154491017964072,1.0191616766467066,2059.0,2.465868263473054,37.35,-122.0,3.33,2.8724325117654517,2.943705228988158,2.743492778166548,3.1295
12735,5.9174,23.0,7.102439024390244,1.026829268292683,1132.0,2.7609756097560973,38.59,-121.34,2.259,2.197939651646945,1.9076030484036057,1.8645221184761285,2.811
12076,3.4419,15.0,5.389399293286219,1.1095406360424027,3823.0,2.701766784452297,33.87,-117.6,1.381,1.639583078975995,1.5492981951482419,1.5768330755975306,1.4830576923076921
11921,3.0208,27.0,5.6409638554216865,1.0072289156626506,1272.0,3.0650602409638554,33.96,-117.41,1.127,1.3398990968022813,1.147030459524628,1.3036241755854907,0.9443571428571428
115,3.1429,52.0,4.3951890034364265,0.9862542955326461,534.0,1.8350515463917525,37.83,-122.25,2.316,2.2553810671670997,2.4605400333011898,2.0109789163638876,3.2665631250000007
6769,3.9485,52.0,5.440251572327044,1.0352201257861635,1927.0,2.4238993710691825,34.1,-118.15,4.191,2.309019487687591,2.5276039316339536,2.060871441569804,2.342923076923076
3821,2.8646,20.0,4.126719768283852,1.1542360608254887,3809.0,2.758146270818248,34.19,-118.48,2.211,1.86706429955813,2.094714231496092,1.7810574455904011,2.1658684868421063
6517,2.7721,26.0,2.8418367346938775,0.7806122448979592,455.0,2.3214285714285716,34.06,-118.01,1.554,1.6088394837127562,1.6680072016812704,1.5063774771739773,1.6896285714285717
1968,4.0709,13.0,6.119891008174387,1.1185286103542234,2093.0,2.85149863760218,38.69,-120.7,1.517,1.1433817456707187,1.326053505548961,1.0650910790124501,1.380823182711198
15964,5.3913,46.0,4.785992217898833,0.9610894941634242,895.0,3.482490272373541,37.71,-122.44,2.489,3.2641708882023646,3.345595719904651,3.0999325510390454,2.20485294117647
11823,2.75,22.0,4.744471744471745,1.0933660933660934,1009.0,2.479115479115479,38.95,-121.04,1.532,0.8299887254225813,0.961892610048235,0.8617428893814594,1.1184398496240606
18979,3.1176,10.0,5.214452214452215,1.0582750582750582,1255.0,2.9254079254079253,38.25,-122.02,1.265,1.5096051922831615,1.4084685645804318,1.452909134738817,1.380823182711198
12911,6.244,31.0,6.828947368421052,0.9429824561403509,1121.0,2.4583333333333335,38.62,-121.31,2.4,2.365819160982911,1.9366409313112316,1.98130755171759,3.4486432142857137
17502,2.8971,37.0,4.077540106951871,0.9705882352941176,1075.0,2.874331550802139,37.36,-121.89,1.861,2.0625423483602336,1.9713654117215023,1.8971125883686715,1.3244647887323941
17199,7.9248,21.0,7.246951219512195,0.9817073170731707,1007.0,3.0701219512195124,34.48,-119.78,5.00001,4.073928489657851,4.661741588790265,4.4785566625998525,3.9668722580645164
6844,2.4599,17.0,3.3465798045602604,1.0514657980456026,4945.0,3.221498371335505,34.06,-118.12,1.816,1.5665367952092315,1.6763514449232573,1.54044144499372,1.8302134831460672
18192,3.7045,16.0,3.972299168975069,1.0304709141274238,804.0,2.227146814404432,37.37,-122.0,1.781,2.3268107107133194,2.3878552235074455,2.1745401471546812,2.9370703488372105
2408,2.2863,5.0,4.106457242582897,1.0610820244328099,2505.0,4.371727748691099,36.6,-119.44,0.692,0.7928939425133767,0.9732262126886841,0.9354507176127482,1.575285714285714
12579,1.8689,25.0,4.360169491525424,1.0169491525423728,2529.0,3.5720338983050848,38.52,-121.41,0.668,0.7854256871220229,0.6517107764117342,0.906407307893603,0.8206028708133976
4048,9.2189,28.0,8.046511627906977,1.0534883720930233,2515.0,2.9244186046511627,34.14,-118.53,5.00001,4.278286490973326,4.6272193829136405,4.620713735616566,4.9815094117647085
18239,3.1736,23.0,2.495145631067961,1.0194174757281553,367.0,1.7815533980582525,37.4,-122.1,1.813,2.3634253523711166,2.68504866164157,2.172379347036682,2.3456521739130434
5685,7.642,31.0,6.743006993006993,1.0611888111888113,1695.0,2.9632867132867133,34.24,-118.23,3.964,3.5961624664983565,3.5467123903341493,3.49651686331409,4.9518059999999995
9938,4.9167,33.0,6.454545454545454,1.0909090909090908,91.0,2.757575757575758,38.25,-122.24,1.875,2.5114689601569062,2.295482610500838,2.2456170141270846,2.2826481481481484
16787,5.7535,18.0,5.281012658227848,1.0202531645569621,3226.0,4.083544303797468,37.66,-122.47,2.979,3.1668381944115223,3.2068260112606293,3.122650880798174,1.9704000000000002
10746,4.7024,21.0,5.22392135445112,1.2501365374112507,3162.0,1.7269251774986347,33.63,-117.88,3.454,2.620965240526693,3.1461152611681626,2.448587978549172,2.2904031343283577
9728,4.5787,20.0,6.117370892018779,0.9953051643192489,1361.0,3.1948356807511735,36.85,-121.65,2.451,2.527813445953621,2.410552457356753,2.4256298594245917,2.288930232558139
13453,3.5481,29.0,5.261842105263158,1.0157894736842106,2602.0,3.4236842105263157,34.11,-117.41,1.055,1.5824597199934098,1.3263412608157967,1.457092509096268,1.1491942446043166
2585,1.1479,29.0,4.023529411764706,1.1035294117647059,990.0,2.3294117647058825,40.87,-124.08,1.011,0.7891422337756895,0.6647906380000441,0.9026126580450702,0.8393333333333333
6650,2.8125,24.0,3.5046728971962615,1.0623052959501558,579.0,1.8037383177570094,34.15,-118.13,1.417,1.762218253693808,1.9904105197219721,1.6213629657919841,1.6896285714285717
18021,5.4683,26.0,5.395017793594306,1.0765124555160142,1208.0,2.1494661921708187,37.24,-121.96,4.309,3.112707534066315,3.2944570089323646,2.9920843560463526,3.8553143749999994
16107,2.9632,44.0,5.2696969696969695,1.0393939393939393,872.0,2.6424242424242426,37.75,-122.5,2.863,2.169206271614711,2.1105231871470362,2.0088951215917357,2.2708571428571425
12053,2.0682,40.0,4.635658914728682,1.1395348837209303,1052.0,4.077519379844961,33.88,-117.56,1.13,1.3620149082787645,0.9887128832857764,1.2995270403656347,1.168242424242424
14372,7.5925,39.0,7.150462962962963,0.9976851851851852,1175.0,2.7199074074074074,32.72,-117.24,4.667,3.7623929760226797,4.255514363408387,3.809253880046346,2.9586666666666663
11129,3.3393,26.0,4.122270742358078,0.9366812227074236,1550.0,3.3842794759825328,33.85,-117.94,1.686,1.8794715877662889,1.7295263505501315,1.7454781234392516,1.6980914893617025
17035,3.7045,52.0,4.720430107526882,1.0,393.0,2.1129032258064515,37.5,-122.26,3.605,2.620186938909564,2.9540628605905903,2.3926274971667647,2.30386
1572,4.6042,20.0,5.106481481481482,1.0601851851851851,926.0,2.1435185185185186,37.82,-122.0,2.564,2.4639206502247917,2.396606019175126,2.248439985509878,2.9370703488372105
3011,3.5,24.0,5.926470588235294,1.2352941176470589,323.0,2.375,34.82,-118.93,1.139,1.9717040000154942,1.9924153820859185,1.817312123874228,1.1862
5047,6.5044,33.0,6.767241379310345,1.0043103448275863,1214.0,2.6163793103448274,34.01,-118.36,3.504,3.212799531379152,3.4447438324373634,3.08308877429923,4.441175517241381
5866,4.0313,45.0,4.426470588235294,0.9313725490196079,557.0,2.730392156862745,34.19,-118.35,2.091,2.372455204826589,2.445131325740669,2.118871668068409,2.342923076923076
10901,2.6771,23.0,3.7484536082474227,1.0762886597938144,958.0,1.975257731958763,33.74,-117.83,1.315,1.7132590031083068,1.9105227375096308,1.606562309754655,1.6896285714285717
9955,6.0266,24.0,6.672131147540983,1.1147540983606556,175.0,2.8688524590163933,38.35,-122.18,2.167,2.8452110080852453,2.475740459064296,2.572120506298673,2.811
12181,2.0878,16.0,5.277064220183486,1.0568807339449542,1859.0,3.4110091743119266,33.77,-117.27,1.013,0.9147105914164699,0.6822557310296038,1.0598853800496304,0.9232307692307692
19088,3.7969,40.0,5.949781659388647,1.1593886462882097,1167.0,2.5480349344978164,38.36,-122.54,2.028,2.275481454408919,2.189252479938272,2.04312851935116,1.7754074074074069
16577,3.3611,42.0,4.326164874551972,0.996415770609319,699.0,2.5053763440860215,37.75,-121.43,1.176,1.947753670573109,1.7737898497170894,1.695606297853272,2.0675079006772012
16931,3.7422,42.0,5.019077901430842,1.0747217806041336,1603.0,2.548489666136725,37.57,-122.31,2.926,2.5498552172268636,2.733733825416423,2.3614699039640747,2.0675079006772012
5352,12.8483,42.0,6.831578947368421,0.9157894736842105,420.0,2.210526315789474,34.04,-118.4,5.00001,6.077204848784794,5.335724171369446,8.182463085216927,4.999921329113908
19466,3.1625,16.0,5.99234693877551,1.1377551020408163,1302.0,3.3214285714285716,37.68,-120.97,1.303,1.3368044165802007,1.2551734428327115,1.2885446462675492,1.380823182711198
2386,2.3359,24.0,4.994082840236686,1.0946745562130178,1564.0,3.084812623274162,37.1,-119.49,0.924,0.7349890806786814,0.7954669675167605,0.8436076704549682,0.8206028708133976
4974,1.2778,42.0,3.4615384615384617,1.1497975708502024,890.0,3.603238866396761,34.0,-118.28,1.125,1.4435603761002995,1.3151389827188802,1.3915100912754204,1.1610000000000003
10902,1.8,5.0,3.6666666666666665,0.9607843137254902,207.0,4.0588235294117645,33.75,-117.86,1.542,1.0673094487657695,0.9642747001863281,1.1943039720502147,1.4366436781609198
12517,2.2125,52.0,5.124293785310734,1.0169491525423728,479.0,2.7062146892655368,38.56,-121.46,1.04,1.1200185570782581,0.8402917301136423,1.0507479039843073,0.8206028708133976
19145,2.6033,22.0,4.055194805194805,1.0876623376623376,699.0,2.2694805194805197,38.34,-122.71,1.216,1.8264394925537963,1.7540405128656882,1.7044819128385078,1.9869130434782605
1611,3.5893,17.0,5.298076923076923,1.0769230769230769,317.0,1.5240384615384615,37.86,-122.07,2.063,1.9858561041827618,2.0199726387960615,1.8386387106127327,2.07575
2043,4.4583,25.0,7.830985915492958,1.1126760563380282,249.0,3.507042253521127,36.71,-119.69,1.083,1.6128630967633102,1.6272364340291459,1.4480455796392828,1.3139500000000004
20419,6.5162,27.0,7.1246105919003115,0.9968847352024922,967.0,3.012461059190031,34.19,-118.85,3.494,3.245919966064033,3.5093856879408207,3.19456580614931,3.4001707317073167
1147,1.4896,17.0,7.028436018957346,1.3459715639810426,481.0,2.279620853080569,39.55,-121.19,0.833,-0.05302600075290753,0.8837406022616976,0.43140369550773494,0.8601019387755103
3978,5.5191,29.0,6.196296296296296,1.0518518518518518,794.0,2.9407407407407407,34.2,-118.61,2.458,2.867840940834043,2.9724867027463113,2.6983304494176537,3.0211829032258066
19249,2.6607,9.0,3.876923076923077,1.0153846153846153,1311.0,2.241025641025641,38.46,-122.74,0.915,1.6526535767488468,1.6005225618017247,1.5943502831424157,1.9869130434782605
4049,10.2292,26.0,8.043754972155927,1.030230708035004,3599.0,2.8631662688941923,34.15,-118.54,5.00001,4.692415118342939,5.1205372639978215,5.363784128858193,4.999921329113908
8935,3.2609,22.0,3.6596638655462184,1.0241596638655461,1268.0,1.3319327731092436,33.99,-118.5,5.00001,2.1228721162691033,2.5372714117222355,1.986151169309189,3.4976
5971,3.5192,26.0,4.908554572271386,1.0147492625368733,1024.0,3.0206489675516224,34.1,-117.79,1.905,1.7567051674922534,1.6212185025715606,1.6085513848820603,2.0675079006772012
16588,1.6937,52.0,4.2368421052631575,1.0833333333333333,589.0,2.5833333333333335,37.74,-121.43,1.083,1.3801066123903776,1.213210355432887,1.2717652582363805,0.9192564102564103
12326,3.3616,13.0,5.896240601503759,1.1338345864661654,1902.0,2.8601503759398494,33.97,-116.52,0.896,1.0335827191493874,1.1180735112019664,1.0578364861050482,1.1491942446043166
18078,10.675,28.0,7.96875,0.9854166666666667,1415.0,2.9479166666666665,37.27,-122.01,5.00001,5.08538514547422,5.139536159861549,6.115660886980429,4.999921329113908
16218,3.765,33.0,5.717889908256881,1.0412844036697249,1203.0,2.7591743119266057,37.97,-121.34,0.946,1.7716556327935362,1.553346716640767,1.567455609641483,1.380823182711198
4548,7.5752,52.0,3.142857142857143,1.0,55.0,7.857142857142857,34.02,-118.21,0.675,4.2362146668836544,2.4488946200612904,4.238720466147773,3.771
1346,6.0497,14.0,7.1386666666666665,0.9813333333333333,1288.0,3.4346666666666668,38.0,-121.9,1.775,2.6175452142709332,2.4542110387613434,2.41362123537155,2.590892857142857
5702,5.0862,37.0,5.281081081081081,0.9945945945945946,967.0,2.6135135135135137,34.23,-118.25,2.613,2.6515044080082077,2.6815043431287338,2.3930174572648575,2.684588697916666
12220,5.2066,4.0,10.5,1.4456521739130435,311.0,3.380434782608696,33.51,-117.32,5.00001,1.991782400303829,2.3025807470903796,1.9007115497683076,2.083030303030303
15481,5.5696,17.0,5.984375,0.9479166666666666,702.0,3.65625,33.15,-117.14,1.684,2.519441332304079,2.3964651051246113,2.326962771691399,1.5282
18028,4.675,35.0,6.235294117647059,1.0252100840336134,664.0,2.7899159663865545,37.24,-121.94,2.453,2.6906606921928526,2.7223649009233366,2.5251293480109163,2.684588697916666
18622,4.8611,35.0,7.15748031496063,1.4488188976377954,682.0,2.6850393700787403,37.09,-122.02,2.4,3.0901779064612156,3.357520348053984,2.9765386469956328,2.684588697916666
16491,3.275,17.0,5.4613686534216335,1.0596026490066226,1649.0,3.6401766004415013,37.93,-121.05,1.565,1.329202161148564,1.2079520436734092,1.2654853664360144,1.380823182711198
15238,4.2875,30.0,8.119205298013245,1.3576158940397351,380.0,2.5165562913907285,32.96,-117.3,5.00001,2.2820163565344336,2.4135847383928315,2.132460152043737,1.8282352941176467
10208,5.2336,34.0,6.382758620689655,1.0034482758620689,784.0,2.703448275862069,33.88,-117.91,2.356,2.5590583857964253,2.6004428473586447,2.33077043502477,2.184833333333333
7808,4.4934,34.0,5.060948081264108,0.9841986455981941,1483.0,3.3476297968397293,33.89,-118.1,1.856,2.4494003755555065,2.414785764505724,2.239688924836164,1.782850000000001
4609,1.6806,49.0,1.972644376899696,0.9574468085106383,987.0,3.0,34.08,-118.29,3.167,1.6980173290224725,1.8986155046081494,1.542193228940972,1.4618837209302329
11843,2.9559,15.0,5.272151898734177,1.110759493670886,816.0,2.5822784810126582,39.96,-120.93,1.188,0.33117699156121816,1.042700636719254,0.5503375596563698,0.7345217391304347
9966,4.635,33.0,6.052380952380952,1.1095238095238096,1099.0,2.6166666666666667,38.46,-122.4,2.485,2.4289394319504236,2.246820862720856,2.167194802575049,2.4058
11289,4.7986,24.0,5.701227830832196,1.0695770804911324,1902.0,2.5948158253751705,33.79,-117.94,2.365,2.4513858392474734,2.517922675417352,2.267677395159697,2.684588697916666
12557,2.0242,52.0,5.672131147540983,1.209016393442623,561.0,2.2991803278688523,38.55,-121.47,0.946,1.128192327646176,0.9376025980455542,1.0563018874257906,1.13946511627907
6925,3.2375,36.0,5.058181818181819,1.029090909090909,1025.0,3.727272727272727,34.01,-118.07,1.768,1.8770608478634077,1.642640302481359,1.7232409868110463,1.6980914893617025
14503,3.2794,16.0,5.405405405405405,1.0926640926640927,1267.0,2.445945945945946,32.86,-117.21,1.486,1.822141039503362,1.8200090061738332,1.7605081741757393,1.4865625000000005
9859,3.038,31.0,3.46843853820598,0.946843853820598,762.0,2.53156146179402,36.6,-121.86,1.953,2.431811283789785,2.652394654845038,2.321314250202502,1.3244647887323941
7649,4.8508,28.0,5.332576617480136,1.0238365493757093,3287.0,3.7309875141884223,33.8,-118.27,2.159,2.6554537444326685,2.755110385824949,2.514098890899244,1.782850000000001
4547,3.7543,42.0,4.184873949579832,1.0084033613445378,548.0,4.605042016806722,34.02,-118.2,1.266,2.3088364428314754,1.9753095288682068,2.0641383424752515,1.6980914893617025
4343,2.4,25.0,3.2228047182175623,1.0786369593709044,2635.0,3.4534731323722148,34.08,-118.29,1.739,1.7232034702375105,1.8101299249762728,1.6312674395017193,2.1658684868421063
15289,3.9205,4.0,5.876190476190477,1.0,224.0,2.1333333333333333,33.13,-117.29,1.83,1.787039172698524,1.9987137913651756,1.7339073349941811,2.2904031343283577
2141,2.4405,35.0,4.6652892561983474,0.9090909090909091,474.0,1.9586776859504131,36.78,-119.75,0.743,1.0373774342626858,1.0392862981741777,1.0381432808074589,2.0550312500000003
11103,4.375,34.0,6.226519337016574,1.022099447513812,588.0,3.248618784530387,33.85,-117.88,2.247,2.205758522624916,2.120665210100431,2.00571418706431,2.1734680851063817
2458,3.3214,35.0,5.561797752808989,1.0786516853932584,674.0,3.7865168539325844,36.52,-119.59,1.016,1.487746684817715,1.1389154442358962,1.3331694361375495,0.8624959349593496
17020,5.4322,35.0,6.903465346534653,1.1014851485148516,1156.0,2.8613861386138613,37.51,-122.3,3.91,3.049270984620783,3.185220711015731,2.9327679879453528,3.0211829032258066
7717,3.5481,34.0,3.7553956834532376,0.9928057553956835,373.0,2.683453237410072,33.94,-118.13,2.65,2.1896302781274106,2.258053852674726,1.9723051929968185,2.0675079006772012
18380,9.1974,23.0,8.075949367088608,0.9651898734177216,916.0,2.8987341772151898,37.21,-121.86,5.00001,4.306058670192543,4.3997338377860205,4.690729159866838,4.9815094117647085
17731,4.9769,14.0,5.389048991354467,1.0028818443804035,1214.0,3.4985590778097984,37.3,-121.81,1.865,2.6235969799448418,2.453369489099038,2.475800075403082,2.288930232558139
13909,2.6739,16.0,5.603174603174603,1.0803571428571428,2524.0,2.503968253968254,34.12,-116.4,0.78,0.6334427941351579,0.7638782894868588,0.8149317404370382,0.9443571428571428
2684,3.2593,24.0,5.422832980972516,1.120507399577167,1447.0,3.059196617336152,32.98,-115.55,0.808,1.1377145159682323,0.9715645532133108,1.1006652416820186,1.4865625000000005
3396,4.2685,38.0,5.835051546391752,1.1855670103092784,1124.0,2.8969072164948453,34.26,-118.31,1.896,2.3876994994024354,2.4311291820666034,2.148016893777482,2.3668121212121216
3511,3.8875,34.0,4.4673539518900345,0.993127147766323,650.0,2.2336769759450172,34.26,-118.47,1.992,2.268512161473133,2.4079738312225745,2.0551570211718215,2.835598712121211
16631,3.4762,15.0,4.634099616858237,1.0306513409961686,1279.0,2.450191570881226,35.32,-120.84,1.896,2.4889024737081638,2.6250635096912043,2.479795813097052,2.0675079006772012
265,2.875,52.0,6.107142857142857,1.0714285714285714,469.0,2.7916666666666665,37.78,-122.19,1.6,1.9824867234046315,1.8565582178723594,1.803779856514239,1.6771111111111112
10612,8.735,10.0,6.343373493975903,0.9608433734939759,1002.0,3.0180722891566263,33.68,-117.79,3.753,3.8985194350212495,3.5800873413695324,3.989068428332402,3.4047297297297305
1475,2.9915,20.0,4.3942414174972315,1.0310077519379846,2629.0,2.91140642303433,37.97,-122.03,1.667,1.7492063985515318,1.5908848288038342,1.644619089219466,1.1184398496240606
3965,4.1111,36.0,6.103286384976526,1.0352112676056338,1246.0,2.924882629107981,34.19,-118.56,2.156,2.284265828899336,2.3019133962463187,2.115589638077965,2.0095447154471544
18687,3.934,18.0,5.268156424581005,1.1899441340782122,544.0,3.0391061452513966,37.03,-121.79,2.286,2.4636265348518345,2.3883530115533107,2.3244578684048434,2.0455147058823524
16718,2.8285,17.0,4.996610169491525,1.0677966101694916,2307.0,2.606779661016949,35.49,-120.66,1.713,2.050057561109843,1.8814912551005873,2.037255729088354,1.2356410256410257
16006,6.2561,51.0,6.707746478873239,1.0246478873239437,707.0,2.48943661971831,37.74,-122.46,4.31,3.5135482888259393,3.9297498789444463,3.4199698000268457,3.4486432142857137
7901,5.6917,18.0,6.062909567496724,1.0773263433813893,2794.0,3.6618610747051115,33.87,-118.04,2.751,2.7594310955436328,2.7605803705932823,2.603773109082764,2.20485294117647
17469,6.0256,28.0,5.942760942760943,1.0134680134680134,1173.0,3.9494949494949494,34.44,-119.85,2.768,3.5192986338103633,3.9379687533061425,3.643916813162326,1.9703333333333335
3230,1.8839,25.0,5.232294617563739,1.0509915014164306,1460.0,4.135977337110481,36.31,-119.61,0.463,0.8585104156470094,0.5549342866479694,0.9861449200203438,0.5282911392405063
9040,4.0211,4.0,6.3704712612367205,1.1362026695723235,10493.0,2.8583492236447836,34.68,-118.09,1.44,1.5507752239548054,1.2288687026104517,1.572186166302493,1.5105714285714285
2518,2.2569,20.0,5.604,1.12,668.0,2.672,39.74,-122.13,0.943,0.6452745778040105,0.892114205081924,0.792512021216242,0.7766740740740745
6275,2.1863,23.0,3.795238095238095,0.9952380952380953,3883.0,4.622619047619048,34.01,-117.93,1.576,1.3385601570627765,0.9783296380063046,1.3553950152050511,1.4366436781609198
11063,4.105,42.0,5.475935828877005,1.0213903743315509,483.0,2.5828877005347595,33.79,-117.86,1.945,2.273493595288386,2.335022539537859,2.0397096810262947,2.71530025
5746,3.7321,20.0,3.9160919540229884,1.0172413793103448,1883.0,2.164367816091954,34.16,-118.26,3.511,2.0981593242391194,2.2615511729825406,1.9305311456294403,2.041710526315789
4696,3.1677,39.0,4.228937728937729,0.9633699633699634,870.0,1.5934065934065933,34.07,-118.37,4.534,2.038476393998131,2.3210058138302756,1.862985220648457,3.011202
3733,2.8021,37.0,4.9825,1.0625,939.0,2.3475,34.19,-118.41,2.246,1.8038677038563478,1.8302626931882675,1.6781141989480943,2.0373124999999996
4156,2.8125,44.0,3.845208845208845,0.9778869778869779,1500.0,3.6855036855036856,34.12,-118.2,1.556,1.8830439513447943,1.734127157897392,1.7051116259710493,1.6381940298507462
16304,10.0088,15.0,7.738853503184713,1.0031847133757963,1016.0,3.2356687898089174,38.01,-121.37,2.42,4.113904644025356,2.998080617020449,4.123193327253386,4.841132500000002
9452,2.9306,23.0,5.62962962962963,1.3240740740740742,281.0,2.6018518518518516,39.74,-123.15,0.7,1.576793531257195,1.3215799537359405,1.4196352191645047,0.9439714285714282
13941,1.875,33.0,14.777777777777779,3.2222222222222223,71.0,2.6296296296296298,34.3,-117.18,0.713,1.2535219622750096,0.9675529306911581,1.187378763279273,0.7630526315789475
3282,1.625,20.0,5.43202416918429,1.1933534743202416,685.0,2.069486404833837,39.09,-122.79,0.668,1.00161452697571,0.8876627697568262,1.0906026369286126,0.6606528099173556
4461,4.7853,7.0,4.383015597920277,1.194107452339688,1215.0,2.1057192374350087,34.1,-118.18,1.531,2.517271075145742,2.710217463315861,2.3190506670574806,1.7236739130434784
695,2.4206,19.0,3.7196132596685083,1.089779005524862,1765.0,2.4378453038674035,37.7,-122.11,1.375,1.7640215786936997,1.7673612107836987,1.6758262599575655,2.1326419402985084
10212,5.2897,35.0,5.775910364145658,0.988795518207283,991.0,2.775910364145658,33.88,-117.9,2.304,2.652303892293828,2.6612089113585213,2.409865240704335,2.184833333333333
18123,4.7235,33.0,4.890824622531939,1.0662020905923344,2389.0,2.7746806039488967,37.31,-122.0,2.422,2.884069702975461,3.1300568343599986,2.724699656726119,2.684588697916666
10263,5.6549,15.0,6.69038208168643,1.061923583662714,2569.0,3.3847167325428194,33.87,-117.85,3.019,2.5433319170121838,2.483042411575343,2.378150566648074,2.946
18057,5.7876,33.0,6.117647058823529,0.9963235294117647,759.0,2.7904411764705883,37.27,-122.0,4.158,3.1755281953792633,3.2773812660237356,3.0598950475796034,3.384902920353981
1261,4.9618,7.0,6.153905645784996,1.0162412993039442,4460.0,3.4493426140757926,38.0,-121.72,1.565,2.1255868339200497,1.9501754594735987,1.9787173196052796,1.6033541666666669
18776,2.2768,14.0,5.132553606237817,1.0331384015594542,1324.0,2.580896686159844,40.46,-122.27,0.786,0.34343115717785544,0.972902274776281,0.6138536733325475,0.8601019387755103
1580,8.4352,14.0,8.106100795755967,0.9787798408488063,1209.0,3.206896551724138,37.87,-122.02,4.414,3.6741337669246943,3.508361377198299,3.6850615314227992,3.4047297297297305
4393,2.7179,46.0,3.694103194103194,1.049140049140049,2587.0,3.178132678132678,34.08,-118.27,1.843,1.9812183719894947,2.173279371583948,1.7965733877857373,2.1658684868421063
20506,6.9454,8.0,6.873103448275862,1.04,2510.0,3.462068965517241,34.29,-118.73,2.765,3.2197711644987206,3.2862927027914344,3.1968941494953462,3.757549032258065
10092,3.46,31.0,4.457575757575758,0.9727272727272728,841.0,2.5484848484848484,33.93,-117.96,2.328,1.9486033235018172,1.9466724778929296,1.7785921808502487,2.0675079006772012
9613,1.5635,17.0,3.4126506024096384,1.0436746987951808,3200.0,4.819277108433735,37.29,-120.48,0.604,0.8156236876824827,0.7107408991068744,0.9560414493438811,1.4079166666666667
12544,5.0359,51.0,6.892109500805153,1.0177133655394526,1486.0,2.392914653784219,38.55,-121.49,2.241,2.175938720086074,1.9183665287866585,1.814563172767779,1.7373333333333332
11006,6.9014,21.0,8.379576107899807,1.0655105973025047,1680.0,3.2369942196531793,33.77,-117.79,4.39,2.9737248485677936,3.0808475632301926,2.830183497319571,3.3638421052631577
9210,2.7413,13.0,5.571741511500548,1.0744797371303396,2284.0,2.501642935377875,37.27,-119.67,1.231,0.7301586325055436,1.0013851513149705,0.8668826463290389,1.0934400000000002
15196,6.5706,9.0,6.961937716262976,1.0934256055363323,802.0,2.7750865051903113,32.91,-117.09,2.557,2.966138233708248,3.034743640607954,2.841818095840505,3.109866666666667
1163,2.0357,39.0,5.003225806451613,1.1387096774193548,684.0,2.206451612903226,39.51,-121.55,0.576,0.6661412432290255,0.6605082426325672,0.7491316712073857,0.7766740740740745
3894,4.3571,35.0,4.975903614457831,1.0223752151462995,1757.0,3.0240963855421685,34.2,-118.52,1.998,2.4909624790749603,2.586069662250874,2.28870228113608,2.0026875
2090,1.7344,47.0,4.384615384615385,0.9938461538461538,949.0,2.92,36.76,-119.78,0.513,0.9553015423617173,0.6937851764666132,0.9760257668694683,0.656358695652174
17472,6.2987,23.0,7.1722846441947565,1.0374531835205993,724.0,2.7116104868913857,34.48,-119.85,3.482,3.448850129911132,3.970314306043118,3.5786091707279484,3.263828857142857
139,6.3302,39.0,7.54,1.068,1265.0,2.53,37.82,-122.2,3.628,3.2137956458533727,3.3562606944179034,3.057756187969722,4.417692000000001
3919,4.2083,26.0,5.366323907455013,1.1375321336760926,2118.0,2.7223650385604112,34.18,-118.53,2.403,2.39178219162284,2.5381827210753363,2.225141187973749,2.3668121212121216
19941,2.5,32.0,4.862857142857143,0.9942857142857143,1016.0,2.902857142857143,36.25,-119.46,0.736,1.1695411116131647,0.9997829769852191,1.1468348192414246,0.7265511811023622
15488,3.8967,12.0,5.967171717171717,1.0303030303030303,1211.0,3.058080808080808,33.14,-117.12,1.726,1.7834738375229953,1.7139726768781651,1.706027468660189,1.4865625000000005
3570,4.0077,17.0,4.465478841870824,1.086859688195991,3056.0,2.268745360059391,34.22,-118.59,2.29,2.2945976521367353,2.5427319231150443,2.1589352259640506,2.9370703488372105
6492,3.6531,30.0,4.562,1.044,1969.0,3.938,34.08,-118.01,1.663,2.0199843630278167,1.833125381200466,1.8355046254983773,1.6980914893617025
12148,2.0881,24.0,5.078407720144753,1.1097708082026538,1283.0,1.5476477683956573,33.71,-117.2,0.833,1.0611266818425946,1.1101055814404448,1.126237471476692,1.0660612244897962
4072,8.153,36.0,7.580474934036939,1.108179419525066,850.0,2.242744063324538,34.14,-118.47,5.00001,3.957902819021388,4.261805808441121,4.038908723804525,4.998052340425534
11450,6.8039,17.0,6.81413612565445,0.9764397905759162,1265.0,3.31151832460733,33.68,-117.98,3.329,3.1351473107267673,3.1704504054088387,3.0363830640335854,3.1098444444444446
2812,1.7857,41.0,4.847184986595174,1.1662198391420913,1005.0,2.6943699731903483,35.41,-119.03,0.543,1.240041756971637,1.1000898825201966,1.2090909525825917,0.656358695652174
10205,4.0812,45.0,5.023076923076923,1.126923076923077,585.0,2.25,33.88,-117.93,2.417,2.424028465127276,2.6198209419339493,2.151161188291902,3.2580940654205603
9792,5.1506,20.0,6.201727328809377,1.0906847624922886,3083.0,1.9019123997532388,36.55,-121.87,3.875,3.0711213284363574,3.397134663634706,3.10941689709783,2.0930000000000004
13262,3.6,19.0,5.24223602484472,1.1335403726708075,622.0,1.9316770186335404,34.1,-117.65,1.364,1.7207050785642468,1.7976134703988524,1.574588596609554,1.7236739130434784
16238,4.175,47.0,5.344594594594595,1.0382882882882882,990.0,2.22972972972973,37.98,-121.3,0.983,2.1161946363861026,1.902711248495972,1.7919606098011474,2.0824999999999996
20368,2.8958,17.0,4.392905866302865,0.9768076398362893,1381.0,1.884038199181446,34.18,-118.91,1.76,1.8788137555676858,1.947261172694901,1.8334716031931206,2.2096153846153843
2503,1.3386,20.0,4.784386617100372,1.1524163568773234,954.0,3.546468401486989,36.87,-120.46,0.63,0.8365684176911885,0.6322378142594944,0.989982883193796,0.8206028708133976
3559,3.2426,26.0,5.489830508474577,1.0966101694915253,1529.0,2.5915254237288137,34.24,-118.58,2.369,1.9093724393597267,1.8716948014099495,1.8064671312255367,2.71530025
9634,3.2262,25.0,10.787581699346406,2.215686274509804,994.0,3.2483660130718954,37.21,-120.89,0.972,1.8692038417494332,1.7580147464532725,1.7005062028899394,1.380823182711198
15718,1.3062,10.0,3.016476552598226,1.0684410646387832,1245.0,1.5779467680608366,37.78,-122.43,2.2,1.3557932718226051,1.4406106019603793,1.4072148059751992,2.321653194444445
10689,2.8583,19.0,4.100358422939068,0.9605734767025089,365.0,1.3082437275985663,33.62,-117.72,1.058,1.6278649123498585,1.8895721661664935,1.5568044225663829,0.8294
16978,5.033,36.0,5.332432432432433,0.9513513513513514,1169.0,3.1594594594594594,37.57,-122.3,2.709,2.9297876945492227,2.943116978525245,2.7690105383389962,2.534886363636364
13634,3.233,33.0,5.166841552990556,1.0566631689401889,3502.0,3.6747114375655823,34.08,-117.34,0.994,1.5032274475442144,1.243924539516549,1.3969886903232034,1.1491942446043166
4166,1.9355,37.0,3.743119266055046,1.1211009174311926,1698.0,3.1155963302752294,34.11,-118.2,1.663,1.5520392832812882,1.5445550419397045,1.4684093832320988,1.4554117647058822
14161,2.7826,21.0,4.232018561484919,1.037122969837587,962.0,2.2320185614849186,32.77,-117.04,1.438,1.7144942356511939,1.8060133525760396,1.6431308575055965,1.291666666666667
19357,3.025,35.0,4.446511627906977,0.9906976744186047,488.0,2.269767441860465,38.81,-123.02,1.406,1.9554394384577183,1.8050097174320627,1.768595854997784,1.4068749999999999
19227,6.6104,15.0,7.340702210663199,1.0793237971391418,2324.0,3.022106631989597,38.5,-122.71,3.309,3.0714259481094395,2.9334551854022166,2.941446358816496,2.8781515151515156
4794,3.5357,44.0,4.687074829931973,0.873015873015873,1046.0,2.3718820861678003,34.02,-118.34,1.569,2.1298267205442896,2.2323208297892445,1.9447757194827426,2.835598712121211
15500,7.0423,22.0,14.189349112426035,2.408284023668639,349.0,2.06508875739645,33.09,-117.26,5.00001,3.4442004960414456,3.8362306271838973,3.407434681887284,5.00001
7125,0.4999,36.0,2.5,0.8333333333333334,15.0,2.5,33.9,-118.04,1.625,0.8504890029904313,0.7413240391728462,1.0117153287525884,1.4618837209302329
10074,4.3958,9.0,6.645631067961165,1.2378640776699028,1193.0,2.895631067961165,39.33,-120.1,1.248,0.7516591386681721,1.2849435606337758,0.7536841516752901,1.436
15323,2.7386,12.0,5.305160142348755,1.2206405693950177,3015.0,2.6823843416370106,33.21,-117.34,2.161,1.5582604694479807,1.5227972835422787,1.5528276601168298,1.6175675675675674
14030,2.6742,27.0,3.87515299877601,1.0611995104039167,1332.0,1.6303549571603426,32.75,-117.15,1.714,1.8445431295561403,2.150718417738564,1.7438471532583923,2.1106818181818188
6669,5.4223,52.0,7.112612612612613,1.0337837837837838,1229.0,2.768018018018018,34.16,-118.11,3.256,2.7205778831506633,2.9126922652528773,2.448283588710422,3.0211829032258066
12471,1.7765,40.0,3.9490084985835696,1.1246458923512748,689.0,1.951841359773371,38.58,-121.46,1.098,1.0308255604087961,0.9857735956980688,0.9998811610207488,1.1636896551724139
16795,3.9722,38.0,5.292878635907723,1.0110330992978938,2695.0,2.703109327983952,37.65,-122.44,2.762,2.5505469938212606,2.6339991406339607,2.4009740864654,1.7754074074074069
15506,3.0426,9.0,4.548,1.1536,3773.0,3.0184,33.13,-117.09,1.299,1.6287909408312462,1.6850680450790914,1.5933455958107454,1.3503230769230767
15919,3.3333,52.0,5.286415711947627,1.0703764320785598,1765.0,2.888707037643208,37.73,-122.42,2.923,2.4062751677714553,2.5489415523627486,2.203291274107896,2.5377142857142854
19237,6.6004,17.0,6.087649402390438,1.051792828685259,606.0,2.414342629482072,38.48,-122.6,3.415,3.185675657561289,2.865584081668506,3.0013180809939435,3.2636000000000003
13914,2.2466,15.0,5.742667404537908,1.289983397897067,4507.0,2.4941892639734364,34.15,-116.06,0.668,0.4149199926545055,0.7620818037274875,0.6883465584940867,0.6143611111111112
9432,3.4609,19.0,4.792284866468843,1.086053412462908,815.0,2.4183976261127595,38.08,-122.81,2.388,2.2416461785083897,2.158892810635865,2.110584530656748,1.4244615384615384
1227,2.5667,21.0,5.3745318352059925,1.101123595505618,668.0,2.50187265917603,38.41,-120.54,0.774,0.6768422505099088,0.9496826803559535,0.7910784893154668,1.1184398496240606
12459,2.6768,25.0,4.592417061611374,1.0742496050552923,1841.0,2.9083728278041074,33.61,-114.58,0.824,0.2668348421827602,0.3418686167120393,0.5297428683008722,0.8754
16900,4.7917,40.0,5.557647058823529,1.1011764705882352,992.0,2.3341176470588234,37.58,-122.33,3.599,2.9620630053952173,3.211214809020065,2.7875273839988095,3.2580940654205603
5418,6.2917,39.0,5.312803889789303,1.0243111831442464,1321.0,2.141004862236629,34.02,-118.44,4.657,3.40269944363584,3.8212995782550965,3.2728641246361843,3.1578
19154,4.8233,8.0,6.061361457334612,0.959731543624161,2969.0,2.8465963566634707,38.37,-122.69,2.14,2.3108523903164504,2.054771754310263,2.1971172843225495,1.782875
13483,3.25,35.0,5.90258449304175,1.0357852882703777,1555.0,3.091451292246521,34.11,-117.36,1.071,1.4253075703083768,1.188203035666536,1.3321362031696973,1.1491942446043166
1710,4.2348,25.0,6.020351526364477,1.051803885291397,3259.0,3.014801110083256,37.99,-122.31,1.578,2.282813397709557,2.100799697993649,2.133660014363024,1.6033541666666669
7516,3.1111,36.0,5.213903743315508,0.9759358288770054,1125.0,3.0080213903743314,33.91,-118.25,1.193,1.8818961081634222,1.7593752087433472,1.764707945906308,2.0095447154471544
3519,4.3333,33.0,5.767955801104972,1.058011049723757,960.0,2.6519337016574585,34.25,-118.49,2.329,2.35999410566268,2.4212789214219335,2.162949453622915,2.3668121212121216
18860,5.1014,15.0,6.578947368421052,1.0917559385188635,6456.0,3.0069864927806242,38.12,-122.22,1.795,2.436724950447112,2.3681123277763696,2.3147842389260638,2.184285714285714
2753,1.375,25.0,3.857142857142857,0.9518272425249169,2185.0,3.629568106312292,32.67,-115.49,0.701,0.46358979066420547,0.16214332847505353,0.7468659807423284,0.801
12286,1.625,1.0,3.0,1.0,8.0,4.0,33.86,-116.95,0.55,0.6225812487129732,0.9252686168475857,0.8500599793708139,1.0891764705882352
12781,2.0417,34.0,4.76303317535545,0.9739336492890995,1501.0,3.556872037914692,38.64,-121.43,0.659,0.8275441391072274,0.5899531989364295,0.9071083634905459,0.8206028708133976
2616,2.5893,18.0,4.766949152542373,1.0254237288135593,1248.0,2.6440677966101696,40.95,-124.09,0.996,1.1451668027496238,1.0283239543996217,1.1292923407143616,0.9439714285714282
10671,10.3893,18.0,6.75,0.9722222222222222,316.0,2.925925925925926,33.62,-117.85,5.00001,4.730248435881135,4.115109046175385,5.316852203253488,4.474127083333335
10369,5.1645,11.0,5.358267716535433,1.0905511811023623,1565.0,3.0807086614173227,33.64,-117.67,1.641,2.4926996534743595,2.473777767966057,2.3097744049243145,2.083030303030303
12243,1.4366,18.0,4.5588793922127255,1.1400759734093067,4002.0,1.9002849002849003,33.75,-116.99,0.77,0.6836402966626405,0.5913022326622315,0.9114182758221228,1.0660612244897962
10013,3.5938,14.0,6.702479338842975,1.3305785123966942,352.0,2.909090909090909,39.26,-121.18,1.403,1.0054908986927231,1.1849451945954266,0.9597320962736653,1.380823182711198
15584,2.7813,23.0,6.709302325581396,1.4147286821705427,612.0,2.372093023255814,33.06,-116.6,1.729,1.4112175991162677,1.3943971171840077,1.3587989787234274,1.3503230769230767
4740,3.0956,35.0,4.485969387755102,1.121173469387755,1632.0,2.0816326530612246,34.05,-118.38,5.00001,2.0685796304928203,2.3383271566047426,1.9031606429017618,2.835598712121211
15268,2.8611,31.0,4.385767790262173,1.202247191011236,603.0,2.258426966292135,33.03,-117.33,3.143,1.9745779168580384,2.20041669646058,1.8187504444241727,3.796715714285714
5421,4.3906,41.0,4.675097276264592,1.0038910505836576,1001.0,1.9474708171206225,34.02,-118.43,5.00001,2.6288191370358507,3.015321569675068,2.4059283586398257,4.200291730769228
18282,12.367,28.0,8.014634146341463,1.053658536585366,594.0,2.897560975609756,37.34,-122.08,5.00001,5.89514575836273,5.302696701275428,7.926871506413077,4.999921329113908
4832,2.0405,44.0,3.62803738317757,1.0822429906542057,2049.0,3.829906542056075,34.04,-118.29,1.43,1.7161687642519439,1.6600192366833642,1.5950719402899685,1.1610000000000003
10443,4.665,23.0,5.84,1.0847058823529412,1048.0,2.4658823529411764,33.42,-117.6,2.806,2.3865032445417547,2.466524278649157,2.2067254432513854,1.8282352941176467
4699,3.3725,16.0,3.9818031430934657,1.142266335814723,1897.0,1.5690653432588917,34.07,-118.38,3.75,2.0796248340786425,2.4647577346961715,1.943031764627431,3.4976
4344,1.9286,38.0,2.7142857142857144,0.9285714285714286,445.0,3.1785714285714284,34.08,-118.29,1.375,1.588716932910258,1.5274768688441172,1.488709884059463,1.4618837209302329
10547,7.3141,15.0,6.9372937293729375,0.9735973597359736,1060.0,3.4983498349834985,33.71,-117.77,3.371,3.2232832685517674,3.1287023953647903,3.104113343181888,3.246
12384,3.5569,19.0,7.112558139534884,1.5051162790697674,2496.0,2.321860465116279,33.72,-116.39,1.28,1.3695801561733905,1.5023640199054908,1.2710545912415356,1.3878333333333333
19212,2.9663,39.0,4.813708260105448,1.0070298769771528,1223.0,2.149384885764499,38.45,-122.71,1.854,1.9511143475641721,1.8492883700512068,1.7769848287369365,1.8528571428571428
1202,1.8355,34.0,5.1030303030303035,1.1272727272727272,635.0,3.8484848484848486,39.36,-121.69,0.63,0.6244273466570183,0.469076789652078,0.7563630108890425,0.6606528099173556
210,3.5156,44.0,5.466911764705882,1.1544117647058822,961.0,3.5330882352941178,37.79,-122.22,1.095,2.3412573692329106,2.1910230167144866,2.1167629468902156,1.380823182711198
4580,1.1642,14.0,2.342070773263434,1.1179554390563564,2251.0,2.9501965923984272,34.06,-118.28,4.0,1.2077841622699115,1.4487517569845598,1.2745669509510815,2.321653194444445
16313,5.9191,36.0,6.812807881773399,1.019704433497537,531.0,2.6157635467980294,38.01,-121.33,1.519,2.5961306768616152,2.263316376103367,2.2460200340753875,3.4486432142857137
9625,1.6172,9.0,3.6578947368421053,0.9894736842105263,810.0,4.2631578947368425,37.29,-120.32,0.563,0.6266504514627542,0.7389858456189242,0.8388713059380533,0.53276375
11844,2.6458,35.0,5.319444444444445,1.2777777777777777,202.0,2.8055555555555554,40.02,-120.92,1.025,0.48242950725931477,0.3869435444834006,0.5832320056071079,0.7345217391304347
6705,3.6997,24.0,3.991812865497076,1.1005847953216374,4210.0,1.6413255360623782,34.14,-118.14,2.25,2.131923471584291,2.5753584804588185,1.9618332036892583,2.041710526315789
17129,2.7993,37.0,4.422062350119904,0.9160671462829736,1634.0,3.918465227817746,37.47,-122.15,1.455,1.9952468118902933,1.622603392884221,1.8729206160350391,1.6771111111111112
11438,4.0229,18.0,4.765873015873016,1.1626984126984128,1549.0,2.048941798941799,33.65,-117.96,3.631,2.3033682374127435,2.562964121817468,2.142101801601874,2.2904031343283577
15905,1.9464,52.0,5.226415094339623,1.10062893081761,415.0,2.610062893081761,37.74,-122.41,2.49,1.8102870728624456,1.6786903343048787,1.6836990628260051,1.7327142857142857
424,5.7979,52.0,5.981432360742706,1.0875331564986737,823.0,2.183023872679045,37.88,-122.26,4.153,3.311841977824625,3.5768473399989773,3.0934353849248053,3.8553143749999994
14493,5.2113,19.0,6.330494037478705,0.959114139693356,1788.0,3.0459965928449746,32.86,-117.19,2.674,2.48758731873847,2.476624803258649,2.3589769253489554,2.097142857142857
9606,2.1838,40.0,4.977088948787062,1.0390835579514826,2102.0,2.8328840970350404,37.3,-120.47,0.75,1.121765534248611,0.8886188116922626,1.1070528562171504,0.8206028708133976
15823,2.2328,52.0,3.665148063781321,1.1617312072892938,1155.0,2.630979498861048,37.75,-122.42,2.5,2.1777436507992998,2.4984980372158274,1.9616993852797036,2.5911111111111107
14164,2.0284,34.0,4.942857142857143,1.0657142857142856,730.0,2.085714285714286,32.77,-117.06,1.618,1.4469080686017852,1.408955577698623,1.4340138979506794,1.9482666666666664
12660,1.4007,20.0,3.9021113243762,1.1247600767754318,1281.0,2.4587332053742803,38.5,-121.44,0.975,0.6955215583991898,0.8462066714697116,0.8514648025317599,0.9192564102564103
1805,3.0156,27.0,4.882352941176471,0.9592760180995475,1220.0,2.760180995475113,37.93,-122.33,1.115,1.8620145030869169,1.6177242638743452,1.7514165172721627,1.1184398496240606
9565,2.0179,11.0,4.140608604407135,1.0262329485834207,2814.0,2.9527806925498425,37.36,-120.59,0.873,0.8834100968848537,0.9111737157391586,1.010871076685941,0.7472181818181819
8842,2.5784,28.0,3.2795081967213116,1.1081967213114754,1799.0,1.4745901639344263,34.09,-118.38,2.729,1.8920872965476512,2.3733365505444457,1.7548252456955087,5.00001
13866,3.3438,8.0,6.096871846619576,0.987891019172553,3031.0,3.058526740665994,34.4,-117.27,1.244,0.9797168405518724,0.9477786368865297,1.0753706590726382,1.1491942446043166
3388,5.997,19.0,5.805015673981191,1.0363636363636364,3963.0,2.484639498432602,34.22,-118.35,2.287,2.8951611662389087,3.058680219223281,2.7500548348102196,3.9923219999999997
20275,4.7443,15.0,5.6251851851851855,1.0251851851851852,2216.0,3.282962962962963,34.19,-119.21,2.295,2.693945341572019,2.7709818271359294,2.6542059285603075,2.1734680851063817
4871,2.2232,48.0,3.3209606986899565,1.1200873362445414,1772.0,3.868995633187773,34.04,-118.28,1.625,1.9006333137213698,1.995172117056396,1.7174896910962332,1.6381940298507462
327,2.9063,42.0,4.590909090909091,1.0858585858585859,646.0,3.2626262626262625,37.73,-122.18,0.8,2.1122080290716783,1.943451560400674,1.9134212972992994,1.6771111111111112
7275,2.1615,33.0,3.1382978723404253,1.0425531914893618,1270.0,4.50354609929078,33.99,-118.24,1.188,1.6913148730371226,1.4367234172419432,1.5844460821447282,1.5112658227848106
12014,7.8118,17.0,7.3478260869565215,1.0217391304347827,200.0,4.3478260869565215,33.93,-117.59,2.442,3.281439197122978,2.825141826740899,3.0895623442439266,2.9513684210526314
11272,3.9798,31.0,5.017761989342806,0.9698046181172292,1908.0,3.3889875666074603,33.78,-117.98,1.875,2.1769651896212983,2.068563021182491,2.008051248813698,1.6980914893617025
7698,4.4125,38.0,6.014285714285714,0.9942857142857143,956.0,2.7314285714285713,33.96,-118.12,2.46,2.324861677211151,2.3660077247026674,2.1194727239797118,2.3668121212121216
5090,1.689,31.0,3.800711743772242,0.9644128113879004,1091.0,3.882562277580071,33.97,-118.28,1.026,1.345278390677238,0.9627069119414724,1.3603269790549244,1.1610000000000003
19394,1.6759,20.0,4.2817955112219455,1.0049875311720697,1062.0,2.6483790523690773,37.77,-120.83,1.167,0.7200360421678145,0.7782815112752484,0.8821669006794468,0.9192564102564103
88,0.9722,10.0,2.6923076923076925,1.0769230769230769,125.0,3.2051282051282053,37.8,-122.27,1.375,1.1713021591461146,1.0718134972218585,1.253100728471976,1.910161290322581
13952,7.2371,10.0,9.53211009174312,1.5963302752293578,317.0,2.908256880733945,34.22,-117.15,1.719,2.828398391493802,2.386567759504305,2.5072436240980256,3.305402
16421,2.6563,29.0,4.243478260869566,0.9391304347826087,308.0,2.6782608695652175,37.87,-121.29,1.031,1.3595364253907065,1.2134374392080356,1.2732553407645257,1.3244647887323941
16770,3.449,27.0,3.7245053272450535,1.095890410958904,2104.0,3.202435312024353,37.69,-122.47,2.391,2.4643643248447136,2.6015475964928423,2.302826380884417,2.415133333333334
10091,4.5461,33.0,4.696132596685083,1.0193370165745856,981.0,2.7099447513812156,33.93,-117.97,1.94,2.4659237893009855,2.48581668409141,2.2202965049595753,2.3668121212121216
20169,3.5822,18.0,5.449317738791423,1.0155945419103314,2860.0,2.787524366471735,34.42,-119.3,2.199,2.1588121521134007,2.003842376654963,2.1166497895286005,2.0095447154471544
9008,6.91,40.0,4.920454545454546,1.0284090909090908,399.0,2.2670454545454546,34.08,-118.6,3.8,3.787067078197366,4.100971538707405,3.7568918066529466,4.148202666666667
6248,2.8333,34.0,4.408602150537634,1.064516129032258,1832.0,3.9397849462365593,34.05,-117.97,1.557,1.7215595554221783,1.4875654258427073,1.5914269631724363,1.593
1056,1.9362,17.0,4.397831526271894,0.981651376146789,2446.0,2.0400333611342787,39.77,-121.85,0.899,0.37720128724470836,0.7853534789419847,0.6484655164325654,1.1248571428571428
2202,4.7622,12.0,6.672645739910314,1.1345291479820627,675.0,3.0269058295964126,36.82,-119.86,0.893,1.8111462671814862,1.7687872147839347,1.6078452113948756,1.3139500000000004
1084,1.3672,52.0,4.291479820627803,1.1793721973094171,513.0,2.3004484304932737,39.73,-121.84,0.55,0.6456735476094317,0.46718087295817945,0.7187515825744555,0.6799999999999999
2946,1.6632,27.0,4.864457831325301,1.069277108433735,1380.0,4.156626506024097,35.35,-118.99,0.498,0.972810861164312,0.5696220954308406,1.0757662191321677,0.5282911392405063
4143,2.3071,41.0,4.444253859348199,1.169811320754717,2366.0,4.058319039451115,34.12,-118.19,1.464,1.6961298196574375,1.5752548689832064,1.5761734620868193,1.168242424242424
18010,5.9658,17.0,5.873076923076923,1.0269230769230768,775.0,2.980769230769231,37.27,-121.99,2.78,3.148978318559604,3.097032767627982,3.0657145133056067,2.6474784782608687
10375,7.7814,10.0,7.665952890792291,1.051391862955032,1688.0,3.6145610278372593,33.65,-117.63,2.887,3.318175472351315,3.248799649872848,3.2380910962910665,3.3638421052631577
8233,2.7813,41.0,3.4464285714285716,1.1785714285714286,1209.0,3.5982142857142856,33.77,-118.2,1.292,2.194042243570967,2.4060687112452435,1.985885799618004,1.6381940298507462
3522,4.869,35.0,5.372596153846154,0.9375,1148.0,2.7596153846153846,34.27,-118.5,2.216,2.5693571706616867,2.6251302651671926,2.3547055104675954,2.684588697916666
2392,4.1838,44.0,26.452173913043477,6.060869565217391,335.0,2.9130434782608696,37.25,-119.21,0.856,2.8202403874716078,2.155202814896181,2.2788820238574585,2.874166666666666
7411,2.8167,36.0,3.4476386036960984,0.9917864476386037,2249.0,4.618069815195072,33.95,-118.22,1.604,1.9422794889786914,1.7477269086930316,1.7904931332666916,1.575285714285714
1205,2.2813,21.0,5.207272727272727,1.0327272727272727,862.0,3.1345454545454547,39.42,-121.71,0.576,0.596676424159285,0.8159814696539434,0.7609818689086305,0.7766740740740745
16162,3.5833,50.0,4.3386004514672685,0.963882618510158,1049.0,2.3679458239277653,37.78,-122.5,3.485,2.5494796378551987,2.792966445316436,2.326646670475903,3.8288341666666668
6181,5.7039,35.0,5.8730650154798765,0.9628482972136223,965.0,2.9876160990712073,34.08,-117.92,1.994,2.7298650618067217,2.6194153639493054,2.462644844693241,2.5369416788321173
4941,1.8086,38.0,3.5,1.1119402985074627,1783.0,4.435323383084577,33.99,-118.27,0.971,1.603543250589685,1.38885806649018,1.521167405719047,1.1610000000000003
2150,2.3562,45.0,5.479166666666667,1.0666666666666667,666.0,2.775,36.77,-119.78,0.581,1.1337721508212235,0.9200783500481851,1.0878805783002834,0.8249843750000002
16814,4.1033,34.0,4.892253931275481,1.0553290623179965,4101.0,2.388468258590565,37.64,-122.43,3.01,2.652684502332589,2.987548581712843,2.520384801560203,2.4101666666666666
19621,2.5,42.0,5.493333333333333,1.0,227.0,3.026666666666667,37.43,-121.11,0.742,1.4149343210037177,1.150669927695768,1.3260934702767888,1.2356410256410257
10429,3.3967,25.0,6.176136363636363,1.2159090909090908,603.0,1.7130681818181819,33.42,-117.65,2.494,1.9234382831098857,2.077762591248382,1.8047228380931473,2.6454
6063,6.2734,14.0,6.549701046337818,1.0280269058295963,8380.0,3.131539611360239,33.99,-117.83,2.67,2.731965734353855,2.8260831808081726,2.6265630418870645,2.6474784782608687
13533,2.9877,5.0,4.46780303030303,1.0795454545454546,2564.0,2.428030303030303,34.17,-117.33,1.199,1.189197768906607,1.3482398049927666,1.2085829918849433,0.9443571428571428
14003,1.4,20.0,5.9301533219761495,1.4310051107325383,1694.0,2.885860306643952,34.52,-116.9,0.777,0.38433186818906084,0.6069552842957151,0.6777610864368757,0.7630526315789475
2605,3.0208,32.0,5.151515151515151,1.0858585858585859,421.0,2.1262626262626263,41.06,-124.14,1.434,1.45382558936552,1.179720618108697,1.2913251772003385,1.8528571428571428
20605,1.8355,26.0,4.424050632911392,0.995253164556962,2017.0,3.1914556962025316,39.12,-121.58,0.612,0.5795311490468673,0.6012306667888967,0.7612821505144216,0.6606528099173556
20308,4.0222,16.0,4.767910447761194,0.9925373134328358,6242.0,4.658208955223881,34.19,-119.13,2.068,2.4121179656612726,2.3682813039354746,2.3980921695795763,1.6980914893617025
15175,6.8099,15.0,6.221590909090909,0.8977272727272727,361.0,2.0511363636363638,33.03,-117.07,3.282,3.014292256957739,3.1116921236790374,2.848885110732057,3.3894455555555556
5483,4.337,37.0,4.035320088300221,1.0154525386313467,1075.0,2.3730684326710816,33.99,-118.46,3.606,2.677780945654319,3.0282617745973432,2.461005973631797,3.2580940654205603
1747,1.8664,30.0,3.392857142857143,1.1321428571428571,1073.0,3.8321428571428573,37.96,-122.36,1.078,1.6915751976261468,1.446053745528784,1.5854189874123001,0.726
2405,1.5642,15.0,4.403292181069959,1.0534979423868314,1070.0,4.403292181069959,36.62,-119.32,0.515,0.46596263507707714,0.5432303709035853,0.7340528649420082,0.5282911392405063
14762,1.2667,7.0,3.326241134751773,1.053191489361702,1187.0,4.209219858156028,32.54,-117.04,0.675,1.1116191799856665,0.8247469527835507,1.2599040715877354,0.7044999999999999
14157,2.7778,25.0,5.0990873533246415,1.106910039113429,1580.0,2.0599739243807043,32.77,-117.08,1.841,1.715661893412789,1.7474794199670698,1.6555393356523078,1.4235
8237,1.4048,52.0,3.05078125,1.203125,692.0,1.3515625,33.77,-118.19,2.0,1.7560642606968377,2.5260774102266867,1.6022657491491175,1.5112658227848106
15287,2.7717,25.0,5.79175704989154,1.143167028199566,936.0,2.0303687635574836,33.12,-117.32,3.54,1.6144711485109964,1.613359047348532,1.567910009991532,1.9791428571428575
5333,3.0173,19.0,3.639344262295082,1.1038251366120218,1837.0,2.0076502732240438,34.04,-118.45,3.938,2.0030849495468925,2.330986689752675,1.8815777747437004,2.704666781609195
14746,4.0089,20.0,5.747875354107649,1.0113314447592068,1497.0,4.240793201133145,32.58,-117.04,1.321,2.1194321377312324,1.8820000365788567,2.0238393844035176,1.4865625000000005
11408,6.1092,20.0,6.8161764705882355,0.9975490196078431,1242.0,3.0441176470588234,33.71,-117.95,3.065,2.8442901912601166,2.896850243789691,2.6961534831786436,2.669019607843137
4510,2.1806,45.0,4.02928870292887,0.9790794979079498,1194.0,4.99581589958159,34.04,-118.19,1.349,1.6127299100148063,1.082677083986178,1.5092782768806914,1.4366436781609198
3479,6.4171,29.0,6.882352941176471,1.0374331550802138,525.0,2.807486631016043,34.29,-118.51,3.193,3.0947160160359193,3.1752435358374775,2.9255397829376464,3.384902920353981
5508,4.3333,43.0,4.726072607260726,1.0165016501650166,782.0,2.580858085808581,33.99,-118.44,3.039,2.6412898752806067,2.922753569257382,2.4161801177518347,2.4912702702702694
11198,2.2716,26.0,2.89,0.9825,1880.0,4.7,33.84,-117.91,3.5,1.5741491345228253,1.2973035900366165,1.4995448137528498,1.3590212765957446
5863,4.1923,47.0,5.152694610778443,1.026946107784431,834.0,2.497005988023952,34.19,-118.34,2.312,2.445351660398824,2.617164810338845,2.1882629838902883,2.974310344827586
1729,3.9773,33.0,4.716627634660422,0.9601873536299765,1354.0,3.17096018735363,37.98,-122.34,1.313,2.354629164293686,2.171682866550892,2.1469656088398623,1.4644
14202,3.5341,25.0,6.012953367875648,1.0310880829015545,1434.0,3.715025906735751,32.7,-117.01,1.208,1.8764001306671305,1.623261246273744,1.7958488479639731,1.4865625000000005
13940,2.5446,27.0,22.646341463414632,3.953658536585366,1135.0,2.768292682926829,34.26,-117.16,1.352,1.1035212357278898,1.4972619179049194,1.172089812345492,1.1158461538461537
3143,2.5875,44.0,4.66546762589928,1.10431654676259,776.0,2.79136690647482,35.05,-118.16,0.689,1.3768148360124486,1.1674605264769673,1.2451190928885993,0.7265511811023622
17477,3.8056,21.0,5.881516587677726,1.1753554502369667,746.0,3.5355450236966823,34.47,-120.05,4.25,2.665978917563673,2.7447942086426984,2.664927669999003,1.151586206896552
20226,1.9286,26.0,4.212643678160919,1.071264367816092,2775.0,3.189655172413793,34.29,-119.3,1.605,1.744113201109702,1.5357519136449556,1.7472960317035358,1.4554117647058822
221,3.0757,39.0,4.524663677130045,1.0022421524663676,1221.0,2.7376681614349776,37.8,-122.21,1.51,2.0860365136656265,1.985744410153544,1.9027566176806947,2.0675079006772012
11018,8.7496,29.0,7.935766423357665,1.032116788321168,2046.0,2.986861313868613,33.77,-117.8,3.495,3.913816067017434,3.9893927139808785,3.981743422645441,4.998052340425534
2145,2.1439,38.0,4.661764705882353,0.9975490196078431,2142.0,2.625,36.77,-119.76,0.602,1.0059833403457732,0.8173001190377089,1.027004252901087,0.656358695652174
20216,4.8824,34.0,5.857142857142857,1.083743842364532,445.0,2.1921182266009853,34.3,-119.25,3.964,2.9365346311369884,3.399692350338154,2.8270384853947927,3.2580940654205603
4003,4.0,31.0,4.691666666666666,1.0055555555555555,705.0,1.9583333333333333,34.17,-118.61,2.785,2.371245339824682,2.621358986858505,2.1863438871395626,3.6249470270270288
12374,3.3799,6.0,10.860423232778029,2.0360198108959926,4176.0,1.880234128770824,33.78,-116.36,2.393,1.0772732560063298,1.69997553474526,1.1338102577489186,1.3878333333333333
3971,3.8839,35.0,6.931547619047619,1.1875,966.0,2.875,34.19,-118.58,2.249,2.199141190020456,2.221759114659376,2.046382218279014,2.0095447154471544
5215,1.1434,43.0,3.3323353293413174,1.1317365269461077,1305.0,3.907185628742515,33.94,-118.25,0.913,1.4050342749991294,1.22719836967145,1.369838050891146,1.5112658227848106
15080,2.4367,15.0,4.019447287615148,1.0419651995905834,2204.0,2.255885363357216,32.8,-116.97,1.114,1.4854009170914493,1.4976550480216295,1.4850027717739818,1.6485999999999996
499,1.9028,50.0,5.015686274509804,1.1764705882352942,675.0,2.6470588235294117,37.85,-122.27,1.508,1.7491046585822094,1.6367406331195498,1.6098658356829247,1.138411764705883
2119,1.6073,14.0,4.321951219512195,1.0808362369337978,5561.0,3.8752613240418117,36.74,-119.73,0.647,0.6272095387808974,0.577945794875437,0.8685170282411321,0.5282911392405063
1510,6.5847,23.0,8.442748091603054,1.0381679389312977,1124.0,2.8600508905852418,37.92,-122.03,3.588,2.9211152432455916,2.947644280940586,2.7500789651285733,3.4001707317073167
5568,4.317,32.0,4.369318181818182,0.9337121212121212,1754.0,3.321969696969697,33.88,-118.29,2.328,2.482704368935848,2.5183611399900236,2.2968471207764694,1.782850000000001
2789,1.7388,18.0,4.905376344086021,1.118279569892473,1425.0,3.064516129032258,37.36,-118.42,0.544,-0.13469451197737747,0.7059936808790186,0.3659294139974729,0.8206028708133976
13875,2.7917,8.0,4.9414556962025316,1.0071202531645569,3883.0,3.071993670886076,34.46,-117.3,0.982,0.875599448948976,0.8385523826942625,1.005946905904056,0.9443571428571428
11403,3.9929,14.0,4.571047957371226,1.0497335701598578,3171.0,2.8161634103019537,33.73,-117.92,2.258,2.1296403625930203,2.1982035756204876,2.00550779567544,2.6240869565217393
6015,3.7933,34.0,5.327868852459017,1.0491803278688525,870.0,4.754098360655738,34.07,-117.79,1.161,1.939527936622405,1.4898670972716979,1.7388081347516153,1.4830576923076921
18553,2.1667,42.0,5.173076923076923,1.0288461538461537,200.0,1.9230769230769231,36.96,-122.04,1.964,1.9320741609359542,1.9287898048633982,1.849588851301407,2.709222222222222
18794,2.125,22.0,6.856687898089172,1.4681528662420382,903.0,2.875796178343949,40.4,-122.76,1.232,0.7186887858366191,0.8508693260705609,0.8251111654843064,0.7766740740740745
5045,4.1635,47.0,4.8541114058355435,0.9787798408488063,922.0,2.4456233421750664,33.97,-118.33,1.564,2.5195507866791482,2.7964551723143236,2.2846717197305844,2.4912702702702694
7671,3.7238,34.0,4.791855203619909,0.9886877828054299,1414.0,3.1990950226244346,33.92,-118.08,1.668,2.120197132062188,2.0460297739937436,1.9379820551037232,1.6980914893617025
19171,4.3657,17.0,6.555806087936866,1.012401352874859,2614.0,2.947012401352875,38.44,-122.66,2.159,2.1312982978228545,1.8472603654026194,2.0063160070708848,1.7891666666666666
15101,2.949,17.0,4.832365747460087,1.0174165457184325,3183.0,2.3098693759071116,32.83,-116.97,1.173,1.6004574752186977,1.4270766832887538,1.582695197194758,1.3503230769230767
6904,2.6146,37.0,5.589108910891089,1.0495049504950495,509.0,2.51980198019802,34.04,-118.14,2.432,1.5808879534196822,1.4889860242277861,1.5056486982830908,1.9871230769230763
20017,3.6786,11.0,6.1975903614457835,1.0939759036144578,1402.0,3.378313253012048,36.09,-119.06,0.729,1.298831582652877,1.35662706211601,1.2536269330226424,1.1041718749999998
466,3.5625,52.0,5.348082595870206,1.0412979351032448,828.0,2.4424778761061945,37.87,-122.28,1.917,2.3627190374044003,2.446334328512507,2.118630222224554,1.18
59,2.5625,2.0,2.7719298245614037,0.7543859649122807,94.0,1.6491228070175439,37.82,-122.29,0.6,1.550451444215613,1.7699646725698535,1.5406184314685913,1.9869130434782605
6161,4.4653,32.0,5.440643863179075,1.0342052313883299,1669.0,3.358148893360161,34.08,-117.94,1.954,2.2601126794838517,2.1258249216028267,2.03448984656608,2.1734680851063817
4984,3.05,52.0,5.445378151260504,1.0336134453781514,853.0,3.5840336134453783,34.0,-118.3,1.116,2.0091188590032756,1.9025794990431095,1.8273243550056812,1.417333333333333
5653,3.3616,30.0,4.348159509202454,1.0904907975460123,1669.0,2.5598159509202456,33.73,-118.29,2.685,2.2258106128891173,2.464023084126829,2.077298681731762,2.6240869565217393
15953,3.7143,52.0,4.859154929577465,0.9577464788732394,847.0,2.982394366197183,37.72,-122.44,2.6,2.556110868589236,2.651180073110725,2.335257823278967,2.5377142857142854
12233,2.4554,20.0,5.5964912280701755,1.0802005012531328,1024.0,2.5664160401002505,33.74,-116.95,0.894,0.9758907002509618,0.9553767029859028,1.0618139178362473,0.9443571428571428
11898,8.2405,25.0,7.630573248407643,1.0063694267515924,951.0,3.0286624203821657,33.96,-117.35,2.352,3.391117996736535,2.992245601723538,3.1694605475944995,3.9668722580645164
3776,3.6641,25.0,5.080733944954129,1.038532110091743,1201.0,2.2036697247706423,34.16,-118.42,3.861,2.059955802408032,2.1385848891550303,1.916021026540637,2.835598712121211
4874,0.9234,40.0,2.7365853658536587,1.3853658536585365,662.0,3.229268292682927,34.02,-118.27,1.875,1.5280377755741936,1.8314773059107488,1.4283156964399715,2.3032019999999997
10660,4.0,16.0,5.145748987854251,1.008097165991903,1022.0,2.068825910931174,33.66,-117.8,2.234,2.0331305903527026,2.1302921271496724,1.900974529294213,2.2904031343283577
7791,3.125,35.0,4.320754716981132,1.0339622641509434,1651.0,6.230188679245283,33.89,-118.07,1.203,1.9518960922388042,1.3564646779298335,1.7939391080649036,1.6980914893617025
13082,2.6635,16.0,4.555555555555555,1.047953216374269,1762.0,2.0608187134502924,38.57,-121.37,1.358,1.023157262904283,1.1615470051721357,1.0403245226389988,1.2661093749999996
8284,3.2917,49.0,4.308641975308642,1.0648148148148149,1301.0,2.007716049382716,33.77,-118.14,3.074,2.284820420075837,2.745137074226599,2.0608729219019675,2.835598712121211
17346,4.7813,17.0,7.31767955801105,1.0662983425414365,1057.0,2.9198895027624308,34.9,-120.37,3.268,2.7621496570645645,2.839757094217301,2.7978955316796195,2.0204405504587157
13510,0.7069,29.0,3.0934579439252334,0.794392523364486,341.0,3.1869158878504673,34.13,-117.34,0.703,0.3683795343060581,0.22003934291677196,0.7042720785478229,1.4618837209302329
20100,2.0057,52.0,5.061728395061729,1.0781893004115226,609.0,2.506172839506173,37.96,-120.23,0.682,0.8017644013701088,0.5949085764900064,0.8255085078602555,0.8206028708133976
9195,3.0924,14.0,7.762987012987013,1.4642857142857142,798.0,2.590909090909091,37.29,-119.56,1.146,0.8790529946634973,1.2183432455349898,0.9327769129039973,1.1041718749999998
878,4.5687,33.0,4.962546816479401,1.0262172284644195,909.0,3.404494382022472,37.55,-122.02,1.772,2.68316274412997,2.5359641348797766,2.4684326830038112,2.288930232558139
12577,3.1667,36.0,5.560640732265446,0.9748283752860412,1199.0,2.7437070938215102,38.53,-121.43,0.819,1.3037465949568356,1.1010932893718892,1.1982541569678529,1.380823182711198
16240,3.4141,41.0,5.027027027027027,1.0324324324324323,463.0,2.502702702702703,37.99,-121.29,0.906,1.7426018777209067,1.4976164146958997,1.5091353371866107,1.4404
16202,1.4688,44.0,3.6424870466321244,0.9248704663212435,1489.0,3.8575129533678756,37.94,-121.28,0.568,0.9952695017696143,0.5485409537966992,1.0241006028568327,0.7472181818181819
16073,4.8516,52.0,5.350961538461538,0.9254807692307693,1177.0,2.829326923076923,37.75,-122.49,3.238,2.989430500562581,3.248132218775429,2.7937964154503505,3.4461818181818185
12136,3.5781,4.0,19.178571428571427,2.8452380952380953,275.0,3.2738095238095237,33.89,-117.13,2.444,1.045446839990877,1.6232635716210306,1.2017398783477953,1.1491942446043166
3421,2.8,34.0,4.553530751708428,0.9726651480637813,2391.0,5.446469248291572,34.28,-118.42,1.443,1.708981724138706,1.1664433236505554,1.6162521190686205,2.0373124999999996
6497,2.3333,31.0,3.9834162520729683,1.0480928689883913,2830.0,4.693200663349917,34.08,-118.02,1.642,1.5120321654410942,1.1839880467123547,1.4528060188284013,1.575285714285714
11584,5.8914,26.0,5.938616071428571,0.9921875,2932.0,3.2723214285714284,33.79,-118.03,2.376,2.905817644502637,2.977145817847692,2.7533156399689993,2.590892857142857
1402,5.0672,24.0,5.919776119402985,1.0223880597014925,1351.0,2.5205223880597014,37.95,-122.08,2.43,2.5585869211843217,2.43073034989236,2.3422440066976518,2.2826481481481484
3062,2.6726,29.0,7.2,1.0731707317073171,902.0,4.4,35.64,-119.19,0.833,1.1252879717641457,0.7960027478029086,1.1778366161518092,0.8590416666666669
12344,2.1042,16.0,24.5,6.071428571428571,29.0,2.0714285714285716,33.82,-116.5,0.875,2.132042918550777,1.346500996862672,1.8134489772673925,0.621
12503,3.1827,41.0,5.261904761904762,1.0809523809523809,443.0,2.1095238095238096,38.56,-121.43,1.317,1.4706752249154973,1.2620829475517585,1.2798882471083681,1.2685925925925925
20611,1.2857,27.0,4.359413202933985,1.078239608801956,1163.0,2.843520782396088,39.1,-121.55,0.47,0.4138804893876722,0.5411104556371986,0.6695143357343301,0.6606528099173556
18533,1.9286,29.0,3.896813353566009,1.1335356600910471,1743.0,2.644916540212443,36.97,-122.02,1.953,1.9196602334367885,1.9377012084265028,1.8545836831146665,1.3131571428571425
19161,4.3278,8.0,5.843045843045843,1.038073038073038,3833.0,2.9782439782439782,38.36,-122.68,1.841,2.174453146884143,1.924777809418644,2.077409783397621,2.3162
18854,3.4519,15.0,6.157303370786517,1.1303370786516853,1188.0,2.6696629213483147,41.28,-122.45,1.288,0.5639390065032182,1.1763856117906177,0.6759288290690562,1.7754074074074069
11732,2.2917,19.0,5.695652173913044,1.423913043478261,493.0,2.6793478260869565,39.12,-120.69,1.182,0.5139303077492159,0.8346664574350047,0.6631397839719451,0.7766740740740745
5937,3.3942,21.0,4.792540792540793,1.0745920745920745,1332.0,3.104895104895105,34.15,-117.9,2.128,1.7389683777605491,1.6400649314957603,1.6092248731601315,1.6980914893617025
1962,2.9219,17.0,6.113960113960114,1.1282051282051282,862.0,2.455840455840456,38.73,-120.71,1.413,0.6664998987885118,1.0957494628515716,0.7861308663500539,1.1184398496240606
4338,2.7038,26.0,3.237424547283702,1.0744466800804828,1868.0,3.7585513078470827,34.08,-118.31,2.271,1.8733056807095672,1.88433513019097,1.7390354760972224,1.6381940298507462
200,3.0257,52.0,4.046948356807512,1.0093896713615023,994.0,4.666666666666667,37.78,-122.23,0.808,2.2652575809684343,1.928024072774432,2.0219071375832423,2.351142857142857
12223,5.3623,15.0,7.55956678700361,1.1407942238267148,937.0,3.3826714801444044,33.73,-116.89,2.013,2.012356773944367,1.952519827949885,1.7994394865441241,2.083030303030303
14420,2.93,23.0,3.8818737270875765,1.0692464358452138,1029.0,2.095723014256619,32.8,-117.22,1.833,1.934234106640866,2.177642361677142,1.8212668494947577,2.1106818181818188
7841,2.4333,25.0,4.168292682926829,1.078048780487805,1177.0,2.870731707317073,33.9,-118.18,1.55,1.653951858127352,1.62003403809253,1.585956501245843,1.8302134831460672
4404,3.1944,40.0,4.43859649122807,1.043859649122807,397.0,3.482456140350877,34.07,-118.23,1.438,2.030939030730947,1.894278730792192,1.8321540429059007,1.6980914893617025
17878,3.7614,14.0,9.363636363636363,2.1856866537717603,813.0,1.5725338491295937,37.4,-122.01,1.375,2.5667488088968207,2.7168880056554006,2.4220755875936906,2.3425576923076923
11092,3.7604,15.0,5.804143126177024,1.009416195856874,1268.0,2.3879472693032016,33.81,-117.87,2.801,1.8015075313140971,1.782953942206468,1.7194428837014004,2.7634
16676,3.0938,34.0,5.719557195571956,1.1383763837638377,1155.0,2.1309963099630997,35.14,-120.68,2.459,2.460138756858018,2.7267345167593766,2.4201371342361244,2.30386
4730,3.2813,48.0,4.95945945945946,1.027027027027027,956.0,2.5837837837837836,34.05,-118.36,2.436,2.1371183410818952,2.284851448877183,1.93594259366024,3.3496666666666663
13398,3.7917,5.0,4.770742358078603,1.0655021834061136,1379.0,3.010917030567686,34.1,-117.53,1.03,1.6180517326332515,1.6637894000403275,1.5169718344502585,1.125
13517,2.4878,14.0,5.144410613310135,1.0635058721183124,6640.0,2.888212266202697,34.1,-117.34,1.038,0.9802477460837606,0.5901993472132758,1.115443887251185,0.9443571428571428
898,2.6198,18.0,4.052901023890785,1.1126279863481228,1252.0,2.136518771331058,37.53,-121.96,2.359,1.828877546586186,1.860178354929946,1.7288387362079183,2.1326419402985084
9525,4.425,30.0,5.858461538461539,1.0184615384615385,816.0,2.5107692307692306,39.15,-123.17,1.619,2.303390969933697,2.077348784305986,2.0673217500197056,2.2826481481481484
4084,4.2031,29.0,4.844236760124611,1.0124610591900312,1212.0,1.8878504672897196,34.15,-118.39,3.944,2.341714857840466,2.5389690972215027,2.146728114479495,3.6249470270270288
9457,1.5278,19.0,6.436123348017621,1.497797356828194,515.0,2.2687224669603525,39.83,-123.84,1.458,1.2072633707903884,0.9204620318334145,1.2410937710565366,0.6606528099173556
1453,4.7891,28.0,4.578274760383387,0.9265175718849841,877.0,2.801916932907348,37.96,-121.97,1.848,2.5111293479925902,2.27498821733474,2.2495066630768674,1.7446666666666664
8508,3.5644,32.0,4.124361158432709,1.1431005110732537,1491.0,2.5400340715502554,33.88,-118.31,2.423,2.3511873075193614,2.6776235262132815,2.158462444994732,2.0675079006772012
3725,3.6745,31.0,4.532182103610675,1.0141287284144427,1626.0,2.5525902668759812,34.18,-118.42,3.355,2.1610165858592953,2.2449326252082153,1.9841063348634802,2.0675079006772012
13948,3.5625,15.0,16.611764705882354,2.9529411764705884,703.0,2.756862745098039,34.25,-117.17,1.655,1.413485917846569,1.6298517003501833,1.3619602889609639,1.1491942446043166
11899,7.6632,28.0,7.819905213270142,0.995260663507109,557.0,2.639810426540284,33.95,-117.35,2.048,3.135590733122619,2.9446618546103798,2.8684610421218766,2.9586666666666663
1092,4.5032,11.0,6.3,1.0185185185185186,2456.0,3.0320987654320986,39.82,-121.87,1.597,1.2490606774119413,1.41961544308953,1.1395866144502431,1.0102222222222221
11880,3.145,37.0,5.3478260869565215,1.034324942791762,948.0,2.1693363844393594,33.98,-117.39,1.691,1.5369841345501094,1.4709857207230264,1.408114795706974,1.16325
9421,3.75,38.0,5.770731707317073,0.9560975609756097,628.0,3.0634146341463415,37.86,-122.53,4.786,2.30270048184793,2.1404269848147486,2.1380339156626484,1.7754074074074069
15494,4.3672,4.0,5.81283422459893,1.2281639928698753,926.0,1.6506238859180036,33.12,-117.21,2.589,2.1437397017809454,2.3758488998940823,2.012688041827107,2.1130500000000003
8612,4.119,28.0,5.0756143667296785,1.0982986767485823,1243.0,2.3497164461247637,33.86,-118.37,3.24,2.4443201285534437,2.674117278733352,2.278860444152976,3.2580940654205603
1862,2.2868,17.0,5.6,1.0735042735042735,3546.0,6.061538461538461,41.81,-124.15,1.031,0.5829235908477712,0.7090604235052209,0.7757642187294305,0.8601019387755103
19496,3.2632,43.0,5.613744075829384,0.9786729857819905,944.0,2.2369668246445498,37.66,-121.0,1.381,1.5926050078744405,1.440786928911257,1.4200503357412835,2.30386
5170,1.5268,30.0,3.8555555555555556,1.0185185185185186,877.0,3.248148148148148,33.94,-118.27,0.916,1.3093163286020586,1.066747272873724,1.3362759570199185,1.4554117647058822
14957,6.1768,33.0,5.98635477582846,0.9083820662768031,1348.0,2.6276803118908383,32.76,-116.97,2.289,3.0085640123662483,3.1500431296731337,2.831762656327704,2.6704
15067,2.3221,17.0,4.2465531224655315,1.0746147607461476,3308.0,2.682887266828873,32.79,-116.96,1.388,1.4471075726675995,1.3257727180447987,1.4664123694643858,1.1868571428571428
6467,4.2321,30.0,5.1514423076923075,1.0264423076923077,1107.0,2.6610576923076925,34.1,-118.05,2.522,2.208529833703108,2.186064246099439,1.99472966928756,2.3668121212121216
16877,6.221,52.0,6.571428571428571,0.9666666666666667,530.0,2.5238095238095237,37.6,-122.4,4.203,3.5119140366606487,3.972395966750174,3.4289275085907844,3.4486432142857137
3836,5.0,37.0,4.368876080691643,0.9913544668587896,983.0,2.8328530259365996,34.19,-118.44,2.436,2.821177608153566,2.930133302430501,2.5786975547918414,2.684588697916666
19002,4.2324,9.0,6.118727050183598,1.069767441860465,2687.0,3.2888616891064872,38.34,-121.95,1.421,1.8252167714174785,1.6837697188101062,1.6947828470867061,1.6033541666666669
2898,1.075,52.0,4.384615384615385,1.0,158.0,6.076923076923077,35.38,-119.01,0.675,0.9487174829301857,-0.051441777697550206,1.0129775070599907,0.5282911392405063
18889,2.5969,47.0,4.843866171003717,1.033457249070632,694.0,2.579925650557621,38.1,-122.23,0.928,1.8184481280989049,1.6654590606631465,1.6401747967619094,1.1184398496240606
10888,4.6483,12.0,4.74721941354904,1.122345803842265,2153.0,2.1769464105156726,33.7,-117.9,1.908,2.447633081217235,2.6712565748177215,2.2827638006412205,2.041710526315789
7732,3.3681,31.0,4.826807228915663,1.0948795180722892,1647.0,2.480421686746988,33.93,-118.14,2.239,2.0341697386673445,2.1285083174637363,1.8759743112693452,2.0675079006772012
6153,3.4032,31.0,4.147761194029851,0.9537313432835821,2259.0,3.3716417910447762,34.09,-117.97,1.434,1.877838958140944,1.7223034369379238,1.717200528133819,1.6980914893617025
10029,2.186,10.0,4.353515625,1.048828125,982.0,1.91796875,39.23,-121.06,1.327,0.3667451655188221,1.0981437377745997,0.6248219720701882,0.8601019387755103
7402,0.9166,42.0,5.035714285714286,1.2357142857142858,739.0,5.2785714285714285,33.95,-118.23,0.99,1.1483545491496383,0.3711937657771298,1.211346874569327,1.168242424242424
13624,1.4079,30.0,4.47119341563786,1.1522633744855968,1509.0,3.1049382716049383,34.11,-117.25,0.677,0.7702633001716375,0.61805811891975,0.9139987489593329,0.7630526315789475
11225,5.8461,34.0,6.323529411764706,0.9950980392156863,664.0,3.2549019607843137,33.81,-117.94,2.274,2.87533233586001,2.8604912756060763,2.6583853314727124,3.384902920353981
8136,4.3056,44.0,6.134020618556701,1.0549828178694158,779.0,2.676975945017182,33.82,-118.13,2.286,2.431671682273975,2.593479454839545,2.219036812771233,4.875003333333333
9102,3.9766,8.0,5.6284329563812605,1.0452342487883683,2169.0,3.504038772213247,34.53,-117.9,1.358,1.5851574047536592,1.5209924134513182,1.499788722070614,1.151586206896552
18310,5.2803,35.0,4.710982658959537,1.0269749518304432,1187.0,2.2870905587668595,37.42,-122.12,3.621,3.1548253819109613,3.398887791429571,2.999879663131198,3.2490572357723586
15909,3.8864,52.0,4.997014925373135,1.0328358208955224,734.0,2.191044776119403,37.74,-122.42,2.813,2.661082187561909,2.965543001816423,2.4271616173277404,3.425966666666667
8797,10.5536,28.0,7.838874680306906,1.0383631713554988,1101.0,2.815856777493606,33.77,-118.46,5.00001,5.019110514023614,5.292876313961399,5.98987382062117,4.999921329113908
5211,2.2969,43.0,3.4050632911392404,0.9367088607594937,295.0,3.7341772151898733,33.93,-118.28,0.906,1.7807459708426712,1.5927560483730472,1.6427188414979166,1.6381940298507462
9532,2.3043,33.0,5.218274111675127,1.1472081218274113,658.0,3.3401015228426396,37.47,-120.68,0.663,1.1835506320632998,0.9349133118979274,1.14424661373398,0.8206028708133976
13358,3.1672,8.0,5.524832214765101,1.0281879194630872,1785.0,2.3959731543624163,34.04,-117.61,1.502,1.3060363228198761,1.3142870327924812,1.3252780260278354,2.041710526315789
6876,2.4931,36.0,3.668639053254438,1.032544378698225,1383.0,4.091715976331361,34.07,-118.1,1.703,1.7029468166344912,1.4589592313839013,1.57283461756526,1.3590212765957446
11726,1.7609,24.0,6.233463035019455,1.6575875486381324,751.0,2.922178988326848,39.24,-120.02,0.993,0.09873187460786248,0.6106185217923985,0.42448866299054394,1.375857142857143
8958,4.1296,38.0,4.222780569514238,1.083752093802345,1091.0,1.8274706867671693,34.02,-118.39,3.229,2.5837583608280075,3.03396000055578,2.3523876483693256,4.200291730769228
11717,3.9375,17.0,18.5,3.0125,202.0,2.525,39.19,-120.1,2.132,0.6137914331854972,2.0321803551890705,0.7270987420999209,1.1041718749999998
4128,3.9375,51.0,5.231805929919138,1.0188679245283019,1012.0,2.7277628032345014,34.14,-118.2,2.17,2.312939163830166,2.4217698272042654,2.054329838040992,2.342923076923076
12086,5.1624,12.0,7.22040072859745,0.9544626593806922,1707.0,3.109289617486339,33.89,-117.38,2.679,1.9341477410220755,1.923298430555812,1.7927942291093006,2.083030303030303
15881,2.6538,9.0,4.20327868852459,1.0950819672131147,1176.0,3.855737704918033,37.75,-122.41,2.063,1.8212340438838053,1.550313074662433,1.7668775335582723,1.1008333333333333
6383,4.5625,36.0,5.3903448275862065,1.0096551724137932,1688.0,2.3282758620689656,34.16,-118.05,3.768,2.347315288075531,2.3935839116845434,2.1065452356575283,3.2580940654205603
12527,1.2813,42.0,3.896103896103896,1.0346320346320346,506.0,2.1904761904761907,38.56,-121.49,0.875,0.785057748224981,0.7014259728297281,0.8669707275081941,0.9192564102564103
19271,4.6792,23.0,6.382716049382716,0.9711934156378601,555.0,2.2839506172839505,38.44,-122.82,3.047,2.3952881293046326,2.3063319970535767,2.223020828032555,3.001
17142,4.4688,43.0,5.353246753246753,1.135064935064935,817.0,2.122077922077922,37.45,-122.18,4.602,2.8887252736462417,3.215367849005929,2.690448643994288,3.2580940654205603
1282,2.2639,52.0,4.9734513274336285,1.084070796460177,528.0,2.336283185840708,38.01,-121.81,1.285,1.5981375524027386,1.467389645183087,1.4358916226250105,1.138411764705883
18217,5.9291,23.0,5.166666666666667,1.0128205128205128,373.0,2.391025641025641,37.4,-122.08,2.846,3.2542862512478035,3.2530383379895715,3.144213731628316,4.052075555555555
4843,2.135,27.0,3.8853046594982077,1.028673835125448,1085.0,3.888888888888889,34.03,-118.29,1.196,1.5255231821464008,1.2601442713157895,1.484597387431473,1.1610000000000003
7650,3.9227,24.0,5.034345047923322,1.0199680511182108,3728.0,2.977635782747604,33.84,-118.27,2.086,2.2188606460860867,2.219573439711125,2.106669161659398,2.0675079006772012
15706,3.4423,6.0,2.359154929577465,1.0598591549295775,655.0,2.306338028169014,37.79,-122.42,1.175,2.3397468683329947,2.5491549099339017,2.176385978552824,2.3456521739130434
19902,1.9138,29.0,4.36468330134357,0.9865642994241842,1234.0,2.3685220729366603,36.32,-119.28,0.669,0.8267334363304761,0.8045664394359737,0.9279022980580689,0.656358695652174
8083,2.4286,34.0,3.7728494623655915,1.032258064516129,2217.0,2.9798387096774195,33.82,-118.2,2.048,1.7920300263632127,1.8256305348425315,1.6918971535052747,1.8302134831460672
2127,3.1417,15.0,4.658823529411765,1.0549019607843138,1197.0,2.347058823529412,36.8,-119.73,0.746,1.2525847057951451,1.3367775728377054,1.1941525556138886,2.3456521739130434
14829,2.0982,26.0,3.4276401564537156,0.9947848761408083,2721.0,3.547588005215124,32.67,-117.1,1.091,1.5818766995362816,1.4195264163006625,1.5618219938730658,1.171109589041096
4527,2.5455,47.0,3.1946902654867255,1.0398230088495575,930.0,4.115044247787611,34.05,-118.21,1.143,1.9545142776518554,1.8118382341122838,1.7459289332803056,1.3590212765957446
5377,3.9038,49.0,4.5724907063197024,1.037174721189591,669.0,2.486988847583643,34.04,-118.39,3.083,2.499945122767264,2.8047380511470363,2.2486534828968776,3.3496666666666663
2862,2.569,10.0,4.7011795543905635,1.0144167758846658,1398.0,1.8322411533420708,35.4,-118.91,1.13,1.1435543697805461,1.2783107045472941,1.1943307267502852,1.6089166666666666
3115,2.5812,14.0,5.488958990536277,1.2334384858044165,850.0,2.6813880126182967,35.6,-117.66,0.917,0.6343236681613196,0.9703962575719586,0.7795106840458677,0.7265511811023622
3323,2.9934,20.0,6.207207207207207,1.1531531531531531,904.0,2.714714714714715,38.97,-122.92,1.342,1.5925378124476253,1.3589860608502653,1.5143099263667232,1.4800952380952381
5464,2.3417,40.0,3.2385008517887566,1.1567291311754684,865.0,1.473594548551959,33.98,-118.51,4.25,2.0501005065504248,2.7160002112846215,1.8727832129403623,5.00001
9237,1.8431,25.0,4.462025316455696,1.0168776371308017,1976.0,4.168776371308017,36.95,-120.02,0.539,0.8164707365154096,0.5718156440563587,0.9395336368222162,0.8206028708133976
1534,4.2625,37.0,5.925795053003534,0.950530035335689,689.0,2.4346289752650176,37.89,-122.05,3.106,2.2807588519028226,2.1901113538900283,2.059998963494401,1.7446666666666664
4411,3.75,52.0,6.117647058823529,1.1764705882352942,32.0,1.8823529411764706,34.09,-118.25,2.417,2.3003629501058396,2.6172809402618786,2.047284686605045,4.200291730769228
17877,4.0655,33.0,4.809069212410501,1.1551312649164678,1285.0,3.0668257756563246,37.4,-122.02,2.268,2.6406717345300024,2.7013231260203083,2.4424670166101285,2.0675079006772012
3189,4.5714,29.0,6.055016181229774,1.0194174757281553,1066.0,3.4498381877022655,36.27,-119.78,1.008,2.070774740775875,1.8238745700533616,1.832757905682616,1.0267857142857142
15968,3.0469,40.0,4.299086757990867,0.906392694063927,1411.0,3.221461187214612,37.71,-122.4,2.38,2.153688038286631,1.9705985435836695,1.995620705090476,2.5911111111111107
15285,4.0585,29.0,6.530275229357798,1.0128440366972478,1533.0,2.8128440366972476,33.16,-117.33,2.455,2.0211591753547644,1.931188476790756,1.89669417568199,2.0730226666666662
6259,4.375,35.0,5.173913043478261,1.0909090909090908,1113.0,4.399209486166008,34.05,-117.95,1.565,2.340459795869903,2.0246544401722355,2.0893592962780003,1.782850000000001
1978,3.5667,13.0,34.84375,7.96875,86.0,2.6875,38.71,-120.32,1.156,2.5710003836456696,0.6479268320248213,2.088575494185533,1.380823182711198
2133,2.6932,31.0,4.85,0.8916666666666667,1186.0,3.2944444444444443,36.8,-119.7,0.664,1.0391990189244589,0.8461399183201486,1.0471837428729511,0.7265511811023622
2270,2.03,38.0,4.686274509803922,1.1176470588235294,1131.0,2.7720588235294117,36.78,-119.79,0.588,1.0562574921522243,0.9032654329496941,1.0455867867869704,0.656358695652174
12094,5.4625,9.0,6.999071494893222,1.0445682451253482,3450.0,3.203342618384401,33.85,-117.4,2.236,2.159079671630314,2.0413450122894856,2.0033745983301676,2.083030303030303
20318,3.0972,25.0,3.853467561521253,1.0044742729306488,5558.0,6.217002237136465,34.2,-119.15,1.693,2.2071002098138828,2.146533473877205,2.162091824047686,1.6980914893617025
5940,2.2442,42.0,4.795258620689655,1.0452586206896552,1544.0,3.3275862068965516,34.14,-117.91,1.667,1.4112135690487302,1.1379379100424336,1.3467866905878405,1.168242424242424
10994,4.7039,24.0,4.447368421052632,1.0,482.0,2.536842105263158,33.73,-117.82,2.25,2.4852665993607075,2.508960188105812,2.257051556799241,2.684588697916666
13620,1.8463,17.0,4.83203732503888,1.1695178849144634,2160.0,3.3592534992223952,34.12,-117.25,0.726,0.8031433332991855,0.7450197720294782,0.9567172616630739,0.7630526315789475
15109,4.4347,14.0,6.0914512922465205,0.9860834990059643,1681.0,3.341948310139165,32.86,-116.96,1.603,2.040546257556855,1.9157452388423701,1.9331194606538324,1.797610169491524
14876,1.947,24.0,3.8807733619763694,1.0451127819548873,2002.0,2.1503759398496243,32.64,-117.09,1.475,1.4927636854971484,1.4984212893044209,1.4997374227155644,1.171109589041096
15333,2.7846,21.0,5.130590339892666,1.0769230769230769,855.0,1.5295169946332736,33.22,-117.33,0.912,1.575309094679532,1.6945633646840197,1.530548342210098,1.0088421052631578
1489,2.4519,25.0,4.430147058823529,0.9558823529411765,608.0,2.235294117647059,37.95,-122.02,2.083,1.5030054471720153,1.3758214224711955,1.4425012770782248,1.5538000000000003
16132,3.1653,44.0,4.47675962815405,1.0544488711819389,1738.0,2.308100929614874,37.78,-122.48,3.353,2.3476146907815343,2.549496314950897,2.1563306895548267,3.8288341666666668
1114,2.1838,18.0,4.565217391304348,0.9903381642512077,385.0,1.8599033816425121,39.78,-121.59,0.58,0.3720341037741879,0.9877438391054214,0.6151738791781727,1.1248571428571428
6607,3.5164,47.0,5.970639032815199,1.0742659758203799,1700.0,2.936096718480138,34.18,-118.14,2.265,1.9924292489155213,1.9465890102544345,1.7986961651781161,1.813153846153846
14359,7.2758,52.0,6.028708133971292,0.9665071770334929,555.0,2.6555023923444976,32.74,-117.22,3.452,3.8450501032449504,4.39078837021414,3.8347969900612773,2.9586666666666663
19951,3.1944,29.0,5.979591836734694,1.0233236151603498,915.0,2.6676384839650145,36.22,-119.35,1.068,1.3028699600398927,1.2210931294908773,1.238334820224702,0.8624959349593496
6688,0.4999,28.0,7.67741935483871,1.8709677419354838,142.0,4.580645161290323,34.15,-118.08,5.00001,0.8516218046365798,0.19173206231109385,1.0208572645760032,1.9094000000000002
15657,2.5166,52.0,2.8390750353940537,1.1840490797546013,3436.0,1.6215195847097688,37.79,-122.41,2.75,2.4022311380956345,3.651515548028909,2.1641871229184546,3.445291290322581
3277,1.3532,14.0,5.5597189695550355,1.3044496487119437,723.0,1.693208430913349,39.03,-122.91,0.958,0.9710580623013805,0.8981651372886816,1.0939902882031531,0.8601019387755103
4909,2.319,21.0,3.5901639344262297,1.0245901639344261,1505.0,4.112021857923497,34.02,-118.27,0.972,1.5768179399528819,1.3525737845102659,1.5312991442515873,1.3590212765957446
14951,2.4567,18.0,4.379310344827586,0.9673321234119783,1129.0,2.0490018148820326,32.71,-116.96,1.55,1.4570747817238203,1.44582414567963,1.4659879380077032,1.4235
9295,7.7197,26.0,6.0,1.0,19.0,2.375,38.0,-122.49,4.0,3.9007663572562663,3.610961655712061,3.9456598725946783,3.9948
4351,2.5588,36.0,3.9771812080536915,1.1248322147651006,1129.0,1.5154362416107383,34.1,-118.36,5.00001,1.8764196858179807,2.2505010163857184,1.7257243511983034,3.445291290322581
16786,5.5845,20.0,5.677644710578842,0.9900199600798403,3752.0,3.744510978043912,37.67,-122.47,3.043,3.0337997132362178,3.053828054028774,2.9802241743840447,2.20485294117647
11015,7.1882,27.0,7.58235294117647,0.9235294117647059,976.0,2.8705882352941177,33.77,-117.82,3.592,3.1636069003869878,3.2824892429286274,3.014813897025041,3.964431428571428
15015,2.9624,16.0,4.414079822616408,1.0426829268292683,3769.0,2.0892461197339247,32.77,-117.04,1.447,1.723252861629715,1.691291571702046,1.6901806373760393,1.4235
16969,3.1842,42.0,4.6923076923076925,1.05668016194332,465.0,1.8825910931174088,37.54,-122.31,3.528,2.342915463660983,2.5493578653196067,2.154666235647805,3.2665631250000007
1624,5.6349,24.0,5.71313672922252,0.9195710455764075,874.0,2.3431635388739944,37.84,-122.14,3.556,2.8320557170428424,2.7454297800845424,2.6357093230293396,3.2490572357723586
16356,3.5379,26.0,5.713426853707415,1.0681362725450902,1544.0,3.094188376753507,38.02,-121.32,0.991,1.5917338088002113,1.3896468232858794,1.4456618720656742,1.380823182711198
6662,4.0,52.0,5.142857142857143,0.9807692307692307,984.0,2.7032967032967035,34.16,-118.13,2.504,2.293225957347789,2.366698489109248,2.0243457781331498,2.342923076923076
13514,3.3516,26.0,5.142857142857143,0.8367346938775511,568.0,2.8979591836734695,34.12,-117.34,1.056,1.3109947448860195,1.229710633167251,1.2597242395243633,1.1491942446043166
18273,8.2266,28.0,9.163865546218487,1.1932773109243697,728.0,3.0588235294117645,37.36,-122.08,5.00001,3.9958303544691125,4.26006855757767,4.206879645056617,5.00001
4149,2.9194,41.0,4.211920529801325,1.1103752759381897,1557.0,3.437086092715232,34.12,-118.2,1.62,1.9611282628417142,1.9436016113076517,1.7708429584758916,1.8302134831460672
10262,6.5843,20.0,7.351201478743068,0.9981515711645101,1886.0,3.4861367837338264,33.88,-117.86,2.722,2.8786822290490544,2.8439574593282266,2.7115829720001767,3.1098444444444446
8527,6.0088,36.0,5.3752808988764045,0.9977528089887641,1346.0,3.0247191011235954,33.89,-118.34,2.459,3.2261278284622676,3.446151653061222,3.0809294205921827,2.8449999999999998
4574,2.3981,33.0,2.7372093023255815,1.0883720930232559,1533.0,3.5651162790697675,34.07,-118.27,1.833,1.8650210344926634,1.9707008853500034,1.704834541993522,1.698
15181,6.4211,17.0,7.0353535353535355,1.0,1228.0,3.101010101010101,33.03,-117.09,2.207,2.842246696330858,2.860348065540018,2.682810279868611,3.1098444444444446
1712,3.9722,29.0,4.789795918367347,0.9469387755102041,1135.0,2.316326530612245,37.97,-122.32,1.61,2.2930269393074427,2.2100885815557034,2.0989395116502423,1.312
10366,7.2147,19.0,8.618942731277533,1.013215859030837,1646.0,3.6255506607929515,33.6,-117.68,3.039,3.046728001556364,3.1841962238009716,2.9350890496198496,4.46529
14958,4.9528,13.0,7.521031207598372,1.162822252374491,2074.0,2.8141112618724557,32.76,-116.95,2.662,2.2640977999320584,2.263835323388431,2.1579783414192417,2.2981458333333338
14273,1.043,36.0,4.320588235294117,1.1764705882352942,1271.0,3.738235294117647,32.69,-117.13,0.901,1.244728467044502,0.8774406976300091,1.3012969443799975,0.8502666666666666
2748,4.3021,15.0,5.101083032490974,1.0072202166064983,803.0,2.898916967509025,32.78,-115.57,0.875,1.5635383243224164,1.4155921833788778,1.4044728526163586,1.8282352941176467
1258,3.6694,17.0,5.098,1.192,1169.0,2.338,38.03,-121.63,2.094,1.8697952299613132,1.7989982259375636,1.678435362051098,1.2561249999999997
11786,5.5205,14.0,7.225531914893617,1.0340425531914894,1974.0,2.8,38.8,-121.25,1.887,1.7937743819464296,1.7634530945686155,1.5460605991747616,2.064285714285714
5139,2.0754,39.0,4.0777777777777775,1.092063492063492,2601.0,4.128571428571429,33.97,-118.27,1.014,1.6539713924946085,1.4702601253377283,1.5747406596028268,1.1610000000000003
18386,7.7738,14.0,7.237333333333333,0.9626666666666667,1259.0,3.3573333333333335,37.21,-121.83,3.875,3.6659270787569187,3.625531747496275,3.7507144289785366,3.639333333333333
20231,4.1898,23.0,5.513097072419106,1.160246533127889,1455.0,2.24191063174114,34.26,-119.27,3.591,2.6443974849889393,2.991641015128425,2.559483327198035,2.9370703488372105
8913,2.75,27.0,3.296979865771812,1.058724832214765,1042.0,1.7483221476510067,34.03,-118.46,3.273,1.9789126819376657,2.3637635112517486,1.8368921832901122,3.445291290322581
17212,2.6429,47.0,4.09375,1.0859375,790.0,2.0572916666666665,34.43,-119.71,2.792,2.4220358812572984,3.107307538930779,2.29242705142369,2.704666781609195
17077,5.1654,41.0,5.235714285714286,1.1071428571428572,652.0,4.6571428571428575,37.48,-122.2,2.336,3.161926992109489,2.9436370903466083,2.990380833747651,2.20485294117647
273,4.5893,45.0,5.400611620795107,1.0152905198776758,869.0,2.6574923547400613,37.78,-122.2,1.635,2.730746256922874,2.7774679661248616,2.4860911903486937,1.9148749999999999
14669,4.2621,4.0,3.5349428208386278,1.0381194409148666,1309.0,1.6632782719186785,32.78,-117.12,1.242,2.331542479874348,2.723020637307039,2.191610670495276,2.1130500000000003
8932,3.9722,25.0,4.149,1.067,1749.0,1.749,34.0,-118.48,4.5,2.429071929712916,2.830063279731151,2.259544319049874,4.200291730769228
13430,3.3958,25.0,6.06980056980057,1.272079772079772,2319.0,3.3034188034188032,34.11,-117.42,1.119,1.581637361718005,1.4853755430229088,1.460114006047105,1.1491942446043166
13972,2.7375,15.0,17.408560311284045,3.8618677042801557,1316.0,2.5603112840466924,34.25,-116.83,0.908,1.5088750042140677,1.8564638165687466,1.3687920617658658,1.1158461538461537
17406,3.6422,26.0,4.3539094650205765,0.9547325102880658,891.0,3.6666666666666665,34.94,-120.45,1.206,2.6323206956963077,2.7176784458075596,2.592758813137281,1.6980914893617025
4110,6.0876,40.0,5.504201680672269,0.9915966386554622,666.0,1.865546218487395,34.14,-118.38,4.838,3.1975282819144004,3.487962755785783,2.9931876969456317,4.635503333333333
10803,3.8125,27.0,5.044692737430168,1.2988826815642458,791.0,2.2094972067039107,33.61,-117.93,3.667,2.3735051309308055,2.64899352691764,2.174189667830416,2.835598712121211
15882,2.5694,42.0,6.097922848664688,1.2551928783382789,2147.0,3.185459940652819,37.74,-122.39,2.01,1.991919187725529,1.8486268707700912,1.8675144548620972,2.2708571428571425
16000,4.0846,52.0,4.821316614420063,0.9561128526645768,819.0,2.5673981191222572,37.74,-122.47,3.336,2.7317777996372694,2.9718971088797455,2.5071065321584394,2.8717999999999995
14575,3.5078,24.0,3.5960591133004924,0.9655172413793104,335.0,1.6502463054187193,32.81,-117.22,3.625,2.1559968748039147,2.5151438306532117,1.9956420864318294,1.4535
10961,3.1713,34.0,4.362916006339145,1.0364500792393028,3117.0,4.939778129952456,33.75,-117.89,1.701,1.9419728028466763,1.6944554009200121,1.8004497131729909,1.6980914893617025
16805,4.475,32.0,3.923512747875354,1.0084985835694051,1096.0,3.104815864022663,37.66,-122.41,2.467,2.8693047303849384,2.924378340723353,2.6856485915740738,2.534886363636364
15006,2.875,34.0,4.235849056603773,1.009433962264151,918.0,2.1650943396226414,32.77,-117.03,1.612,1.8561984690957176,1.9906092102196462,1.7272168061534132,1.291666666666667
1063,3.9,7.0,6.554716981132075,1.0943396226415094,747.0,2.818867924528302,39.74,-121.87,1.47,1.0052932441178848,1.4769513622869195,0.9947767984991878,1.380823182711198
16541,4.0815,21.0,5.166666666666667,1.0026881720430108,1130.0,3.0376344086021505,37.79,-121.23,1.179,1.8617433858207582,1.649868801046769,1.6585270835537753,1.380823182711198
11805,2.8194,9.0,5.039965986394558,1.0790816326530612,3369.0,2.864795918367347,38.89,-121.32,1.113,0.8275591468195973,1.104979365001386,0.9245333125340782,1.1184398496240606
15960,4.0234,52.0,4.9605263157894735,0.9144736842105263,1138.0,3.7434210526315788,37.71,-122.43,2.665,2.644992558363187,2.611899967421371,2.4293306744719176,2.3185
9056,3.7804,27.0,5.772466539196941,0.9579349904397706,1580.0,3.0210325047801145,34.69,-118.12,1.135,1.6269052647525166,1.4435349465100438,1.5020586316246431,1.151586206896552
16155,3.0877,47.0,4.184782608695652,0.9984472049689441,1505.0,2.3369565217391304,37.78,-122.49,3.291,2.338828680983962,2.5404318218680007,2.1388763634546235,3.8288341666666668
15664,4.2857,52.0,5.4043887147335425,1.29153605015674,540.0,1.6927899686520376,37.8,-122.44,5.00001,2.978236512074511,3.5186788863540075,2.73233014049116,4.968580000000001
7921,3.2679,26.0,4.182795698924731,0.9301075268817204,539.0,2.8978494623655915,33.86,-118.08,2.365,1.8951123606284495,1.8560785005368956,1.7627519510631302,2.0675079006772012
13523,3.1736,26.0,5.392361111111111,1.046875,1396.0,2.423611111111111,34.17,-117.28,1.222,1.3179113263133082,1.2406688909092967,1.2551548690669394,1.1491942446043166
11841,2.8812,23.0,5.064272211720227,1.0321361058601135,1424.0,2.6918714555765595,39.93,-120.9,0.819,0.3374800117459458,0.8336259022377368,0.548795254220626,0.7345217391304347
16899,5.6206,44.0,4.84375,0.9340277777777778,736.0,2.5555555555555554,37.59,-122.34,3.864,3.3298830704280933,3.573863202734917,3.1885101306142243,3.2490572357723586
17781,3.2222,31.0,4.558343789209536,1.0577164366373901,2677.0,3.358845671267252,37.38,-121.83,1.848,2.119622369265864,2.029945422299627,1.9680733682010656,1.6980914893617025
17372,4.4342,20.0,5.310126582278481,0.9715189873417721,840.0,2.6582278481012658,34.96,-120.42,1.607,2.806800527100121,3.046743468017322,2.8009342139823317,2.0204405504587157
12593,2.3487,38.0,4.267647058823529,0.9264705882352942,786.0,2.3117647058823527,38.53,-121.48,1.016,1.1018109842935417,0.9554381233734457,1.0613667693003603,1.4082222222222223
4097,6.083,46.0,6.310077519379845,1.003875968992248,500.0,1.937984496124031,34.15,-118.41,4.24,3.1729379087774836,3.5613203208099877,2.9646961436093493,4.635503333333333
17990,4.0208,52.0,5.395833333333333,1.0277777777777777,362.0,2.513888888888889,37.28,-121.95,2.625,2.6571176164540677,2.8844698202019683,2.4269644662744696,2.342923076923076
6685,4.2143,35.0,5.627002288329519,1.002288329519451,970.0,2.219679633867277,34.16,-118.07,3.694,2.156922106119094,2.1944433160169776,1.942534994101694,3.2580940654205603
7178,3.3333,41.0,3.422222222222222,1.0888888888888888,814.0,4.522222222222222,34.05,-118.18,1.151,2.245788873743965,2.004082820444539,1.9922065407560279,1.6980914893617025
4618,3.425,36.0,3.6749654218533885,1.020746887966805,2274.0,3.145228215767635,34.07,-118.3,2.817,2.199318469592953,2.353219538517994,1.999640542922919,1.6980914893617025
14921,3.0365,19.0,6.07667731629393,1.0702875399361023,1102.0,3.5207667731629395,32.59,-117.02,0.981,1.6695072630795302,1.394370920338633,1.6555858554380074,1.3503230769230767
19278,2.5735,31.0,4.622425629290618,1.0892448512585813,1408.0,3.2219679633867275,38.43,-122.72,1.311,1.793631815770341,1.5213232115797306,1.6683043393988481,1.4800952380952381
19059,3.5647,33.0,5.423357664233577,1.0583941605839415,781.0,2.8503649635036497,38.22,-122.49,2.518,2.125859253940704,1.9258125345639365,1.9348885223939094,1.7754074074074069
20184,4.763,11.0,5.184824902723736,1.027237354085603,2801.0,2.7247081712062258,34.28,-119.16,2.327,2.6606669091273654,2.81284874025433,2.608568949164858,2.0204405504587157
11768,3.6455,9.0,5.328859060402684,1.0536912751677852,2717.0,2.604985618408437,38.73,-121.3,1.392,1.2034300239786804,1.3488099516946415,1.1540586203765537,1.380823182711198
9459,2.1793,22.0,4.762331838565022,1.0089686098654709,1122.0,2.515695067264574,39.67,-123.5,0.715,1.269944839684185,1.0140438737594162,1.267349629861544,0.7766740740740745
3974,5.6159,28.0,6.34965034965035,0.993006993006993,368.0,2.5734265734265733,34.18,-118.58,3.405,2.834096721469413,2.9959372450574913,2.6649968779032145,3.2490572357723586
9320,2.5125,52.0,3.7231503579952268,1.0763723150357996,700.0,1.6706443914081146,37.97,-122.53,2.708,2.1889000694046574,2.5660540089774724,1.9572526466044953,1.9869130434782605
6108,2.8547,25.0,4.107544141252006,1.0497592295345104,1674.0,2.6869983948635636,34.13,-117.88,1.556,1.6013348498907654,1.577974894850626,1.497519875992725,1.8302134831460672
19939,2.7336,14.0,4.8,0.98,931.0,2.66,36.3,-119.32,0.892,1.0151990597413083,1.1406067793116428,1.0633832338796165,0.7265511811023622
7625,4.3527,33.0,5.29874213836478,1.0471698113207548,1484.0,4.666666666666667,33.86,-118.27,1.67,2.478208319853464,2.2875808994750466,2.2956052169259595,1.782850000000001
13845,2.3617,6.0,4.726438698915763,1.1551292743953294,2447.0,2.040867389491243,34.51,-117.34,1.031,0.808559161854318,1.1144724343162271,0.9513321781710651,1.0660612244897962
20280,3.2212,35.0,4.786372007366483,1.0165745856353592,2726.0,5.020257826887661,34.19,-119.19,1.805,2.2859201121417247,2.08035961222285,2.197742986710612,1.6980914893617025
3165,1.9907,17.0,4.341653666146646,1.0577223088923557,2566.0,4.003120124804992,35.2,-118.85,0.512,1.0783181200603795,0.8297010473060646,1.1602074053653864,1.450416666666667
3505,4.3839,36.0,5.283636363636363,0.9818181818181818,808.0,2.938181818181818,34.25,-118.45,2.046,2.3938784419408843,2.3972452287727455,2.176581439849553,2.0026875
1604,3.5536,11.0,4.079545454545454,1.2045454545454546,590.0,2.234848484848485,37.88,-122.07,3.872,2.150256575192216,2.1663391749931744,1.9624160124469987,2.3425576923076923
18878,2.6098,13.0,5.042553191489362,1.1045328399629972,2957.0,2.7354301572617947,38.07,-122.24,1.625,1.5365604837442512,1.3032344923770174,1.519963382306289,1.1184398496240606
18969,3.2061,20.0,5.005134788189987,0.9794608472400513,2198.0,2.821566110397946,38.26,-122.02,1.204,1.6049005959705105,1.3814473142659158,1.5120420136248596,1.4244615384615384
12898,3.7562,17.0,5.728215767634855,1.0394190871369295,1128.0,2.340248962655602,38.64,-121.34,1.397,1.3297534603968875,1.3750887542164267,1.2242914255173294,1.661807692307692
16453,2.1771,40.0,4.94238683127572,1.0473251028806585,1197.0,2.462962962962963,38.13,-121.27,0.982,1.131173271885686,0.9538927349342614,1.0991419024571885,0.8206028708133976
18011,5.2528,25.0,5.662983425414365,1.0386740331491713,1633.0,3.007366482504604,37.27,-121.98,2.694,2.9358070165798673,2.9584216236599845,2.810535583818496,2.5369416788321173
18000,3.3922,26.0,3.8627450980392157,1.0098039215686274,620.0,2.026143790849673,37.28,-121.98,2.691,2.31144684924919,2.4428169983189623,2.145291980259098,2.30386
4010,5.6327,18.0,6.759916492693111,1.129436325678497,2413.0,2.5187891440501042,34.17,-118.58,5.00001,2.800880449339219,2.9631951779237653,2.684724726787569,3.0636666666666668
19797,1.9034,27.0,4.766666666666667,1.093939393939394,847.0,2.566666666666667,40.54,-123.22,0.496,0.7745072530230201,0.7573479713706905,0.8643513251799442,0.6606528099173556
20614,2.4695,26.0,4.801687763713081,0.9704641350210971,1455.0,3.069620253164557,39.08,-121.54,0.58,0.799019820409347,0.7926164070404424,0.8756968814030615,1.1184398496240606
16271,1.7798,30.0,5.428057553956834,1.1079136690647482,967.0,3.4784172661870505,37.94,-121.25,0.659,0.9111996536823423,0.6468027673817041,1.0005387294605237,0.8206028708133976
13356,5.5677,16.0,6.2719665271966525,0.9707112970711297,918.0,3.8410041841004183,34.03,-117.6,1.754,2.320247764203798,2.1198317015292902,2.093270201809629,1.7926818181818178
423,6.2425,52.0,6.314356435643564,1.0321782178217822,894.0,2.212871287128713,37.88,-122.26,3.918,3.4266652399961206,3.6977439455015455,3.24254653442953,3.1578
6373,3.875,44.0,5.599537037037037,1.0115740740740742,1045.0,2.4189814814814814,34.15,-118.02,2.808,2.084521715369809,2.1034508683045567,1.8596066756190504,2.71530025
19527,2.7917,41.0,4.732258064516129,1.0580645161290323,673.0,2.170967741935484,37.64,-120.96,0.907,1.524319435232178,1.393148651996488,1.358162324021536,2.0550312500000003
16938,10.0743,50.0,7.868525896414343,0.9760956175298805,644.0,2.5657370517928286,37.56,-122.33,5.00001,5.054819316147093,5.5210428495543535,5.928355010720746,4.999921329113908
257,1.8039,42.0,3.543726235741445,0.9657794676806084,900.0,3.4220532319391634,37.77,-122.19,0.923,1.6391592163838242,1.3382848925189985,1.5367907901163536,1.3131571428571425
3492,5.3107,35.0,6.252199413489736,1.0791788856304985,1128.0,3.30791788856305,34.28,-118.48,2.271,2.7552513785912764,2.768967230303687,2.539367714037501,2.20485294117647
14047,2.1094,29.0,4.0,1.0623052959501558,1191.0,1.855140186915888,32.76,-117.13,1.625,1.582670922423619,1.7314260196806275,1.5397482888305651,1.8667333333333334
17975,5.2534,31.0,5.425383542538354,0.9916317991631799,1898.0,2.6471408647140864,37.31,-121.96,2.909,2.9621490525336056,3.0746004055266547,2.8162957272715277,3.2490572357723586
6510,3.2373,32.0,4.340096618357488,1.038647342995169,4119.0,3.979710144927536,34.07,-118.05,1.831,1.8930832913244335,1.8280361628611939,1.7563445682379824,1.6980914893617025
20178,6.311,25.0,6.657575757575757,0.9696969696969697,934.0,2.83030303030303,34.3,-119.19,2.832,3.272700589735119,3.5996545313817205,3.263017862238522,2.669019607843137
14685,6.0266,8.0,6.4662756598240465,1.0205278592375366,777.0,2.278592375366569,32.83,-117.04,1.774,2.730071560936758,2.878862266632777,2.594367971849462,4.085835
15209,6.1949,5.0,6.273835920177383,1.0321507760532151,2565.0,2.843680709534368,33.01,-117.08,2.387,2.7454095477479434,2.7605208726887085,2.6165729787672745,3.2594000000000003
16074,3.4583,52.0,5.211904761904762,1.0309523809523808,1147.0,2.730952380952381,37.74,-122.49,3.213,2.4686459644340695,2.617083875613738,2.2621088278377797,2.8717999999999995
9426,4.3125,44.0,7.58600583090379,1.4839650145772594,691.0,2.0145772594752187,38.1,-122.86,2.615,2.8489008315070876,3.155623327481498,2.6627906429848656,3.001
8327,2.0114,36.0,4.398706896551724,1.144396551724138,1390.0,2.9956896551724137,33.94,-118.3,0.993,1.6295475321247792,1.5818224819935889,1.5584055107821286,1.168242424242424
6311,5.257,25.0,6.163247100802854,1.0294380017841214,3912.0,3.489741302408564,34.03,-118.0,2.261,2.496407156975945,2.444397160491776,2.317968104239063,2.20485294117647
19845,1.5608,31.0,3.971502590673575,0.9352331606217616,1518.0,3.9326424870466323,36.4,-119.1,0.517,0.5783454983188552,0.35767542559217635,0.774399362421808,0.53276375
14879,3.455,37.0,6.450980392156863,1.061624649859944,1026.0,2.8739495798319328,32.63,-117.07,1.569,1.986698581684868,1.930639609025214,1.8769857307703997,1.4865625000000005
15508,4.2357,11.0,4.863945578231292,0.9931972789115646,921.0,3.13265306122449,33.14,-117.08,1.609,2.0158220313709228,1.9745900503006322,1.8713715165561293,1.797610169491524
3753,3.6563,40.0,4.405194805194805,0.9662337662337662,835.0,2.168831168831169,34.17,-118.39,2.224,2.2126661922069224,2.390019140899896,1.9986399172295015,2.835598712121211
10884,6.3427,15.0,8.166666666666666,1.0757575757575757,287.0,4.348484848484849,33.71,-117.9,3.052,2.7707894322864903,2.8066426972801333,2.6310623335511636,3.2464
7468,3.0871,42.0,4.381987577639752,0.9751552795031055,1432.0,4.447204968944099,33.92,-118.2,1.388,1.9998754133842813,1.710448392998059,1.8316718330393535,1.6980914893617025
17876,4.8145,25.0,4.385194479297365,1.0464240903387705,2484.0,3.1166875784190715,37.39,-121.99,2.307,2.8546526998963113,2.9854972775538826,2.6933356375922095,2.288930232558139
12549,2.0833,50.0,4.176315789473684,1.1789473684210525,877.0,2.307894736842105,38.56,-121.48,0.943,1.2956481120829606,1.1267634493934158,1.147277499933654,0.9192564102564103
1743,1.875,29.0,4.286681715575621,1.182844243792325,1357.0,3.0632054176072234,37.96,-122.35,0.972,1.6129846682579048,1.4242530849314383,1.5408308621418438,1.3131571428571425
15248,5.5922,21.0,6.16728624535316,1.0743494423791822,1273.0,2.366171003717472,32.99,-117.27,3.821,2.7718755358299685,2.928470807519388,2.611627857343934,2.1944
1443,5.0915,31.0,5.9530791788856305,0.9882697947214076,867.0,2.5425219941348973,37.98,-122.0,1.932,2.560347272993382,2.4100527590093552,2.30909880079354,2.296
19062,3.4031,15.0,5.286796536796537,1.0692640692640694,2175.0,2.353896103896104,38.3,-122.47,2.095,1.8603344975753207,1.7008015995226542,1.7559319663263837,2.3456363636363635
17708,3.135,10.0,4.028938906752412,1.0016077170418007,2634.0,4.234726688102894,37.32,-121.82,2.314,1.9154843379115052,1.6694954127964143,1.8423121625983976,1.6980914893617025
346,2.5625,33.0,4.475524475524476,1.0734265734265733,999.0,3.493006993006993,37.76,-122.17,0.893,1.8564691195895833,1.5746272651223925,1.7236039899723745,1.6771111111111112
11162,3.9333,26.0,4.668478260869565,1.046195652173913,1022.0,2.777173913043478,33.83,-118.0,1.961,2.202020835570302,2.2297541716759284,2.0162559856199174,2.0675079006772012
12056,1.6875,42.0,4.322033898305085,0.9661016949152542,590.0,3.3333333333333335,33.87,-117.58,1.135,1.1299408600295098,0.7966655563734217,1.1515297497214463,1.168242424242424
17683,4.1444,14.0,5.116279069767442,1.0149501661129567,2472.0,2.053156146179402,37.29,-121.86,1.784,2.321592277402979,2.2881989899233233,2.20704273111853,2.3425576923076923
15982,2.9899,52.0,4.050964187327824,1.078512396694215,1545.0,2.128099173553719,37.76,-122.47,4.065,2.4231521457116356,2.8696185352281405,2.1977513319529516,3.524500454545454
17489,2.7689,28.0,3.913555992141454,1.043222003929273,1622.0,3.1866404715127703,34.44,-119.82,2.282,2.320416605641261,2.5009515420378494,2.264169730333433,2.1658684868421063
8729,3.5073,42.0,4.251351351351351,1.0405405405405406,1859.0,2.5121621621621624,33.85,-118.32,2.348,2.343112611799017,2.6861474518871473,2.1470096664716727,2.0675079006772012
11277,3.4821,33.0,5.126614987080103,1.0852713178294573,1119.0,2.891472868217054,33.8,-117.96,2.313,2.036396999227737,2.0200831629972615,1.8676446097251342,2.0095447154471544
8807,7.6986,23.0,7.141501294219155,1.1130284728213977,3176.0,2.740293356341674,33.75,-118.38,5.00001,3.8037527295870515,4.320804731583425,3.9617072715922363,3.757549032258065
14587,3.375,23.0,4.349173553719008,1.084710743801653,1218.0,2.5165289256198347,32.83,-117.18,1.841,2.0565666675815697,2.1992516406043,1.9212931621419882,1.62219512195122
7120,5.1155,35.0,5.68936170212766,0.9957446808510638,692.0,2.9446808510638296,33.91,-118.02,2.137,2.629723305941747,2.630253551061338,2.3943223334416333,2.6725964912280706
18075,7.8279,32.0,7.142857142857143,1.0591133004926108,1551.0,2.5467980295566504,37.27,-122.03,5.00001,4.016239456591697,4.32078648450002,4.2076591446664615,4.934507857142859
4413,2.6136,47.0,3.2220543806646527,1.040785498489426,2104.0,3.178247734138973,34.08,-118.25,1.692,1.988123390006708,2.2077941968663612,1.7863493178523941,2.1658684868421063
11071,5.6784,26.0,6.2838283828382835,0.9636963696369637,945.0,3.118811881188119,33.83,-117.85,2.324,2.655079497373419,2.6070519256449236,2.4443101018544353,2.5369416788321173
5502,7.5426,19.0,5.41222366710013,1.033810143042913,2927.0,1.9031209362808843,33.98,-118.43,3.517,3.77467392320995,4.170163154708586,3.8560635268556798,4.399804
6808,3.81,29.0,4.4734411085450345,1.0346420323325636,1352.0,3.1224018475750577,34.1,-118.1,2.346,2.119016143507044,2.057621879701166,1.9193157298904646,1.6980914893617025
15789,1.6125,52.0,3.135135135135135,1.364864864864865,286.0,1.9324324324324325,37.78,-122.4,1.125,2.1068357635865724,2.705751427917963,1.8679702419485897,2.321653194444445
19479,3.8542,15.0,5.725806451612903,1.0,1296.0,2.986175115207373,37.66,-120.96,1.452,1.5676702086721015,1.4956605746368279,1.4501056703242003,1.380823182711198
19393,2.2386,30.0,4.725738396624473,1.0464135021097047,609.0,2.569620253164557,37.78,-120.85,0.872,1.0531153896778593,0.9699378744137204,1.0557356534826003,0.8206028708133976
2247,1.7708,22.0,4.367662203913492,1.1812564366632339,1929.0,1.9866117404737385,36.82,-119.78,0.535,0.8535018494218665,1.030453904989296,0.9487290116981975,0.656358695652174
2008,1.8967,52.0,5.0,1.0491803278688525,406.0,3.3278688524590163,36.74,-119.82,0.438,1.0695941372839206,0.7103156080789768,1.0394845792870115,0.5950161290322581
18839,2.5357,19.0,5.994550408719346,1.1280653950953679,950.0,2.5885558583106265,41.76,-122.73,0.942,0.13075918993081603,1.0436446517061506,0.46126593369718527,0.9439714285714282
8223,1.3274,21.0,2.828689370485036,1.061919504643963,2924.0,3.017543859649123,33.78,-118.19,2.188,1.3220867692626024,1.3446260449434477,1.3722575949614297,1.5112658227848106
19033,5.1781,3.0,7.107116104868914,1.0614232209737828,4095.0,3.067415730337079,38.39,-121.98,1.919,2.0527017128749656,1.9170764950530692,1.9159030273807591,1.8003999999999998
2277,4.25,33.0,5.751968503937008,1.0275590551181102,494.0,1.9448818897637796,36.81,-119.79,1.322,1.7933335799929413,1.6598854812711359,1.5420100814345163,3.6249470270270288
2876,1.625,32.0,4.582491582491582,1.2222222222222223,1483.0,4.993265993265993,35.38,-118.97,0.468,1.1344167303501567,0.6869378891773339,1.1531988463415108,0.5282911392405063
8057,3.8026,49.0,3.9448529411764706,0.9558823529411765,725.0,2.6654411764705883,33.85,-118.19,1.497,2.460553925996816,2.719831351322114,2.207315339560018,1.6026363636363639
18962,3.0912,21.0,5.225127087872186,1.028322440087146,3927.0,2.8518518518518516,38.26,-122.05,1.263,1.5836028589464672,1.3120457971248507,1.5153583744770698,1.380823182711198
8688,4.6406,34.0,5.0424528301886795,1.0235849056603774,601.0,2.8349056603773586,33.87,-118.34,2.559,2.6646553066887098,2.8133948465168306,2.466972063728357,2.684588697916666
5182,1.6333,37.0,3.67032967032967,0.989010989010989,1092.0,4.0,33.94,-118.25,0.945,1.4131422141964731,1.0473448320706877,1.3938437213179249,1.1610000000000003
10342,5.2541,5.0,5.469879518072289,1.0860585197934596,1467.0,2.5249569707401034,33.8,-117.69,2.371,2.4009386587094745,2.438869373751464,2.219467260591456,2.2893999999999997
15685,4.5913,52.0,3.9833984375,1.0859375,1466.0,1.431640625,37.8,-122.42,5.00001,3.1199466839854852,3.8889270812373953,2.8837503682707073,4.968580000000001
14321,1.3125,52.0,2.3372093023255816,1.063953488372093,557.0,3.238372093023256,32.71,-117.15,0.875,1.681204339417942,1.9067326403034455,1.5498282341451897,1.5112658227848106
1061,3.6625,22.0,5.747474747474747,0.9966329966329966,822.0,2.7676767676767677,39.75,-121.87,1.266,1.0634605499622842,1.1399845123875518,1.0021248249861476,1.380823182711198
11612,5.0261,33.0,5.640756302521009,0.9789915966386554,1359.0,2.8550420168067228,33.8,-118.04,2.451,2.616851014742234,2.682415229078485,2.4141635704453224,2.684588697916666
640,2.8125,29.0,4.333679833679834,1.0883575883575884,2024.0,2.103950103950104,37.72,-122.15,1.574,1.9698621546825532,2.009632330524508,1.831952281347172,2.0550312500000003
2622,1.8993,17.0,4.699367088607595,1.0917721518987342,823.0,2.6044303797468356,40.95,-124.1,0.784,0.8914911767669871,0.8546659069842037,0.976402799376834,0.8601019387755103
8496,3.285,37.0,3.7734513274336283,1.0,1369.0,2.423008849557522,33.89,-118.3,2.181,2.197781038730824,2.450226225954946,2.0113560825811003,2.0675079006772012
103,2.5795,52.0,3.5154975530179446,1.1435562805872757,895.0,1.4600326264274062,37.81,-122.25,3.5,2.2432599546610046,2.777647877621633,1.985035623438347,5.00001
17574,2.3633,28.0,3.5587734241908007,1.091993185689949,1666.0,2.8381601362862012,37.32,-121.92,1.984,1.9233060615246445,1.949849805168704,1.80256818390207,1.3244647887323941
6148,2.9712,33.0,4.609467455621302,0.9349112426035503,1600.0,4.733727810650888,34.1,-117.97,1.439,1.6241183326086364,1.1465374069159577,1.523182935548184,1.593
8616,5.8518,23.0,5.751807228915663,1.0072289156626506,1008.0,2.4289156626506023,33.87,-118.38,3.379,3.0187883756728757,3.2266570333555133,2.8929580848113927,3.8499041935483875
12240,2.5898,35.0,4.636879432624114,1.073758865248227,2328.0,3.302127659574468,33.75,-116.96,0.763,1.2902524479438011,1.0566606885608665,1.2322705115136499,0.9443571428571428
14907,4.1958,31.0,5.825622775800712,1.0213523131672597,2334.0,2.7686832740213525,32.63,-117.05,1.601,2.295355823506384,2.3249839739905696,2.160730297957848,2.2981458333333338
8122,1.6792,43.0,3.255357142857143,1.0714285714285714,2339.0,4.176785714285714,33.79,-118.19,1.306,1.6415946963221884,1.5549741227965286,1.5573065357474736,1.5112658227848106
15066,1.9893,19.0,4.083499005964215,1.0944333996023856,2971.0,2.9532803180914513,32.79,-116.97,1.125,1.3569338933249837,1.2185497292763778,1.3953518922739567,1.171109589041096
3528,5.3847,32.0,6.149681528662421,0.9490445859872612,948.0,3.0191082802547773,34.27,-118.53,3.292,2.697276478124254,2.737377863228467,2.5014268875764007,2.5369416788321173
18669,2.6875,16.0,5.303523035230352,1.1056910569105691,865.0,2.3441734417344176,36.98,-121.91,2.333,1.8893944859610534,1.7107188611610604,1.8542949746097808,1.6771111111111112
14104,2.0036,20.0,4.088541666666667,1.2534722222222223,1848.0,3.2083333333333335,32.75,-117.1,0.992,1.5715563818511167,1.6378374242176315,1.5440969926446404,1.171109589041096
11067,3.3627,25.0,4.272840016535759,1.0731707317073171,7111.0,2.9396444811905744,33.78,-117.9,1.979,1.9708870367383442,2.2580914605467814,1.879873684965213,2.0675079006772012
17842,5.6651,31.0,5.416842105263158,0.9978947368421053,1898.0,3.9957894736842103,37.43,-121.88,2.041,3.062999151074947,2.9298397686069055,2.8944212090872887,2.20485294117647
18208,4.4531,25.0,4.5064935064935066,1.0649350649350648,148.0,1.922077922077922,37.39,-122.05,3.5,2.7270156131914955,2.8410429877592973,2.5389757231937367,3.6249470270270288
3073,2.3125,31.0,4.77,1.01,2467.0,4.111666666666666,35.79,-119.23,0.621,1.1855923866724773,0.8043830872030109,1.1906526134087585,0.5950161290322581
15886,1.4282,18.0,4.8405275779376495,1.1870503597122302,2722.0,3.26378896882494,37.73,-122.38,1.404,1.3466275213119139,0.8766077003570505,1.4184592868015313,1.7327142857142857
11376,4.25,24.0,5.439899833055092,1.0676126878130217,3441.0,2.87228714524207,33.68,-117.96,1.521,2.2866815184507274,2.3358317788436427,2.1492644811829233,2.3668121212121216
11847,2.2019,15.0,10.813218390804598,2.2528735632183907,717.0,2.060344827586207,39.72,-120.66,1.305,0.18966453955136853,1.1256185845715982,0.49772511073881737,0.8601019387755103
14703,5.1782,23.0,6.564476885644769,0.9975669099756691,1094.0,2.661800486618005,32.8,-117.07,1.951,2.488797689412899,2.573173967688068,2.3356405163168885,2.85207862745098
20197,4.1845,13.0,4.957166392092257,0.9686985172981878,1439.0,2.370675453047776,34.26,-119.2,1.995,2.432545153275796,2.560564936620196,2.3668182245406215,2.3425576923076923
14323,1.6607,52.0,2.3333333333333335,0.8817204301075269,531.0,5.709677419354839,32.71,-117.15,1.375,1.6865342094626512,1.0749970473171602,1.5619761416616638,1.0891764705882352
10656,3.7976,17.0,4.703571428571428,1.144642857142857,1454.0,2.5964285714285715,33.67,-117.83,2.75,2.1195849494347683,2.230419965848581,1.9643478115742634,2.6240869565217393
19366,2.9375,50.0,7.008310249307479,1.451523545706371,940.0,2.6038781163434903,38.42,-122.96,1.229,2.2426091277260456,2.2936385836376827,2.0347341750746244,1.4800952380952381
3106,5.5773,5.0,7.36214953271028,1.1261682242990654,1335.0,3.119158878504673,35.63,-117.69,1.09,1.5739533508591412,1.7346162464706405,1.373060715972763,1.3936153846153847
13444,2.1189,13.0,4.4779195289499505,1.1648675171736997,2475.0,2.4288518155053973,34.08,-117.43,1.217,1.0240848754921634,1.119577221352811,1.1077618698095963,1.168242424242424
10575,7.5619,15.0,7.640226628895184,1.0594900849858357,2383.0,3.3753541076487252,33.65,-117.69,3.02,3.3032827646018896,3.3173407339067946,3.225791685902201,3.3638421052631577
8260,2.675,37.0,3.404833836858006,0.9879154078549849,492.0,1.486404833836858,33.77,-118.17,2.417,1.9591602894581677,2.371554134895881,1.7984585745716473,2.329678571428571
15112,4.7717,19.0,6.008498583569405,0.9660056657223796,1236.0,3.501416430594901,32.86,-116.98,1.532,2.2438921492351227,2.136265266582784,2.094565587549244,1.797610169491524
2250,6.3359,43.0,6.334415584415584,0.935064935064935,725.0,2.353896103896104,36.8,-119.8,1.693,2.688825378007482,2.230559132077147,2.280326652942093,4.052075555555555
20375,8.4443,17.0,7.465483234714004,0.9743589743589743,1527.0,3.0118343195266273,34.15,-118.84,3.585,3.9654092369175062,4.237001240834785,4.21592711687491,3.9668722580645164
12550,4.1467,52.0,5.6891891891891895,1.0439189189189189,675.0,2.2804054054054053,38.55,-121.48,1.75,1.9532778326555673,1.6135655553885517,1.6127111575743616,2.0824999999999996
12169,2.7983,16.0,5.77725674091442,1.1254396248534584,2132.0,2.499413833528722,33.72,-117.07,1.125,1.1624087476714813,1.0941814849831826,1.2026980129500107,1.1158461538461537
16989,7.2477,16.0,6.660377358490566,1.0471698113207548,770.0,2.4213836477987423,37.54,-122.26,3.76,3.6389139591467874,3.6348139988073704,3.694023912082991,4.171804
20077,2.5729,16.0,5.241258741258742,1.1398601398601398,733.0,2.562937062937063,38.04,-120.35,1.188,0.7503461880538445,1.0355373644226789,0.8479448148132278,1.0934400000000002
6916,6.8109,35.0,6.71830985915493,0.9859154929577465,505.0,2.3708920187793425,33.95,-118.0,4.01,3.232752783483838,3.32980043830943,3.0407629100174196,4.441175517241381
12663,2.575,15.0,5.828196347031963,1.1386986301369864,5656.0,3.228310502283105,38.49,-121.46,1.079,0.9484426022161696,0.8648475263965454,1.053061768359803,1.1184398496240606
8561,4.1818,22.0,4.426056338028169,1.0651408450704225,1225.0,2.1566901408450705,33.93,-118.41,3.397,2.4569697021708037,2.7210982822303293,2.2909935515665545,3.1287999999999996
7667,3.525,39.0,4.61875,1.0125,1127.0,3.521875,33.93,-118.08,1.58,2.1148645278359894,2.0022808242746715,1.9149142429641408,1.6980914893617025
4258,4.3571,51.0,2.813813813813814,1.045045045045045,527.0,1.5825825825825826,34.11,-118.34,4.688,2.8982340450800192,3.5481152164956296,2.581693078700012,4.200291730769228
12798,1.4861,38.0,4.809145129224652,1.202783300198807,1696.0,3.371769383697813,38.62,-121.45,0.631,0.8080201135338858,0.6245045421686986,0.8881518406131108,0.8206028708133976
3638,3.66,34.0,4.670588235294118,1.0588235294117647,1080.0,3.176470588235294,34.22,-118.43,1.846,2.188070924468846,2.1636617640014584,1.9903627611288068,1.6980914893617025
9712,3.6875,19.0,4.979277364505845,1.0520722635494155,4259.0,2.263018065887354,36.66,-121.67,1.897,2.388879250832648,2.416863996397958,2.338400985370877,2.9370703488372105
10712,4.1678,11.0,5.1171228516868235,1.0929344366645448,3445.0,2.192870782940802,33.59,-117.7,1.909,2.1104265750166924,2.2077485747033894,1.995487137101216,2.2904031343283577
14869,2.4148,27.0,3.9142091152815013,1.032171581769437,1935.0,2.5938337801608577,32.63,-117.09,0.675,1.7203384727761015,1.7513842647882831,1.6633997430028482,1.1868571428571428
57,0.8172,52.0,6.102459016393443,1.3729508196721312,728.0,2.9836065573770494,37.82,-122.28,0.853,1.316956247657659,0.9110405713468333,1.312529908322297,1.138411764705883
6494,4.275,35.0,5.337175792507205,1.031700288184438,1414.0,4.07492795389049,34.08,-118.01,1.736,2.243050438110543,1.9980254293985986,2.0175350290503884,1.782850000000001
14874,2.1955,34.0,4.136482939632546,0.9553805774278216,1153.0,3.026246719160105,32.62,-117.09,1.297,1.606724095150657,1.4391875335898727,1.5657738567228225,0.9083452380952383
14700,5.1488,31.0,6.296296296296297,0.9753086419753086,1017.0,2.511111111111111,32.8,-117.07,1.81,2.5697298442688155,2.70942860149163,2.39030497624043,2.85207862745098
9811,14.4113,28.0,11.634686346863468,1.5092250922509225,569.0,2.0996309963099633,36.57,-121.94,5.00001,6.988095146716997,7.576183890741725,11.652032533876385,4.999921329113908
11596,7.6144,34.0,7.171717171717172,0.9974747474747475,1127.0,2.845959595959596,33.79,-118.08,3.762,3.6356014612061918,3.8399533851919285,3.6025516882780124,2.9586666666666663
14677,6.04,16.0,7.245283018867925,0.9889937106918238,2020.0,3.1761006289308176,32.84,-117.11,2.43,2.7135861867945947,2.74546751061402,2.5996699887422428,2.5917499999999998
12160,4.065,6.0,6.347670250896058,1.050179211469534,935.0,3.3512544802867383,33.82,-117.08,1.482,1.4660009967005552,1.5547697257376212,1.4089193741795523,1.1491942446043166
20337,5.687,25.0,6.71875,1.0018382352941178,1776.0,3.264705882352941,34.24,-119.03,2.381,2.9629079779478076,3.1266563612701996,2.8983718985840285,2.5369416788321173
15774,4.6477,52.0,4.625396825396826,0.926984126984127,621.0,1.9714285714285715,37.76,-122.45,4.5,2.9712095436981416,3.3642244684763636,2.7443641740759936,3.6249470270270288
17922,4.5625,36.0,5.636363636363637,1.032085561497326,546.0,2.9197860962566846,37.35,-121.98,2.4,2.700108307466684,2.6883356777589635,2.5086528268997137,2.684588697916666
459,1.1696,52.0,2.436,0.944,1349.0,5.396,37.87,-122.25,5.00001,1.54753049012274,0.9477563212846338,1.4409669131849934,1.925
17603,4.1406,44.0,5.289817232375979,1.0339425587467364,908.0,2.370757180156658,37.29,-121.88,2.741,2.615816053010234,2.7827902210973776,2.3996146355404333,3.2580940654205603
17383,4.5536,9.0,6.534939759036145,1.0313253012048194,1116.0,2.689156626506024,34.96,-120.41,1.901,2.644188112762835,2.6681978767045678,2.6778829869609315,2.0204405504587157
16799,4.425,35.0,4.723958333333333,0.9505208333333334,1025.0,2.6692708333333335,37.67,-122.44,2.684,2.7424184429380363,2.805027793785688,2.567444664760161,2.3668121212121216
5893,3.2112,38.0,4.290676416819013,1.2157221206581352,1317.0,2.4076782449725775,34.16,-118.31,3.493,2.1707015511092225,2.4618147946807594,1.948696365016421,2.835598712121211
16111,3.5,44.0,5.572769953051643,1.164319248826291,1087.0,2.551643192488263,37.74,-122.5,2.757,2.4745952888424325,2.6100826559236836,2.284445278733475,1.7754074074074069
10414,4.2463,4.0,4.6450777202072535,1.0103626943005182,897.0,2.3238341968911915,33.65,-117.59,1.828,2.002940515091545,2.134069401412206,1.868010528857127,2.2904031343283577
11000,13.466,26.0,8.874233128834355,1.0582822085889572,983.0,3.0153374233128836,33.75,-117.79,5.00001,5.911645942703448,4.859268974337847,7.834602458978566,4.913341333333335
8030,3.5465,35.0,4.482861400894188,1.0044709388971684,1584.0,2.360655737704918,33.84,-118.13,2.132,2.158718345695377,2.307110930622355,1.9809134218061604,2.835598712121211
17699,4.2361,31.0,4.962962962962963,0.8703703703703703,1336.0,4.948148148148148,37.28,-121.82,1.795,2.4126752559929527,1.9862280284891871,2.2405344758218972,1.87515625
4441,1.6118,39.0,3.7304347826086954,1.0231884057971015,1171.0,3.3942028985507244,34.09,-118.21,1.385,1.3639564230961996,1.1330065226819883,1.3384302314881555,1.4554117647058822
8203,2.0875,17.0,3.9014778325123154,1.0714285714285714,904.0,2.226600985221675,33.78,-118.15,1.813,1.4889152834178376,1.5731705554562203,1.4847357483338905,1.9368387096774196
8931,3.1304,42.0,4.073717948717949,0.9647435897435898,574.0,1.8397435897435896,34.0,-118.47,3.405,2.143619948634438,2.478485579133791,1.9589430431973085,3.2665631250000007
17871,2.9817,21.0,4.876988335100743,1.0455991516436904,2756.0,2.922587486744433,37.44,-122.07,2.25,1.9459680093835003,1.7156016111971324,1.8711783389785857,1.6771111111111112
19683,2.5038,39.0,4.970822281167108,1.090185676392573,822.0,2.180371352785146,39.14,-121.63,0.683,1.0319925001378556,0.9073049756543461,0.9812077209304804,1.2661093749999996
16039,4.1939,44.0,4.936046511627907,0.9903100775193798,1577.0,3.056201550387597,37.71,-122.47,2.379,2.7249880607676604,2.841567716824199,2.5345083491287443,2.534886363636364
4178,2.5213,42.0,3.8165548098434003,1.0917225950782998,1941.0,4.342281879194631,34.09,-118.22,1.497,1.8436816619908467,1.6895784699645637,1.6826463580912665,1.3590212765957446
5099,2.7917,47.0,5.436842105263158,1.1105263157894736,1156.0,3.042105263157895,33.97,-118.31,1.258,1.9241183508753061,1.9067768260382136,1.7730348396744962,1.417333333333333
2153,3.8105,52.0,6.098765432098766,1.0534979423868314,1114.0,2.292181069958848,36.77,-119.8,0.876,1.7770933288578525,1.6108877111211504,1.5113383617208003,2.30386
4519,1.6888,44.0,3.071844660194175,1.0563106796116506,1998.0,3.8796116504854368,34.04,-118.2,1.25,1.567547095823128,1.490876019604782,1.4718940361210602,1.5112658227848106
12480,1.4375,52.0,4.0,1.296,456.0,1.824,38.58,-121.49,1.688,1.1372574633941284,1.1038858500474065,1.03900185416438,3.4562019999999998
14192,4.0921,20.0,5.577608142493639,1.0330788804071247,1766.0,4.493638676844784,32.69,-117.07,1.35,2.160187692201877,1.911527070160036,2.0479690207113217,1.4865625000000005
5230,1.5132,37.0,4.141129032258065,1.0403225806451613,824.0,3.3225806451612905,33.93,-118.24,0.863,1.344173797005313,1.0681578674914927,1.3482441889147698,1.4554117647058822
12769,2.0224,41.0,4.963470319634703,1.2420091324200913,462.0,2.1095890410958904,38.62,-121.42,0.649,1.0834490122194034,0.9647394172085639,1.0263024644681131,1.13946511627907
16534,3.375,4.0,2.0,1.0,79.0,2.7241379310344827,37.78,-121.2,1.063,1.7622861776198686,1.7583478848383032,1.560670777215806,2.0675079006772012
11476,6.3047,23.0,6.591677503250975,1.0013003901170352,2473.0,3.2158647594278285,33.7,-118.02,2.857,3.0232561299364473,3.1093092445308494,2.9081264788685193,2.590892857142857
16821,5.4694,25.0,5.360441075120606,1.0289455547898,4674.0,3.221226740179187,37.66,-122.53,2.724,3.1305758781169457,3.4656129488353127,3.09405669133895,2.5369416788321173
20483,5.5955,18.0,5.881266490765172,0.978891820580475,1283.0,3.3852242744063323,34.28,-118.72,2.177,2.78842973630774,2.784086571763963,2.6532356658403855,2.20485294117647
379,2.4962,37.0,5.324324324324325,1.1081081081081081,835.0,3.223938223938224,37.75,-122.17,0.918,1.793582440465815,1.4939857244885097,1.6770302636730547,1.6771111111111112
6267,3.8409,34.0,5.4591439688715955,1.066147859922179,977.0,3.801556420233463,34.04,-117.94,1.63,2.038775393639226,1.8021356438599898,1.8405424932362715,1.7495862068965513
13351,5.5632,9.0,7.241086587436333,0.9966044142614601,2280.0,3.870967741935484,34.02,-117.62,1.951,2.1609239437902525,2.0725561616781594,2.00300833974313,1.7926818181818178
20514,1.642,24.0,3.707509881422925,1.0869565217391304,508.0,2.007905138339921,38.58,-121.52,0.325,0.841348989377747,0.973836360765366,0.9182267190045634,1.1636896551724139
3578,2.9076,24.0,4.220496894409938,1.1164596273291925,3018.0,4.686335403726708,34.24,-118.53,2.753,1.8796068203928864,1.7456949762612954,1.7777108179891732,1.575285714285714
2361,4.5625,20.0,6.202197802197802,1.0527472527472528,1372.0,3.0153846153846153,36.78,-119.53,1.369,1.6656041054004214,1.5356381056876907,1.4632818400840337,1.0267857142857142
20324,3.5625,31.0,4.386904761904762,0.8690476190476191,1436.0,8.547619047619047,34.25,-119.12,1.941,2.2685169700239642,1.3028839124866956,2.1599520945400608,1.6980914893617025
10134,4.125,32.0,5.543478260869565,1.0905797101449275,666.0,2.4130434782608696,33.91,-117.91,2.302,2.202618044865596,2.2435736365156895,1.9898958744915132,3.2580940654205603
12922,3.95,21.0,6.224390243902439,1.0146341463414634,501.0,2.44390243902439,38.66,-121.32,1.436,1.3588406386760845,1.4119439034778811,1.2341685204601984,1.380823182711198
2003,1.0513,35.0,2.9515570934256057,1.0242214532871972,1228.0,4.249134948096886,36.74,-119.79,0.396,0.740118134440791,0.43268036436711266,0.8635104879941813,1.2408333333333332
18772,1.9943,21.0,4.6743421052631575,1.0526315789473684,1658.0,2.726973684210526,40.43,-122.29,0.598,0.37659938303799234,0.7649629405759459,0.622317555471467,0.7766740740740745
7121,4.7861,34.0,5.980997624703088,1.0190023752969122,1309.0,3.1092636579572446,33.91,-118.02,2.107,2.452621513975689,2.4310783042306587,2.2403941141599657,2.1734680851063817
19374,2.2024,20.0,5.277777777777778,1.037037037037037,304.0,2.814814814814815,37.76,-120.9,1.563,0.8940439631882462,0.9450068417341619,0.9875907615892225,0.8206028708133976
7997,4.0714,36.0,5.581589958158996,0.9895397489539749,1315.0,2.7510460251046025,33.85,-118.16,2.156,2.2647425439294504,2.302340967030741,2.087746805986766,2.71530025
8489,2.3043,28.0,3.590909090909091,1.0669856459330143,1028.0,2.45933014354067,33.91,-118.29,1.775,1.7330495132026602,1.8665245062734324,1.6413800382157722,2.704666781609195
649,3.5156,39.0,5.954545454545454,1.0,288.0,2.1818181818181817,37.72,-122.14,2.189,2.1123924499436955,2.0767532805338176,1.9373307327814597,2.30386
13197,3.7969,33.0,5.122112211221122,0.9504950495049505,1326.0,4.376237623762377,34.07,-117.7,1.284,1.8408818569304333,1.4425352718779803,1.6617114512406896,1.4830576923076921
14421,2.3482,22.0,4.001342281879195,1.1718120805369128,1751.0,2.350335570469799,32.8,-117.23,1.906,1.7310351370187083,1.9349727180765621,1.6691930416263303,2.1106818181818188
8939,3.755,40.0,3.876543209876543,1.0776014109347443,1023.0,1.8042328042328042,34.01,-118.48,3.983,2.5164671364313054,3.051391166990974,2.2911300823691243,4.200291730769228
15274,3.197,7.0,5.4851190476190474,1.0907738095238095,1612.0,2.3988095238095237,33.06,-117.27,3.671,1.627870976362086,1.603952851161072,1.6169512344982349,2.95693
2199,5.1781,4.0,6.1254752851711025,0.9936628643852978,2088.0,2.6463878326996197,36.83,-119.87,1.225,1.8757294085568494,1.890047536342592,1.6853520461009999,2.6968125
8732,1.6228,42.0,3.9416445623342176,1.1140583554376657,897.0,2.3793103448275863,33.84,-118.32,3.761,1.5999728210308084,1.7213760682684267,1.5297862796200379,1.4554117647058822
6245,2.8438,33.0,5.466307277628032,1.137466307277628,1727.0,4.654986522911051,34.05,-117.97,1.576,1.6409282946182648,1.2430941553132948,1.5434710732862493,1.593
16432,3.95,22.0,6.894736842105263,1.0175438596491229,134.0,2.3508771929824563,38.12,-121.23,1.781,1.4769013643161477,1.5927564953820228,1.358497104268098,1.2685925925925925
13508,1.6375,18.0,4.566009104704097,1.1229135053110775,2317.0,3.5159332321699543,34.13,-117.33,0.724,0.745121343837807,0.6164129176917765,0.9288951057693364,0.7630526315789475
911,5.0,32.0,6.511392405063291,1.0278481012658227,1128.0,2.8556962025316457,37.54,-122.01,2.876,2.67857196384567,2.6354788819117854,2.4968472753651643,2.684588697916666
11832,3.0,16.0,41.333333333333336,8.476190476190476,44.0,2.0952380952380953,39.3,-120.33,1.75,1.701824660824582,0.7021130536628621,1.402716268583987,1.7056
14505,3.6287,4.0,3.9006226053639845,1.09794061302682,7604.0,1.8208812260536398,32.86,-117.22,2.808,2.0455587727242026,2.4328991964711677,2.0180265125764385,1.4535
6145,4.1304,27.0,4.683727034120735,0.9986876640419947,3339.0,4.381889763779528,34.09,-117.97,1.605,2.128574090637332,1.940058837451116,1.944675615873387,1.782850000000001
14887,3.0771,28.0,4.727969348659004,0.9693486590038314,1353.0,2.5919540229885056,32.62,-117.08,1.586,1.8787137507476601,1.847014591862084,1.7932732366933033,1.62219512195122
12927,4.5278,26.0,7.636363636363637,1.069377990430622,1132.0,2.708133971291866,38.65,-121.3,1.443,1.528760681448122,1.5595473689396357,1.356341731353294,1.7884230769230764
5115,2.6518,39.0,5.296786389413989,1.168241965973535,1524.0,2.880907372400756,33.96,-118.3,1.363,1.845708906359417,1.8386983802339738,1.725904973685648,1.417333333333333
8499,4.2171,32.0,4.1243432574430825,1.021015761821366,1605.0,2.810858143607706,33.89,-118.29,2.182,2.5343711042509884,2.747238718870816,2.3328912926427448,2.3668121212121216
10676,6.9257,28.0,6.96594427244582,1.0185758513931888,826.0,2.557275541795666,33.54,-117.76,4.664,3.27794577824534,3.4270093164427404,3.1525284267297504,3.964431428571428
10562,10.4498,11.0,7.867364746945899,1.0785340314136125,1993.0,3.4781849912739964,33.72,-117.76,3.861,4.548419771868956,4.15182096600307,5.040714368444094,4.474127083333335
6741,3.301,27.0,4.439624853458382,1.0703399765533412,1992.0,2.335287221570926,34.13,-118.07,2.512,1.8791907394093825,1.9519821298730884,1.7277050843520563,2.835598712121211
18577,2.4375,20.0,4.79074074074074,1.012962962962963,1534.0,2.8407407407407406,36.93,-121.77,1.904,1.7639029054437578,1.448276394380427,1.7409969788912685,1.6771111111111112
8142,4.4196,37.0,6.608465608465608,1.0687830687830688,517.0,2.7354497354497354,33.83,-118.11,2.231,2.354501750641099,2.446817457022098,2.164121223401202,2.3668121212121216
5689,4.5486,36.0,5.271889400921659,1.0115207373271888,1079.0,2.486175115207373,34.22,-118.23,3.61,2.4107071720598583,2.4573657086489384,2.1688910053034554,2.3668121212121216
19537,1.3696,23.0,3.9147286821705425,0.9612403100775194,163.0,1.2635658914728682,37.65,-120.92,2.75,0.7189039302936651,0.9771466616858847,0.8855865747188711,0.6216
20617,3.3021,20.0,4.921052631578948,0.956140350877193,308.0,2.7017543859649122,39.06,-121.53,0.708,1.095986888065694,1.1509926459850046,1.043832766893011,1.1340000000000001
9402,3.2794,48.0,5.031372549019608,1.0901960784313725,567.0,2.223529411764706,37.91,-122.55,4.6,2.3757655050559814,2.523590270126853,2.1570868617318677,2.9478
19519,1.2902,43.0,3.3085106382978724,1.0106382978723405,293.0,3.117021276595745,37.64,-121.0,0.675,1.0233057564225985,0.7582601725059119,1.028392187386618,0.7954999999999999
12815,2.6745,5.0,4.332298136645963,1.1583850931677018,638.0,1.9813664596273293,38.61,-121.5,2.25,1.0772946837484505,1.3938042068301122,1.0798526030411164,1.2661093749999996
9501,3.1201,17.0,6.478206724782067,1.2914072229140723,1742.0,2.1693648816936486,38.8,-123.59,1.761,2.057235936510996,1.8193860739762815,1.9836997339287543,1.9333030303030307
3111,2.1458,30.0,5.153184165232358,1.2753872633390706,1481.0,2.549053356282272,35.62,-117.68,0.524,0.668283853272335,0.7444173110323646,0.7766827200362367,0.656358695652174
17792,4.0385,33.0,5.027863777089784,1.043343653250774,1412.0,4.371517027863777,37.36,-121.82,1.676,2.439220703916047,2.156338745446821,2.2411817437579016,1.6980914893617025
19699,3.8534,21.0,6.190804597701149,1.1057471264367815,1337.0,3.0735632183908046,39.09,-121.62,0.997,1.3366797058716355,1.2728331569092461,1.2097246528222585,1.380823182711198
14834,2.0488,20.0,4.216666666666667,1.1208333333333333,837.0,3.4875,32.68,-117.1,0.889,1.502613204082214,1.3381317328541988,1.500005334058112,1.171109589041096
16178,3.3625,47.0,4.632022471910112,0.9213483146067416,1183.0,3.3230337078651684,37.71,-122.4,2.237,2.334117891706086,2.233750626353758,2.1402272315107935,2.1806669696969703
3947,3.3534,41.0,4.318367346938776,0.9306122448979591,778.0,3.1755102040816325,34.21,-118.61,1.805,2.144487751291113,2.127842638843118,1.9601086119546434,1.6980914893617025
5165,1.9702,39.0,4.138686131386861,1.0413625304136254,1468.0,3.5717761557177616,33.95,-118.29,0.932,1.5808861789515212,1.3567619104047468,1.5179700784864023,1.1610000000000003
7241,2.7308,31.0,4.47612551159618,1.0477489768076398,2385.0,3.2537517053206004,34.0,-118.12,1.738,1.7122819137503034,1.5807314490754496,1.6186787738046178,1.9871230769230763
10792,7.8496,39.0,6.528888888888889,1.0044444444444445,553.0,2.457777777777778,33.63,-117.92,4.908,3.8747924653302697,4.058602050496757,3.8842953839090537,4.934507857142859
4918,1.6221,41.0,3.8256070640176603,1.086092715231788,1776.0,3.9205298013245033,34.0,-118.26,1.042,1.4819353256653987,1.2427180107932596,1.4332422465645327,1.1610000000000003
5513,3.6538,36.0,5.065116279069767,1.0883720930232559,632.0,2.9395348837209303,33.99,-118.41,2.761,2.2688468363533603,2.3355410605457765,2.082423763237905,2.0675079006772012
15902,3.4073,52.0,5.302521008403361,1.1743697478991597,1430.0,3.004201680672269,37.75,-122.41,2.547,2.5064725093340376,2.7132032409995346,2.281720440725872,3.162777777777777
3589,5.2801,34.0,5.510526315789473,1.0,1207.0,3.1763157894736844,34.25,-118.45,2.123,2.761140997062361,2.766216574848589,2.540853757223915,2.5369416788321173
2480,2.4398,11.0,4.20440251572327,1.2955974842767295,1376.0,4.327044025157233,36.29,-120.27,0.875,1.58425411113546,1.4799558511778095,1.5107656479405618,1.3590212765957446
3171,3.4926,30.0,5.360230547550432,0.9711815561959655,1123.0,3.2363112391930837,36.44,-119.57,0.942,1.4825699372249743,1.2616438721023675,1.3502796059380815,0.8624959349593496
17805,4.5187,16.0,4.605263157894737,1.0745614035087718,722.0,3.1666666666666665,37.38,-121.87,1.635,2.5848652387091735,2.446988022120367,2.4047959681908244,2.288930232558139
10679,3.053,50.0,5.12,1.5155555555555555,519.0,2.3066666666666666,33.52,-117.8,5.00001,2.398402255981047,2.9481821899801153,2.1264670691687333,1.9871230769230763
6660,2.5903,28.0,3.4643962848297214,1.0340557275541795,739.0,2.2879256965944275,34.15,-118.13,1.25,1.6822311215060712,1.7944725493187965,1.557424004966801,1.9825882352941178
467,2.2788,52.0,4.222602739726027,1.0273972602739727,571.0,1.9554794520547945,37.87,-122.28,1.823,1.916905675353255,2.027667853504895,1.7283173411964925,1.4373999999999998
4949,1.7961,35.0,4.081850533807829,1.0320284697508897,818.0,2.911032028469751,34.01,-118.3,1.117,1.4463728599870609,1.3038492646322988,1.418431300704524,1.4554117647058822
7852,2.52,24.0,4.088888888888889,1.055072463768116,2688.0,2.597101449275362,33.88,-118.15,1.46,1.66820902969938,1.6668373574324344,1.6125930477185388,1.8302134831460672
3571,8.8612,24.0,7.901639344262295,1.0163934426229508,1514.0,2.757741347905282,34.25,-118.51,5.00001,4.0154819474027015,4.139470516080361,4.180404029588087,4.973133750000001
3532,5.634,33.0,6.57679180887372,1.0409556313993173,896.0,3.0580204778157,34.27,-118.53,3.205,2.8381307136709824,2.9090817161521367,2.643474910985383,2.5369416788321173
2878,0.9951,42.0,3.963210702341137,1.1973244147157192,1038.0,3.471571906354515,35.38,-118.97,0.48,1.0121813362299408,0.7731275058310794,1.055858799333404,0.53276375
826,5.3644,36.0,6.305220883534137,1.1004016064257027,992.0,3.9839357429718874,37.63,-122.09,1.688,2.9564246181200122,2.780328049370768,2.7615963398162453,2.20485294117647
12438,1.7297,16.0,3.89727463312369,0.9979035639412998,1994.0,4.180293501048218,33.67,-116.19,0.675,0.44860049841135385,0.41521440224223705,0.7238195974131423,0.801
6515,2.3098,39.0,3.7824074074074074,1.001543209876543,2536.0,3.9135802469135803,34.07,-118.04,1.731,1.583834303926098,1.354862150520289,1.4895242591874664,1.6381940298507462
9651,2.4398,22.0,5.503105590062112,1.0745341614906831,595.0,3.6956521739130435,37.09,-120.65,1.5,1.1907226218917717,0.968933677223176,1.2032859836117713,1.2356410256410257
16065,4.4375,49.0,5.439506172839506,1.0049382716049382,1052.0,2.5975308641975308,37.75,-122.48,3.292,2.822502574556695,3.0530423559672633,2.617966350629137,3.4461818181818185
19276,2.375,42.0,4.927884615384615,1.0432692307692308,1073.0,2.579326923076923,38.42,-122.74,1.41,1.7536790486543663,1.5361897469818333,1.624089626338609,1.7327142857142857
3405,6.838,34.0,6.473591549295775,1.0088028169014085,1598.0,2.813380281690141,34.26,-118.36,3.78,3.3055116899262202,3.381150247001266,3.1450805291644706,3.384902920353981
19889,1.6829,7.0,4.736334405144695,1.067524115755627,1608.0,2.585209003215434,36.31,-119.16,0.802,0.4774005174682199,0.8097928757448505,0.7673666744695797,0.656358695652174
5589,2.9154,9.0,3.7192513368983957,1.1818181818181819,1790.0,2.393048128342246,33.79,-118.3,2.033,1.9499761181240483,2.2700795844396255,1.8674450495881758,2.704666781609195
18607,7.8774,15.0,6.077160493827161,1.0246913580246915,822.0,2.537037037037037,37.21,-122.09,3.949,4.030328437953462,4.027889685824004,4.277142136051441,3.97525
2171,3.4213,4.0,5.472645739910314,0.9991031390134529,3406.0,3.054708520179372,36.78,-119.87,0.845,1.1891416880569778,1.2059340177689266,1.215808895502172,0.8624959349593496
5382,2.8418,26.0,3.5008,1.1152,2435.0,1.948,34.03,-118.41,3.273,2.0042524484311475,2.4345901028931833,1.8689979516341415,2.704666781609195
11365,3.7162,16.0,4.91651865008881,1.0657193605683837,1182.0,2.0994671403197156,33.74,-117.95,2.012,2.0102326515122386,2.1285601603320763,1.8851748694667267,1.7236739130434784
15858,3.675,52.0,5.814814814814815,1.037037037037037,88.0,3.259259259259259,37.76,-122.39,1.625,2.4448058352858224,2.386868230498588,2.220518455733526,1.6458
10356,6.7921,25.0,6.984547461368654,0.9911699779249448,1517.0,3.34878587196468,33.6,-117.67,2.66,3.0966581997192177,3.08243049525671,2.9398296537659876,3.1098444444444446
20240,3.5,46.0,4.748251748251748,1.1118881118881119,382.0,2.6713286713286712,34.27,-119.25,2.212,2.6028025179871452,3.0690823269293204,2.43247023252656,2.342923076923076
3394,3.599,43.0,5.451263537906137,1.1191335740072201,809.0,2.92057761732852,34.26,-118.3,1.765,2.127454728294828,2.117225731278576,1.905672536848145,2.0095447154471544
482,3.15,52.0,4.765714285714286,1.062857142857143,494.0,2.822857142857143,37.86,-122.27,2.063,2.265541626729289,2.2541758355912154,2.019223248767569,0.8506
8985,5.3359,21.0,3.6778904665314403,1.099188640973631,7431.0,1.5073022312373225,33.98,-118.44,5.00001,3.065707573000102,4.490244723963557,2.991558140458406,4.004835
5943,3.875,32.0,5.361702127659575,1.1094224924012157,924.0,2.8085106382978724,34.14,-117.88,1.867,2.01614148766537,1.9277616190480804,1.8032339163481104,2.0095447154471544
17437,3.2167,17.0,5.473214285714286,1.2366071428571428,484.0,2.1607142857142856,34.64,-120.45,1.125,2.568677743965934,2.85469591741132,2.5918662735439595,1.9416428571428568
13632,2.0461,46.0,4.909814323607427,1.1273209549071619,1100.0,2.9177718832891246,34.07,-117.34,0.905,1.1958855707686578,0.9766450832113467,1.1510683388607932,0.7630526315789475
11292,4.0909,36.0,6.043478260869565,1.030690537084399,1240.0,3.1713554987212276,33.79,-117.93,1.908,2.1728618960293593,2.101230518908981,1.9913262338175945,2.0095447154471544
12010,3.4459,21.0,5.990228013029316,1.0553745928338762,871.0,2.8371335504885993,33.9,-117.55,1.988,1.5544421724535586,1.4776479300302263,1.4780601489862586,1.4830576923076921
2621,5.0329,14.0,8.022099447513812,1.1988950276243093,516.0,2.850828729281768,40.94,-124.05,1.656,1.9246751099249453,1.8123218049937229,1.692414027043068,3.2543333333333333
8786,8.1782,25.0,6.954545454545454,1.0265151515151516,4168.0,2.6313131313131315,33.78,-118.34,5.00001,3.9621181016281195,4.539630429095293,4.192091986115936,4.482148571428572
7912,4.0,33.0,5.002347417840376,1.0211267605633803,2045.0,4.800469483568075,33.89,-118.08,1.457,2.239508828954867,1.9669967734515863,2.0544877033262683,1.6980914893617025
11804,2.9866,45.0,5.4412811387900355,1.1281138790035588,793.0,2.8220640569395017,38.89,-121.3,0.913,1.2382635177054988,0.9068980761999712,1.0899329076276323,1.1184398496240606
5035,2.9643,48.0,5.548628428927681,1.0798004987531171,1170.0,2.917705735660848,33.99,-118.34,1.404,1.9784609174483152,1.9928869577677735,1.8188423594645289,1.417333333333333
13373,5.285,2.0,9.232253086419753,1.3904320987654322,4436.0,3.4228395061728394,34.12,-117.5,1.917,1.9340797822446625,2.059241526913718,1.834377359230905,1.7926818181818178
2703,1.9531,29.0,4.190972222222222,1.0451388888888888,804.0,2.7916666666666665,32.84,-115.57,0.611,0.7628629092075605,0.6491170136248499,0.8797716238515598,0.6101666666666666
14774,2.7048,8.0,4.228404099560762,0.9692532942898975,2441.0,3.5739385065885796,32.59,-117.08,1.53,1.585643060978334,1.317176300332658,1.612849010622527,1.058
3200,2.8788,38.0,5.86219739292365,1.0577281191806331,1378.0,2.5661080074487894,36.35,-119.65,0.855,1.3651653742454244,1.2000557853152947,1.2806194624760803,0.8590416666666669
9995,4.0775,10.0,6.140900195694717,1.025440313111546,1275.0,2.4951076320939336,39.14,-121.03,1.645,0.9988116987173385,1.402686342049649,0.9720465063806851,1.380823182711198
6072,8.105,23.0,6.51685393258427,0.9325842696629213,467.0,2.6235955056179776,34.08,-117.85,3.862,3.5593268158717537,3.21730414926769,3.420426082467962,3.599555555555556
3,5.6431,52.0,5.8173515981735155,1.0730593607305936,558.0,2.547945205479452,37.85,-122.25,3.413,3.2587947250639746,3.4170555458332315,3.028970114936608,3.2490572357723586
3979,4.1154,28.0,5.45506419400856,1.0684736091298146,1790.0,2.5534950071326676,34.19,-118.61,2.464,2.3362821523956248,2.441443203085543,2.180534515200163,2.71530025
13188,3.625,25.0,5.305555555555555,1.021604938271605,1098.0,3.388888888888889,34.09,-117.7,1.218,1.714575690440549,1.5191738279888038,1.5764711100566897,1.4830576923076921
14528,3.814,6.0,4.169836956521739,1.0190217391304348,1541.0,2.09375,32.92,-117.14,1.325,2.004600593640105,2.195587255563873,1.901432532852445,2.1130500000000003
5174,2.3365,34.0,4.46606334841629,1.1221719457013575,902.0,4.081447963800905,33.95,-118.27,0.98,1.7102040788361315,1.4377903111026078,1.614347469240402,1.168242424242424
3588,4.125,29.0,5.2642642642642645,1.027027027027027,1318.0,3.957957957957958,34.23,-118.54,2.414,2.2902392277507793,2.1281116621077203,2.116230137534394,1.782850000000001
4153,4.0625,52.0,3.6451612903225805,0.9301075268817204,791.0,4.252688172043011,34.11,-118.2,1.713,2.5125708007758907,2.3024885388259992,2.211552361423918,1.813153846153846
18986,2.8357,17.0,5.308255659121172,1.059254327563249,2899.0,1.930093209054594,38.37,-121.94,1.201,1.3554936501271229,1.225221364211433,1.3323914092049303,1.2661093749999996
5304,14.2867,49.0,7.60377358490566,0.9465408805031447,850.0,2.6729559748427674,34.07,-118.46,5.00001,6.730427123280351,5.954558010703546,10.078593799892872,4.999921329113908
8468,2.455,8.0,3.543923381770145,1.1013870541611626,7211.0,2.381439894319683,33.91,-118.33,1.927,1.6439892384650403,1.8369379504037857,1.6763052723055907,2.704666781609195
17084,2.8258,37.0,4.238670694864048,1.1148036253776434,1587.0,4.794561933534744,37.47,-122.2,2.328,2.2040840297718765,1.918525265542844,2.040766331936964,2.351142857142857
19156,4.4444,16.0,6.2555555555555555,0.9407407407407408,921.0,3.411111111111111,38.35,-122.69,1.918,2.1903841651482554,1.9550220077089555,2.054357634226066,2.3162
17786,4.0446,40.0,5.608391608391608,1.0419580419580419,445.0,3.111888111888112,37.37,-121.82,1.963,2.43955622727129,2.333547833184877,2.2220406888415822,1.380823182711198
4119,5.5524,52.0,6.129032258064516,1.0419354838709678,1842.0,2.970967741935484,34.14,-118.2,2.939,2.952102621365425,3.204311972608086,2.689986022374252,2.5369416788321173
344,2.069,43.0,4.863849765258216,1.0938967136150235,652.0,3.0610328638497655,37.75,-122.18,0.846,1.7111947022583727,1.4465243495718092,1.5976721982270887,1.138411764705883
5293,7.7382,38.0,5.482293423271501,1.1062394603709949,1251.0,2.109612141652614,34.07,-118.43,5.00001,4.060169209330985,4.366021926854885,4.14054410113645,4.665001999999999
4073,7.629,34.0,6.00658978583196,1.0049423393739703,1390.0,2.2899505766062602,34.14,-118.47,5.00001,3.8153333751983727,4.041098030949906,3.825199452436168,4.148202666666667
18887,3.0507,52.0,4.427645788336933,1.062634989200864,1277.0,2.7580993520518358,38.11,-122.24,1.073,2.143185766981084,2.135376593585967,1.8851477428610677,1.1184398496240606
19281,4.3523,26.0,4.901694915254238,1.0033898305084745,884.0,2.9966101694915253,38.42,-122.73,1.5,2.4518293234312827,2.233144883632164,2.2369152626193944,2.6644285714285716
17510,3.0139,35.0,3.606060606060606,1.2121212121212122,377.0,3.808080808080808,37.34,-121.92,2.042,2.3623298811001683,2.2275337239692727,2.13647006976216,1.6381940298507462
17474,5.5184,25.0,6.03030303030303,1.0173160173160174,1669.0,3.6125541125541125,34.44,-119.89,2.683,3.272305300308438,3.6432638870280023,3.353965340980549,2.20485294117647
13781,1.4418,24.0,4.17831541218638,1.0869175627240144,1851.0,1.6586021505376345,34.02,-117.04,1.035,0.6631800309813898,0.7680983455809252,0.8573976151751821,1.1636896551724139
7298,2.325,35.0,3.163265306122449,1.0426716141001855,2212.0,4.103896103896104,33.98,-118.21,1.615,1.7718194839695727,1.7020142430236473,1.6486697688969136,1.3590212765957446
9114,5.3799,4.0,7.944629014396456,1.1877076411960132,5839.0,3.233111849390919,34.63,-118.22,2.224,2.092136145731248,2.004018776745509,1.9915623759038623,1.3936153846153847
11209,2.4931,32.0,4.316363636363636,1.0981818181818181,1003.0,3.6472727272727274,33.82,-117.9,1.669,1.6561188650888945,1.4605916765745781,1.5536693241777546,1.593
11031,4.6125,26.0,5.965277777777778,1.0046296296296295,1086.0,2.513888888888889,33.78,-117.84,2.292,2.2666778290273686,2.286930101675467,2.0825344396459164,2.684588697916666
3623,3.0865,7.0,5.098918083462133,1.2272024729520865,2343.0,3.6213292117465223,34.24,-118.45,2.059,1.7433891417143663,1.719856392751868,1.6945535033376022,1.6980914893617025
20007,1.7106,24.0,5.718987341772152,1.0329113924050632,1169.0,2.9594936708860757,36.13,-119.03,0.955,0.5256021229157262,0.5132217699432504,0.7819016815220372,0.8249843750000002
8094,4.3424,43.0,5.261780104712042,1.0418848167539267,723.0,3.7853403141361257,33.82,-118.21,1.625,2.5666705026706054,2.5480568347237127,2.343764859213247,1.782850000000001
8192,4.1687,41.0,5.873333333333333,1.0466666666666666,738.0,2.46,33.79,-118.12,2.407,2.375816425252939,2.5476326879321234,2.173291226231732,2.3668121212121216
2195,2.7917,48.0,6.447115384615385,1.1490384615384615,671.0,3.2259615384615383,36.79,-120.04,0.828,1.4062490916140367,1.1346646130964286,1.2817735845478735,0.8590416666666669
12339,3.3897,18.0,8.644951140065146,1.793702497285559,2009.0,2.181324647122693,33.84,-116.57,2.302,1.3510388059526957,1.5631524279934281,1.2670187213045594,1.3878333333333333
4564,1.8438,52.0,3.06984667802385,1.0442930153321976,2382.0,4.057921635434412,34.07,-118.26,1.859,1.717741149433758,1.737478850468614,1.5731084015230778,1.910161290322581
4847,1.4712,44.0,5.867924528301887,1.2226415094339622,931.0,3.513207547169811,34.02,-118.31,1.058,1.3149160611489572,0.9079629498629374,1.3286870068307706,1.168242424242424
42,1.025,49.0,3.7724867724867726,1.0687830687830688,462.0,2.4444444444444446,37.84,-122.26,1.188,1.4155217875976362,1.2784037222459135,1.3623255912700984,1.3131571428571425
9934,4.3585,34.0,5.768976897689769,0.9372937293729373,783.0,2.5841584158415842,38.27,-122.31,1.944,2.256157143428793,2.0901363399005213,2.0276050806956616,1.782875
19284,3.1094,40.0,4.822916666666667,1.0729166666666667,841.0,2.920138888888889,38.37,-122.73,1.833,2.115822228143996,1.9457105886390098,1.9130425825820376,1.4244615384615384
1522,3.6833,33.0,6.102362204724409,1.0905511811023623,638.0,2.5118110236220472,37.91,-122.07,2.925,2.0699809636525783,1.9328868719284313,1.8838178668830263,1.380823182711198
4442,2.4632,39.0,3.9923273657289005,1.1381074168797953,1780.0,4.552429667519181,34.09,-118.21,1.442,1.798338695195441,1.5838204407598857,1.6510686821671943,1.3590212765957446
8902,3.9659,40.0,5.324427480916031,1.0877862595419847,610.0,2.3282442748091605,34.04,-118.48,5.00001,2.4269075862261946,2.673971541820039,2.2220620526562955,3.2580940654205603
5112,3.5208,48.0,6.203557312252965,1.1600790513833992,1319.0,2.6067193675889326,33.97,-118.29,1.342,2.197754895084255,2.372740056694952,2.004642308674784,2.2003333333333335
2112,1.4766,36.0,4.164383561643835,0.9863013698630136,842.0,3.8447488584474887,36.76,-119.74,0.528,0.7335252712176479,0.42502461909933476,0.8634719239405173,0.53276375
7109,3.9861,35.0,5.912280701754386,1.0701754385964912,578.0,3.3801169590643276,33.89,-118.0,1.887,2.152206394369542,2.0378080409398374,1.9599347095109922,2.0095447154471544
10413,4.6076,6.0,4.665773011617516,1.0875781948168006,2597.0,2.320822162645219,33.66,-117.64,2.04,2.256461733214981,2.4091312213807514,2.099979694797371,2.2904031343283577
795,3.142,23.0,4.538277511961723,1.0526315789473684,1109.0,2.65311004784689,37.64,-122.08,1.795,2.009289104727621,1.8984573203890291,1.872347540985848,2.0675079006772012
12510,2.6417,35.0,4.232558139534884,0.9069767441860465,115.0,2.6744186046511627,38.55,-121.42,0.989,1.158825447045803,0.9817144089563054,1.0876598476502073,1.3244647887323941
8735,3.402,35.0,4.945714285714286,1.1628571428571428,1902.0,2.717142857142857,33.82,-118.31,2.799,2.2454044001537334,2.4839340776130374,2.0825459084268654,2.0675079006772012
18241,3.7318,43.0,4.13,1.07,1029.0,2.058,37.39,-122.09,3.277,2.6439009743763187,3.010926638130581,2.4230619566001987,2.30386
6831,2.6981,25.0,3.9463307776560788,1.0985761226725081,2719.0,2.978094194961665,34.09,-118.12,2.08,1.7069186162180152,1.7627177601868544,1.6094915976211377,1.8302134831460672
18919,4.6776,34.0,5.754137115839243,1.011820330969267,926.0,2.189125295508274,38.05,-122.16,2.083,2.4879254412256646,2.4149286517631867,2.242109499000658,1.4694285714285715
3334,4.125,30.0,5.384615384615385,2.923076923076923,20.0,1.5384615384615385,38.92,-122.65,1.125,3.594882949279953,3.648380735416697,3.2078463388566743,1.5008333333333332
14705,6.7927,17.0,7.122965641952984,0.9945750452079566,1694.0,3.0632911392405062,32.81,-117.06,2.347,3.072451460172,3.159108310752531,2.9741499544062053,3.1098444444444446
15612,4.7367,14.0,5.9375,1.0915697674418605,2129.0,3.0944767441860463,32.74,-116.76,2.145,2.241239781066561,2.2010241123570022,2.0933986651332797,1.797610169491524
4013,6.0794,32.0,6.337559429477021,1.057052297939778,1628.0,2.5800316957210776,34.16,-118.6,3.385,3.1470918165620576,3.422668934227823,3.0173103361423577,4.417692000000001
17110,15.0001,40.0,8.584541062801932,1.0,577.0,2.78743961352657,37.46,-122.21,5.00001,7.08736729414644,6.090248195664119,11.49057984379731,4.999921329113908
10430,4.875,27.0,7.260869565217392,1.2173913043478262,130.0,2.8260869565217392,33.45,-117.64,2.841,2.4536550771197545,2.5125318132192485,2.2648831946808246,1.8282352941176467
9400,7.1924,52.0,5.715942028985507,0.9478260869565217,755.0,2.1884057971014492,37.91,-122.56,5.00001,3.9784870953107707,4.36282649645756,4.010492688750807,4.39567
3707,2.2234,19.0,2.752393980848153,1.0013679890560876,3483.0,4.764705882352941,34.2,-118.39,1.813,1.5697725257291244,1.4634529063839459,1.532309590654719,1.575285714285714
18961,2.4,52.0,5.490566037735849,1.2358490566037736,241.0,2.2735849056603774,38.25,-122.04,1.25,1.7141005176731419,1.5967066327339838,1.5125525735651473,1.138411764705883
5436,2.697,27.0,3.126746506986028,1.0189620758483033,2242.0,2.2375249500998002,34.01,-118.43,4.125,1.9362106366636818,2.240451436359023,1.8140850523131866,2.704666781609195
2325,2.3381,12.0,3.7879858657243815,1.0035335689045937,1320.0,2.3321554770318023,36.82,-119.71,1.125,0.9127553926935934,1.14536627077154,0.9862107423647486,2.1326419402985084
18807,1.7538,24.0,7.034591194968553,1.3647798742138364,834.0,2.6226415094339623,40.9,-121.64,0.903,-0.22592301531833758,0.9052580754399002,0.305519026546066,0.6606528099173556
9477,3.588,32.0,5.803757828810021,0.9812108559498957,1281.0,2.674321503131524,39.43,-123.37,0.96,1.8925513534117098,1.5993148484259614,1.720019975693448,1.7754074074074069
46,2.026,50.0,3.700657894736842,1.0592105263157894,616.0,2.026315789473684,37.83,-122.26,1.425,1.8810909372308853,2.03191916486959,1.6983719335026652,2.4817500000000003
20462,5.8578,21.0,8.652173913043478,1.062111801242236,1114.0,3.459627329192547,34.28,-118.76,2.663,2.6761746352922904,2.83076249868407,2.5789990196146277,2.590892857142857
4751,2.2554,39.0,4.134185303514377,1.0543130990415335,1140.0,3.642172523961661,34.04,-118.32,1.65,1.6951928858794156,1.5089002423281916,1.5907645919629902,1.6381940298507462
13298,3.495,35.0,4.956521739130435,0.9525691699604744,729.0,2.8814229249011856,34.08,-117.64,1.18,1.723183391597723,1.5566752764411218,1.5547792966631317,2.0675079006772012
5564,3.8372,41.0,5.26595744680851,1.1319148936170214,1416.0,3.0127659574468084,33.91,-118.29,1.564,2.388775993212528,2.5555731436743763,2.1841808875163697,2.0095447154471544
16016,8.0069,52.0,7.224032586558045,1.030549898167006,1276.0,2.5987780040733197,37.73,-122.46,4.268,4.252422077473562,4.836502039223278,4.481841960094448,4.4698787499999995
17131,3.6712,30.0,3.6599825632083696,1.084568439407149,2678.0,2.334786399302528,37.46,-122.15,3.086,2.551983376235162,2.956958406794506,2.375472371646398,2.30386
11752,3.1583,16.0,5.6223776223776225,1.034965034965035,792.0,2.769230769230769,38.76,-121.21,2.392,0.9537426991925066,1.1622406428886947,0.9752799761945918,1.380823182711198
2308,4.9292,15.0,6.333333333333333,0.9886621315192744,1411.0,3.199546485260771,36.83,-119.75,1.094,1.7888494801849233,1.6981129423747445,1.5831096466716623,1.0267857142857142
13498,1.8438,32.0,5.139817629179332,1.0729483282674772,1457.0,4.428571428571429,34.14,-117.32,0.666,0.8539208388917126,0.41519050046666206,0.9697776598101282,0.7630526315789475
10540,6.5206,14.0,6.1907790143084265,1.068362480127186,1490.0,2.368839427662957,33.47,-117.71,3.685,3.1016509711867832,3.2071743705061957,2.982010677139855,3.3894455555555556
17953,6.3716,30.0,5.510416666666667,0.9625,1506.0,3.1375,37.33,-121.98,3.305,3.420176850095778,3.4533423552943456,3.349737193213218,3.384902920353981
16847,3.8214,46.0,5.155979202772963,1.1143847487001732,1479.0,2.563258232235702,37.61,-122.41,2.736,2.665244726794844,2.954404790699364,2.470725735846143,2.8717999999999995
8814,9.8214,33.0,7.619389587073608,1.0682226211849193,1534.0,2.754039497307002,33.77,-118.33,5.00001,4.732621057469318,5.099650022870333,5.3847943369788185,4.999921329113908
18675,6.0281,18.0,6.538065843621399,1.131687242798354,2304.0,2.3703703703703702,36.96,-121.88,3.211,3.268168843859485,3.5089737034539565,3.271269167484883,3.9923219999999997
19188,2.9222,24.0,5.141176470588236,1.0294117647058822,1027.0,2.0137254901960784,38.45,-122.67,2.426,1.7461355695415723,1.595791296361187,1.6438385076577635,1.8528571428571428
20214,3.5819,36.0,4.826498422712934,1.0757097791798107,703.0,2.217665615141956,34.28,-119.25,2.319,2.5010742268030746,2.901813045002119,2.364018657854467,2.835598712121211
17375,3.6212,31.0,6.15034965034965,1.062937062937063,1386.0,2.423076923076923,34.96,-120.42,1.514,2.5166901852718393,2.6504650701896635,2.4884994048894318,2.0455147058823524
15146,5.2542,24.0,6.830645161290323,1.0241935483870968,1078.0,2.8978494623655915,32.89,-116.94,2.278,2.425685712638927,2.4431694405896476,2.2467843617512537,2.184833333333333
11503,6.6188,32.0,6.567368421052632,1.0252631578947369,2615.0,2.7526315789473683,33.75,-118.09,3.8,3.284182675363013,3.57430552797138,3.186831667640212,3.384902920353981
2915,4.3482,9.0,5.7924528301886795,1.1037735849056605,409.0,1.929245283018868,35.36,-119.06,0.952,1.951025509607797,2.067137171685641,1.7868201147410177,2.07575
11325,3.7734,22.0,4.781783681214422,1.0550284629981024,2126.0,4.03415559772296,33.76,-117.96,1.939,2.0896887876447776,1.9393308862664598,1.9468496887808522,1.6980914893617025
18483,3.9306,37.0,5.550522648083624,1.0557491289198606,1030.0,3.5888501742160277,37.09,-121.62,2.607,2.405102563234642,2.2501169608670226,2.214581122524212,2.0455147058823524
7250,2.5395,26.0,4.5285996055226825,1.0532544378698225,1777.0,3.504930966469428,33.99,-118.12,1.91,1.5802156051636722,1.364874208896152,1.5261971592572583,1.9871230769230763
13552,1.9044,52.0,4.478947368421053,1.0,731.0,3.8473684210526318,34.11,-117.31,0.649,1.1117470121655115,0.6370039936355649,1.08252139738899,0.7630526315789475
14894,2.8489,34.0,4.417773237997957,1.0367722165474975,2609.0,2.664964249233912,32.61,-117.06,1.283,1.918445621263898,1.9776718193124103,1.8178212571997188,1.3503230769230767
8352,4.2099,24.0,5.124311565696302,1.014948859166011,2636.0,2.073957513768686,33.96,-118.33,1.898,2.313744742381221,2.4458365713157275,2.171965047326322,3.1287999999999996
3470,3.0526,24.0,4.5283950617283955,1.0987654320987654,3151.0,3.8901234567901235,34.29,-118.46,1.833,1.844025100669693,1.7477756847106887,1.742717324084936,2.0373124999999996
10021,2.125,9.0,5.676136363636363,1.0738636363636365,411.0,2.335227272727273,39.17,-121.25,1.518,0.2934277693895866,1.1232662571275382,0.6153038849727741,0.8601019387755103
15361,4.5764,17.0,6.6496519721577725,1.025522041763341,1354.0,3.1415313225058004,33.34,-117.24,2.573,2.016651469572321,1.9418138213723881,1.883699601999759,1.797610169491524
2794,1.7292,19.0,4.5,1.1818181818181819,51.0,2.3181818181818183,36.95,-117.9,1.375,-0.07751799054687813,0.7112296406230196,0.3704550440383525,1.13946511627907
19503,1.6078,28.0,4.2514792899408285,1.183431952662722,806.0,2.3846153846153846,37.66,-121.02,1.25,1.0407932819833736,1.0228754007691518,1.0673653114171708,0.9192564102564103
708,3.25,36.0,4.211136890951276,0.988399071925754,1280.0,2.9698375870069604,37.68,-122.07,2.181,2.151609329528484,2.0394197760640393,1.9586677173302363,2.0675079006772012
819,3.7292,35.0,5.729970326409496,1.1157270029673592,1175.0,3.486646884272997,37.63,-122.07,1.681,2.288678993261589,2.092046891077473,2.100777830586393,1.380823182711198
9683,3.2917,10.0,34.57142857142857,7.022321428571429,483.0,2.15625,37.63,-118.99,2.318,1.5884466409106572,1.4365810480506613,1.360587896034008,1.1862
3035,4.4125,12.0,6.864406779661017,1.1404358353510895,1399.0,3.387409200968523,35.41,-119.19,1.49,1.9338041385147822,1.8628990834812873,1.800065593160609,1.3139500000000004
11297,4.25,22.0,4.493387589013225,1.0722278738555442,2759.0,2.8067141403865716,33.79,-117.91,1.703,2.3213272725828764,2.463072483381913,2.1399570829387407,2.3668121212121216
17512,4.4,52.0,5.967667436489608,1.1339491916859123,1087.0,2.510392609699769,37.34,-121.92,3.913,2.8002243140333265,3.1153775729163646,2.5697533929928356,2.974310344827586
3794,4.4122,40.0,5.605113636363637,1.0852272727272727,774.0,2.1988636363636362,34.16,-118.37,2.823,2.492572379969629,2.700566926999151,2.258719471247489,3.2580940654205603
14488,7.2821,27.0,7.7607361963190185,1.4386503067484662,594.0,1.822085889570552,32.86,-117.25,5.00001,3.7264231943981394,4.072761782767291,3.7389394335572943,4.701116666666666
4520,1.0333,18.0,3.6513761467889907,1.0412844036697249,547.0,2.5091743119266057,34.04,-118.2,1.354,0.9451500633830048,0.8842632958091146,1.1026860890506254,1.4554117647058822
16160,3.6429,42.0,5.246628131021194,1.115606936416185,1419.0,2.7341040462427744,37.78,-122.49,3.284,2.49888848953701,2.602486802974055,2.3066818363588926,1.7754074074074069
4671,2.3864,11.0,1.9853372434017595,1.0850439882697946,1143.0,3.3519061583577714,34.05,-118.29,3.5,1.7545682699017568,2.0149582919666247,1.651873793106036,2.1658684868421063
11299,3.9018,28.0,5.245508982035928,0.9820359281437125,2187.0,2.6191616766467067,33.78,-117.93,1.823,2.0747511256839566,2.0274997363593332,1.9276989611293227,2.112
8816,11.6677,37.0,7.605633802816901,0.9507042253521126,366.0,2.5774647887323945,33.75,-118.32,5.00001,5.516621073982508,5.489195047224975,6.948062030624438,4.999921329113908
7144,2.2813,41.0,3.842931937172775,0.9947643979057592,565.0,2.9581151832460733,34.02,-118.13,1.92,1.6451157110911088,1.5656030405755672,1.526443528806067,1.8302134831460672
4191,5.2049,37.0,5.090196078431372,0.9490196078431372,750.0,2.9411764705882355,34.12,-118.22,2.408,2.7250617929550622,2.707769662028364,2.4735563845399233,2.6725964912280706
4296,3.0357,38.0,4.072164948453608,1.4175257731958764,664.0,3.422680412371134,34.09,-118.28,1.75,2.2910685252888245,2.442400036609516,2.0344597845574235,2.1658684868421063
4884,1.8382,40.0,3.850152905198777,1.107033639143731,1499.0,4.584097859327217,34.02,-118.26,1.264,1.572368821702977,1.2376294408579558,1.4931285956672729,1.1610000000000003
14174,2.2308,34.0,4.235690235690235,1.0286195286195285,1317.0,2.217171717171717,32.75,-117.06,1.259,1.6026203888401822,1.6336694086151708,1.5450696435358102,1.291666666666667
10191,4.6477,36.0,5.570019723865878,0.9723865877712031,1394.0,2.749506903353057,33.86,-117.94,1.947,2.4115387517741427,2.4309989218664096,2.191661370988996,2.684588697916666
644,6.9096,33.0,7.392592592592592,0.9925925925925926,686.0,2.5407407407407407,37.73,-122.13,3.418,3.3830952248885033,3.451658302691496,3.273892406245447,4.1686
15148,3.6027,17.0,6.162251655629139,1.109271523178808,1561.0,2.584437086092715,32.87,-116.93,2.119,1.7698698549801544,1.69996338241081,1.6985051945401515,1.4865625000000005
13890,2.2612,12.0,5.235714285714286,1.0244047619047618,11139.0,6.630357142857143,34.45,-116.14,1.375,0.12754348119779868,0.37269583752006286,0.5876096348184492,0.6143611111111112
14425,3.2663,37.0,4.104868913857678,0.9737827715355806,490.0,1.8352059925093633,32.8,-117.25,2.706,2.134024563088821,2.4661881678194075,1.9638503648512344,3.2665631250000007
14578,3.337,35.0,5.320537428023033,1.0307101727447217,1392.0,2.671785028790787,32.82,-117.2,1.723,2.0060974486778615,2.013073813389566,1.878074091118707,1.4865625000000005
14351,2.8043,27.0,4.0627450980392155,1.0470588235294118,1118.0,2.1921568627450982,32.75,-117.21,2.621,1.8931827738862888,2.0751871922363994,1.7900698302652964,2.1106818181818188
8059,2.3041,33.0,3.652857142857143,1.0442857142857143,2286.0,3.2657142857142856,33.85,-118.2,1.491,1.7369210824586485,1.7283679723808336,1.6468485126548793,1.8302134831460672
8965,4.056,35.0,4.246376811594203,1.1188405797101448,1104.0,3.2,34.0,-118.39,3.391,2.5496620056700263,2.706315023460542,2.328004495784831,1.6980914893617025
8694,4.0,38.0,5.1658536585365855,1.0634146341463415,561.0,2.7365853658536587,33.86,-118.33,2.486,2.432394173683285,2.5922638354399545,2.2347655758143947,2.112
16574,4.3687,33.0,5.703862660944206,1.1416309012875536,683.0,2.9313304721030042,37.75,-121.42,1.287,2.250335728809846,1.9771025197429493,1.9687109825309452,1.6465507246376807
11640,4.88,21.0,5.882089552238806,0.9776119402985075,1897.0,2.8313432835820898,33.83,-118.06,3.439,2.398838046409166,2.3804115686637086,2.24455903027828,2.0204405504587157
8225,1.7064,46.0,3.2180579216354346,1.1090289608177173,1545.0,2.6320272572402046,33.78,-118.2,1.75,1.7326116790696897,2.0391333747041998,1.6110179550765347,1.5112658227848106
5456,2.7143,38.0,3.2845744680851063,1.0372340425531914,891.0,2.36968085106383,34.0,-118.47,2.875,2.0696075122768804,2.3838053749482997,1.8930857535165457,2.704666781609195
16700,3.0536,17.0,4.72804054054054,1.0760135135135136,2015.0,3.4037162162162162,35.1,-120.61,1.436,2.3304262773263686,2.2487332036810495,2.329327667509339,1.2356410256410257
8743,4.8438,28.0,5.075829383886256,1.0545023696682465,1140.0,2.7014218009478674,33.81,-118.32,3.462,2.7334673785245656,2.9331944564843706,2.562679300009285,2.684588697916666
8135,5.5449,44.0,5.700704225352113,0.9859154929577465,815.0,2.869718309859155,33.82,-118.13,2.322,2.9863100628991717,3.189126704283882,2.7681025354617277,3.0211829032258066
15537,3.875,46.0,4.0,1.0,59.0,4.538461538461538,33.12,-117.11,2.0,2.3244054738809643,1.893665727200487,2.042135147228805,1.6643333333333332
15208,4.955,4.0,5.390459363957597,1.098939929328622,3775.0,2.2232037691401647,33.0,-117.07,2.415,2.34021280746106,2.467801410326431,2.2204308610843584,2.1130500000000003
12810,1.6331,35.0,4.182926829268292,1.0975609756097562,850.0,2.591463414634146,38.61,-121.47,0.675,0.8569663117491513,0.763640094945607,0.9125029159774101,0.9192564102564103
10045,4.0426,15.0,6.884803921568627,1.1029411764705883,1267.0,3.105392156862745,39.23,-121.0,1.917,0.947799557774945,1.3255981004697979,0.9315258697473112,1.380823182711198
19196,3.2845,45.0,4.551546391752577,1.041237113402062,401.0,2.0670103092783507,38.44,-122.7,1.783,2.2131678212012265,2.2158172127438567,1.9648535453427844,1.5008333333333332
1430,4.6375,28.0,6.281779661016949,1.1292372881355932,1591.0,3.3707627118644066,38.0,-122.02,1.782,2.3932258494092844,2.180509626728419,2.1672675510507595,1.6033541666666669
13485,4.0294,18.0,5.865269461077844,1.0409181636726548,3114.0,3.1077844311377247,34.13,-117.37,1.332,1.6110334733892693,1.441510104362971,1.5016452277089956,1.1491942446043166
6350,6.2654,17.0,6.570637119113574,1.005540166204986,3538.0,3.2668513388734994,34.16,-117.95,2.738,2.7273873412209158,2.638287671951632,2.541046987034232,2.590892857142857
16493,4.517,21.0,5.749303621169917,0.9526462395543176,1021.0,2.8440111420612815,38.03,-121.09,1.522,1.7855331676125508,1.617491603367807,1.5694220180736238,1.2927499999999998
18948,5.4399,4.0,7.388888888888889,1.0867003367003367,4010.0,3.3754208754208754,38.29,-121.98,1.871,2.2060011867106466,2.081168778769931,2.0590303087453417,2.184285714285714
10951,1.5054,13.0,2.4764795144157814,0.9074355083459787,3356.0,5.092564491654021,33.75,-117.86,1.375,1.1078853184385722,0.7273542895240577,1.2230373346015244,1.4618837209302329
13320,2.4583,26.0,4.361643835616438,1.1753424657534246,1182.0,3.2383561643835614,34.06,-117.67,1.104,1.4375789119685152,1.334340743623256,1.3616208719153353,1.266730769230769
4307,2.0,30.0,2.7738825591586327,1.1069237510955303,3678.0,3.223488168273444,34.09,-118.31,2.406,1.673040374553064,2.0222941665409184,1.5889282796518867,1.910161290322581
8247,1.8438,29.0,3.2056962025316458,1.240506329113924,1083.0,3.4272151898734178,33.78,-118.19,1.625,1.7272340718668606,1.869814155128437,1.6257428228499347,1.5112658227848106
11773,2.108,52.0,5.24468085106383,0.9468085106382979,189.0,2.0106382978723403,38.75,-121.28,0.838,0.8485685968810275,0.7574674101552452,0.870505539994145,1.13946511627907
7899,5.4089,16.0,4.728026533996683,1.0381426202321724,1985.0,3.2918739635157546,33.86,-118.05,2.656,2.758514681771457,2.770126464401514,2.5777517462438944,2.3002857142857143
11567,5.0091,33.0,5.883771929824562,0.956140350877193,1520.0,3.3333333333333335,33.77,-118.02,2.115,2.563264441900703,2.5418087796020123,2.3715705814584327,2.1734680851063817
13735,6.0715,24.0,6.782051282051282,0.9487179487179487,676.0,2.888888888888889,34.04,-117.2,1.734,2.3701223870925667,2.1769388624996067,2.0750187528198527,2.669019607843137
8909,1.3333,19.0,3.3161764705882355,1.0441176470588236,414.0,1.5220588235294117,34.03,-118.48,3.1,1.2624205847030596,1.4810779912261474,1.3223830106094057,1.5112658227848106
2856,3.875,21.0,5.8125,1.056686046511628,1889.0,2.745639534883721,35.41,-118.95,0.995,1.7414747666295578,1.638642763119828,1.6033523562708756,0.8624959349593496
11330,4.3512,24.0,4.976100628930817,1.0213836477987421,3196.0,4.020125786163522,33.76,-117.95,1.914,2.311609783175042,2.2301449468726515,2.1519218843462014,1.782850000000001
7917,3.6339,28.0,5.592074592074592,1.0163170163170163,1613.0,3.7599067599067597,33.87,-118.07,2.201,1.958738724486372,1.7294792752129862,1.8345535491698506,1.7495862068965513
6959,4.1058,37.0,4.976588628762542,1.0635451505016722,2117.0,3.540133779264214,34.0,-118.07,1.673,2.316056028717882,2.291722022324159,2.0955941551284663,1.6980914893617025
19836,2.75,28.0,5.342233009708738,1.0412621359223302,1524.0,3.6990291262135924,36.53,-119.4,0.65,1.0730809365497223,0.8743337513789224,1.0719577189819192,0.7265511811023622
14176,4.6875,18.0,6.346570397111913,1.032490974729242,987.0,3.563176895306859,32.72,-117.07,1.418,2.3048572117117647,2.2412085282640413,2.179910064184889,1.797610169491524
4037,3.6141,32.0,4.738666666666667,1.016,1623.0,2.164,34.16,-118.53,2.906,2.177122107867964,2.3362388250524995,2.0147899300170664,2.835598712121211
17176,3.1937,25.0,4.871794871794871,1.3282051282051281,404.0,2.071794871794872,37.5,-122.47,3.192,2.458015536854939,2.6421027607906984,2.311532141152918,4.229224444444445
19038,2.7262,34.0,5.570264765784114,1.0977596741344195,1390.0,2.830957230142566,38.36,-122.0,1.188,1.4996259252567887,1.253085723341388,1.3959852526888166,1.1184398496240606
5709,2.5463,32.0,3.8526315789473684,1.068421052631579,693.0,1.8236842105263158,34.21,-118.23,2.0,1.7003346937652704,1.8898998405386513,1.570426505285413,1.9825882352941178
5792,3.0206,20.0,3.2512716174974567,1.0111902339776195,2929.0,2.9796541200406916,34.14,-118.24,2.195,1.8508998147844409,1.972953295473378,1.7329447702512097,2.1658684868421063
17325,5.3154,18.0,5.4574898785425106,0.9635627530364372,631.0,2.554655870445344,34.66,-120.11,2.894,3.1505977881013187,3.5544707144721306,3.1994876645092667,4.004835
4983,2.0958,52.0,4.735955056179775,1.0589887640449438,982.0,2.758426966292135,34.0,-118.3,1.164,1.6910037702652272,1.6825470294164266,1.5726996599543148,1.168242424242424
7840,3.9333,37.0,4.357558139534884,0.8372093023255814,1237.0,3.5959302325581395,33.91,-118.17,1.623,2.2204881896558692,2.069445674479863,2.0290256422599593,1.6980914893617025
12754,3.0833,39.0,5.715277777777778,1.0138888888888888,329.0,2.2847222222222223,38.61,-121.37,1.141,1.2507979788694503,1.1257111767979155,1.1411697693061154,1.2685925925925925
2117,3.1,30.0,4.977491961414791,0.9067524115755627,886.0,2.8488745980707395,36.76,-119.73,0.713,1.2400703528568562,1.105253064107492,1.1741192314499687,2.0675079006772012
7748,3.9327,35.0,4.355311355311355,1.0238095238095237,1799.0,3.2948717948717947,33.92,-118.14,1.905,2.329894378030583,2.371532436992363,2.1201973822742475,1.6980914893617025
668,3.8864,36.0,5.438405797101449,1.039855072463768,703.0,2.5471014492753623,37.69,-122.15,1.973,2.3592531563934234,2.307447940536629,2.157967635008097,1.380823182711198
1162,2.334,30.0,5.3652173913043475,1.0608695652173914,1688.0,2.9356521739130437,39.51,-121.52,0.722,0.589240176955868,0.6940823862409913,0.7322229009324894,0.7766740740740745
5031,3.0833,46.0,5.130573248407643,1.0796178343949046,921.0,2.93312101910828,33.98,-118.32,1.033,2.059792406241267,2.112708868418821,1.8790160796218371,1.2967894736842103
2579,3.5156,31.0,6.019950124688279,1.0673316708229426,1005.0,2.506234413965087,40.85,-124.05,1.43,1.591095610459469,1.3038904142764156,1.4139631387324645,1.7754074074074069
15459,4.6357,4.0,6.042193026781202,1.0447195553309752,10877.0,2.7481051035876707,33.15,-117.27,2.449,2.0816219304959955,1.573710948274391,2.0931984009312647,2.2981458333333338
8818,6.887,37.0,5.915094339622642,0.8962264150943396,259.0,2.443396226415094,33.77,-118.32,5.00001,3.5297539796108537,3.8689475422682786,3.4683624993388866,4.441175517241381
7270,2.39,25.0,3.9282868525896415,1.2350597609561753,1439.0,5.733067729083666,33.98,-118.23,1.833,1.764561640797771,1.3793758350849383,1.6567344224260645,1.3590212765957446
17411,2.4318,5.0,4.33609958506224,0.9730290456431535,1911.0,3.9647302904564317,34.97,-120.64,0.861,1.9682498670548803,1.4498491968453067,2.046587414523734,1.2356410256410257
431,3.8897,52.0,5.564432989690721,1.092783505154639,824.0,2.1237113402061856,37.88,-122.29,2.184,2.5244364226127147,2.724444070487233,2.266323781625903,2.30386
4935,1.3403,43.0,4.2,1.1128205128205129,1213.0,3.1102564102564103,34.0,-118.27,1.108,1.3580446403871098,1.177309940193816,1.3446615868256462,1.4554117647058822
6306,4.0324,22.0,5.5363790186125215,1.0456852791878173,1784.0,3.018612521150592,33.99,-117.89,2.113,1.9828827250446246,1.8818863828577017,1.8304034408003544,2.0095447154471544
11544,7.0879,16.0,6.96969696969697,0.8855218855218855,878.0,2.9562289562289563,33.76,-118.04,3.388,3.1569379615773947,3.2659225784684303,3.064647762924314,2.9084
10039,3.2337,28.0,5.415238095238095,1.019047619047619,1310.0,2.4952380952380953,39.21,-121.03,1.231,0.8502841446226332,0.923340641705928,0.8546273993145872,1.380823182711198
19372,3.2667,17.0,6.225331369661267,1.0736377025036818,1809.0,2.6642120765832105,37.82,-120.79,2.695,1.1787851031830605,1.2032257561378215,1.1667829734388229,1.380823182711198
5459,2.8417,34.0,3.564638783269962,0.9524714828897338,1491.0,2.834600760456274,33.99,-118.47,3.214,1.988292528100349,2.070383577809145,1.8509598908412594,2.1658684868421063
3128,3.5391,5.0,5.7249114521841795,1.0861865407319953,2504.0,2.9563164108618656,35.13,-117.98,0.819,1.1639355613033173,1.3037121343218963,1.1749001217706043,0.8624959349593496
5305,9.2225,42.0,6.193236714975845,1.1111111111111112,913.0,2.2053140096618358,34.07,-118.46,5.00001,4.694533491428722,4.857600304432802,5.164832563377,4.9815094117647085
4373,4.7132,50.0,5.055023923444976,0.9521531100478469,793.0,1.8971291866028708,34.1,-118.27,3.046,2.6713308441586037,3.0205914992518905,2.3993575992868235,4.200291730769228
13142,2.0048,36.0,4.734375,0.99609375,569.0,2.22265625,38.34,-121.5,0.729,1.0142191286697442,0.9121576516870742,1.031709476126319,1.13946511627907
7303,2.8214,40.0,3.7713178294573644,1.054263565891473,1257.0,4.872093023255814,33.98,-118.19,1.58,1.9678093242859214,1.6448334980803956,1.7867674401998177,1.3590212765957446
16269,1.9402,46.0,4.9900249376558605,1.0673316708229426,1384.0,3.451371571072319,37.95,-121.25,0.622,1.156044385845445,0.7927651466234289,1.1208348742506882,0.8206028708133976
10072,0.9283,10.0,6.463157894736842,1.4842105263157894,195.0,2.0526315789473686,39.33,-120.17,1.163,-0.5436108742485666,1.1075307517290567,0.20304378616636684,1.375857142857143
11958,3.6667,32.0,7.016666666666667,0.9888888888888889,508.0,2.8222222222222224,33.9,-117.4,3.141,1.5175577634297879,1.473932149149805,1.4309147148612102,1.1491942446043166
6328,6.1552,10.0,6.047899778924097,1.0755342667649226,8907.0,3.2818717759764184,33.98,-117.92,3.625,2.7807562090198026,3.1715990752832344,2.69749498473943,2.590892857142857
14468,8.2374,30.0,7.904761904761905,1.08008658008658,978.0,2.116883116883117,32.85,-117.26,5.00001,3.8923621023413304,4.318785502133934,4.006855802757895,4.678406
315,1.925,45.0,4.198312236286919,1.0042194092827004,630.0,2.6582278481012658,37.76,-122.19,0.741,1.6794842452199985,1.5090041086051733,1.5659852841717625,1.3131571428571425
7185,2.75,39.0,4.109489051094891,1.0072992700729928,682.0,4.978102189781022,34.04,-118.17,1.5,1.8144969229012462,1.3292617907853352,1.661438049600776,1.3590212765957446
15925,4.3898,52.0,5.32662192393736,1.1006711409395973,1485.0,3.3221476510067114,37.73,-122.44,2.7,2.9067809977292995,3.1627399756523835,2.6927737155563394,2.534886363636364
16518,2.1786,44.0,4.109589041095891,0.9863013698630136,160.0,2.191780821917808,37.8,-121.21,1.208,1.3412263238155342,1.2107746620885402,1.232433313323806,0.9192564102564103
1419,6.1359,16.0,3.1578947368421053,0.5263157894736842,65.0,3.4210526315789473,37.97,-122.05,2.5,2.890427153701843,2.4553660911006503,2.6510614435016797,1.9704000000000002
2554,2.5096,33.0,4.559322033898305,0.940677966101695,656.0,2.7796610169491527,40.78,-124.18,0.722,1.3256301721813017,0.9848420592706273,1.2386948540450176,0.9439714285714282
18210,3.75,26.0,4.5,1.0,8.0,2.0,37.39,-122.06,3.75,2.375570226741652,2.4492205527773483,2.2023563135395197,3.6249470270270288
18595,4.125,36.0,5.748971193415638,1.1893004115226338,661.0,2.720164609053498,37.09,-122.12,2.396,2.783383601376099,2.9716110274728575,2.6465265015393427,2.3668121212121216
10525,4.1379,3.0,4.458029197080292,1.1624087591240877,1033.0,1.885036496350365,33.56,-117.7,1.833,2.173481970757037,2.443901471474138,2.028295589285337,2.2904031343283577
7015,4.6333,35.0,5.729166666666667,1.0763888888888888,590.0,4.097222222222222,33.97,-118.08,1.612,2.468597212057425,2.244992532996194,2.2358797525965204,2.1734680851063817
15966,3.5536,34.0,5.218333333333334,1.115,2204.0,3.6733333333333333,37.71,-122.45,2.51,2.3911737275415357,2.3004906267697316,2.23816500076987,1.7754074074074069
3169,1.7716,29.0,4.131616595135909,1.0772532188841202,2949.0,4.218884120171674,35.24,-118.91,0.455,1.1455951311537964,0.8310453821807149,1.1853900269812923,1.1610000000000003
15879,2.0325,52.0,4.218323586744639,1.1812865497076024,2034.0,3.9649122807017543,37.75,-122.41,1.781,2.0241442895775195,2.0330376122512446,1.8500886935336482,1.7795333333333332
9925,6.1953,14.0,6.684418145956608,0.9339250493096647,2768.0,2.7297830374753453,38.31,-122.33,2.589,2.7576047738003533,2.563244543560373,2.583600430653782,1.5150000000000001
293,3.0958,39.0,5.0094936708860756,1.1044303797468353,857.0,2.712025316455696,37.77,-122.16,1.458,2.1070297916244916,2.0168381639761614,1.915560571855739,2.0675079006772012
20638,1.8672,18.0,5.329512893982808,1.171919770773639,741.0,2.1232091690544412,39.43,-121.32,0.847,0.3061080091638606,0.8878738346091157,0.5941864742298264,0.8601019387755103
11474,2.7865,17.0,3.7037037037037037,1.0601851851851851,1803.0,4.173611111111111,33.71,-117.99,2.167,1.769425788255958,1.6311759830337638,1.6893663163657227,1.3590212765957446
12761,2.517,30.0,4.4987593052109185,1.034739454094293,1577.0,1.956575682382134,38.63,-121.4,1.304,1.0787887734009423,1.062419261147624,1.0485374123508926,1.2661093749999996
19011,3.6176,24.0,6.478260869565218,1.008695652173913,300.0,2.608695652173913,38.35,-122.0,1.585,1.6277989909934485,1.5479866127976039,1.5090339516119515,1.380823182711198
12968,2.7868,15.0,5.338129496402877,1.0095923261390887,1004.0,2.407673860911271,38.7,-121.33,1.178,0.8705968363709424,1.1096729898817281,0.9443679396801301,1.1184398496240606
20470,4.18,23.0,4.936633663366337,1.0336633663366337,1488.0,2.9465346534653465,34.27,-118.74,2.15,2.375343997648078,2.4285223655282233,2.2233110946613444,2.0026875
907,4.8403,28.0,5.328918322295806,0.9161147902869757,1106.0,2.4415011037527594,37.55,-121.99,2.686,2.6149779833042466,2.569802850710039,2.4254399437025587,2.684588697916666
3233,2.4286,23.0,4.14,0.9,171.0,3.42,36.18,-119.63,1.0,1.1683004517975535,1.033814460394413,1.1697006350671755,1.3244647887323941
6977,8.6677,23.0,6.808873720136519,1.0443686006825939,707.0,2.4129692832764507,33.98,-118.02,3.327,3.9792919065703147,3.734847597721286,4.040773940844697,4.973133750000001
6340,3.253,20.0,4.582213987957387,1.0574339972209357,7228.0,3.347846225104215,33.98,-117.9,1.867,1.7369335234746588,1.71583049807976,1.686745605507396,1.6980914893617025
1994,2.1518,44.0,5.1443569553805775,1.031496062992126,1286.0,3.3753280839895012,36.73,-119.77,0.53,1.0551642214714474,0.7338345785197835,1.0483243938054105,0.5950161290322581
1704,3.375,35.0,5.326470588235294,1.1088235294117648,911.0,2.679411764705882,37.97,-122.3,1.497,2.134518654106027,2.0085675096566664,1.9437181089897022,1.380823182711198
5478,3.962,43.0,4.536723163841808,1.152542372881356,862.0,2.4350282485875705,34.0,-118.45,3.458,2.6050787153468127,3.0053499857537984,2.3702066578557264,2.0675079006772012
12957,3.8776,11.0,6.131555555555556,1.0542222222222222,6000.0,2.6666666666666665,38.69,-121.32,1.245,1.2470256883482465,1.2158287970112354,1.2203275103320408,1.380823182711198
977,10.9506,20.0,7.6104651162790695,1.069767441860465,514.0,2.988372093023256,37.64,-121.88,4.758,5.031470420898931,4.049880687026125,5.852963820194003,4.650005999999999
15995,5.8151,52.0,6.853448275862069,1.0172413793103448,622.0,2.6810344827586206,37.75,-122.46,5.00001,3.2969370672894835,3.6552640120707744,3.152650300189207,3.5044000000000004
18352,12.0372,27.0,8.276283618581907,1.0440097799511003,1248.0,3.0513447432762835,37.39,-122.13,5.00001,5.696450769972622,5.428398176543483,7.474087686253689,4.999921329113908
10909,4.125,32.0,4.668918918918919,1.0202702702702702,926.0,6.256756756756757,33.74,-117.86,1.759,2.2910066076068456,1.6499479811552942,2.0752500462558854,1.782850000000001
621,3.7159,52.0,5.325342465753424,0.9897260273972602,620.0,2.1232876712328768,37.73,-122.17,1.833,2.4065726689332854,2.559866134687811,2.162672387175504,2.30386
10772,5.5422,32.0,5.123595505617978,1.0299625468164795,1279.0,2.3951310861423223,33.66,-117.89,2.531,2.937882416824039,3.1235592749947463,2.729157149626769,2.85207862745098
5996,3.5313,36.0,5.092409240924092,0.9801980198019802,1355.0,4.471947194719472,34.09,-117.73,1.178,1.7820304037614916,1.3589424100463323,1.611312786614664,1.1472068965517244
12134,4.7568,12.0,6.446215139442231,1.0,1610.0,3.2071713147410357,33.92,-117.16,1.435,1.7751448511283878,1.7162221546120322,1.6281294500362784,1.3805932203389832
15771,4.4875,52.0,5.210016155088853,1.0775444264943457,1494.0,2.4135702746365104,37.77,-122.44,5.00001,2.933279148132936,3.353961348959997,2.714095936075786,4.5428706666666665
1153,2.9562,14.0,6.038084874863983,1.088139281828074,1822.0,1.9825897714907508,39.54,-121.46,1.423,0.6156660316997484,1.124055136478656,0.7645441879794377,1.2661093749999996
7477,2.6953,36.0,3.4020356234096694,0.9720101781170484,1769.0,4.5012722646310435,33.93,-118.21,1.21,1.8833914344883431,1.639474567113685,1.7405019772234152,1.3590212765957446
9326,3.5588,37.0,4.267515923566879,1.0254777070063694,621.0,1.9777070063694266,37.97,-122.53,2.688,2.4045714697411014,2.518814242160551,2.189031082478554,2.64625
586,5.8382,30.0,7.425714285714286,1.0457142857142858,922.0,2.6342857142857143,37.72,-122.1,3.302,2.90110728270198,2.9226937520590566,2.729825872539703,3.2490572357723586
4509,2.29,50.0,3.6545454545454548,1.0415584415584416,1526.0,3.963636363636364,34.05,-118.2,1.218,1.808686004847098,1.68855701907748,1.63958634013304,1.6381940298507462
6444,5.9175,38.0,6.253012048192771,1.0873493975903614,988.0,2.9759036144578315,34.11,-118.03,4.169,2.9406295927695476,2.8978931068108027,2.6802904564162677,3.384902920353981
11098,6.8407,25.0,7.111553784860558,0.9880478087649402,750.0,2.9880478087649402,33.83,-117.88,2.667,3.0977110630932145,3.11432902538444,2.927459449425809,2.7292727272727273
7136,3.0625,37.0,4.294117647058823,0.9747899159663865,653.0,2.7436974789915967,34.02,-118.1,1.894,1.8730051332288533,1.8417666908247647,1.7086508796363868,1.8302134831460672
4031,5.6738,34.0,6.589812332439679,1.160857908847185,1034.0,2.772117962466488,34.17,-118.54,4.436,3.005051780992047,3.2098442409332977,2.830054502751757,3.0211829032258066
7038,2.7647,20.0,4.109677419354838,1.0150537634408603,1407.0,3.0258064516129033,33.96,-118.09,1.63,1.6466809083786387,1.5726206283240651,1.5781689338656903,1.8302134831460672
6315,6.6988,26.0,7.2,0.9566265060240964,1371.0,3.3036144578313253,34.0,-117.99,3.825,2.982223416349008,2.965418342502441,2.8001319391263384,3.1098444444444446
14903,2.2903,13.0,4.0175,1.0875,983.0,2.4575,32.6,-117.07,1.063,1.565263401443145,1.6395594464451944,1.563612746457267,1.291666666666667
18810,2.267,17.0,5.5271149674620395,1.1648590021691974,1118.0,2.4251626898047722,40.89,-121.67,0.578,-0.017063731614294753,1.0284592158846848,0.390763961457043,0.8601019387755103
9660,2.4519,22.0,6.785942492012779,1.3801916932907348,829.0,2.648562300319489,41.31,-121.18,0.575,-0.26111958530954027,1.036065476003596,0.2464997774327221,0.7345217391304347
14410,3.5484,23.0,4.144694533762058,1.0691318327974277,989.0,1.590032154340836,32.79,-117.23,2.38,2.1895923969079574,2.563874778806019,2.04071701189997,1.4535
8025,4.875,36.0,5.4784172661870505,0.9460431654676259,717.0,2.579136690647482,33.84,-118.11,2.189,2.5882896165679483,2.709719696926892,2.3741745462956603,2.684588697916666
5042,1.7067,49.0,4.304878048780488,1.0152439024390243,901.0,2.7469512195121952,33.98,-118.32,1.186,1.5234297598003566,1.4357651874774087,1.4576034404473415,1.4554117647058822
6619,5.8309,52.0,6.477876106194691,0.9336283185840708,603.0,2.668141592920354,34.18,-118.13,3.091,2.905649086702768,3.0606998428132193,2.6214272909428176,3.8462019999999995
852,3.6923,18.0,3.652037617554859,1.0438871473354232,855.0,2.6802507836990594,37.59,-122.02,2.132,2.30540648635354,2.283293682805122,2.1188243193176644,2.0675079006772012
11276,3.2636,22.0,4.625,1.0554347826086956,2901.0,3.1532608695652176,33.78,-117.98,1.802,1.8824192844820231,1.8194183299498103,1.7836053814304242,1.6980914893617025
8937,4.793,44.0,4.854910714285714,1.0602678571428572,1019.0,2.2745535714285716,34.01,-118.47,4.708,2.8808710242256486,3.3226284898476504,2.659513469188479,3.2580940654205603
12209,3.244,7.0,6.220820189274448,1.110410094637224,964.0,3.0410094637223977,33.6,-117.02,3.372,1.2375432632966616,1.3085188905020857,1.2670962728633905,2.0730226666666662
12110,2.725,23.0,5.633738601823708,1.168693009118541,1938.0,2.945288753799392,34.01,-117.35,0.953,1.247683370173736,1.1273378524439863,1.2387713529315953,0.9443571428571428
1339,3.0042,28.0,5.677067082683307,1.171606864274571,2362.0,3.6848673946957877,38.01,-121.89,1.039,1.7049093698902513,1.4414269740217984,1.5852255836913653,1.1184398496240606
20325,4.5833,21.0,7.2784313725490195,1.0823529411764705,863.0,3.384313725490196,34.28,-119.04,5.00001,2.411818003557865,2.3956873078776004,2.328884056965505,2.1734680851063817
14339,2.4069,52.0,3.5381165919282513,1.0919282511210762,879.0,1.9708520179372198,32.73,-117.17,2.15,2.050137005355741,2.6219638824800287,1.8524269350036153,2.329678571428571
3461,4.26,23.0,5.104105571847508,0.9398826979472141,1952.0,2.8621700879765397,34.32,-118.45,1.894,2.1697317312416304,2.0921127128070935,2.010889436899288,2.3668121212121216
4772,2.6,42.0,4.98813056379822,1.0682492581602374,987.0,2.9287833827893177,34.04,-118.34,1.714,1.7960820108127948,1.7289796282297551,1.6724525786119586,1.417333333333333
15991,4.0089,51.0,5.521739130434782,0.9862700228832952,1095.0,2.505720823798627,37.75,-122.47,3.57,2.6207872332915754,2.8149386523037094,2.4126181577087498,3.162777777777777
736,4.0682,36.0,6.1193415637860085,1.0246913580246915,641.0,2.6378600823045266,37.67,-122.14,1.962,2.3488361559535402,2.275651099995339,2.161112469603922,1.380823182711198
4930,1.5556,42.0,4.290322580645161,1.0891840607210626,2496.0,4.7362428842504745,33.99,-118.25,0.985,1.4024564554650891,0.9334781969560377,1.38915751090421,1.1610000000000003
3931,2.9974,26.0,3.62015503875969,1.0372093023255815,1986.0,3.0790697674418603,34.21,-118.59,1.788,1.9976965758679077,2.0884274278205917,1.863653353207313,2.1658684868421063
10144,4.9524,26.0,6.571753986332574,1.0842824601366743,1227.0,2.79498861047836,33.91,-117.9,2.266,2.376941502955964,2.3711712466604005,2.1781825499871315,2.684588697916666
7885,3.0989,21.0,4.0133414190418435,1.0751970891449363,4396.0,2.6658580958156457,33.87,-118.14,1.714,1.9200032211714035,2.10245398308873,1.829594802510603,2.0675079006772012
450,2.1907,52.0,3.199771689497717,1.0616438356164384,1372.0,1.5662100456621004,37.88,-122.27,2.714,2.0215483474326628,2.4735991990695743,1.8008949484071466,2.7975441304347823
12620,6.4667,17.0,6.236363636363636,0.9636363636363636,1365.0,2.757575757575758,38.5,-121.53,2.168,2.5630942884868393,2.109454576070439,2.221904886379121,2.724833333333333
3341,2.3125,29.0,8.495726495726496,1.9316239316239316,302.0,2.5811965811965814,38.76,-122.68,0.679,1.6877401062215158,1.3998723893216682,1.552006658878184,1.7327142857142857
11976,4.5625,12.0,6.6796246648793565,1.0167560321715818,5008.0,3.35656836461126,33.99,-117.44,1.713,1.7569341863273025,1.4412456840762637,1.6736954146708247,1.3805932203389832
4770,1.9,44.0,4.726775956284153,1.1366120218579234,537.0,2.9344262295081966,34.03,-118.35,1.109,1.5966555994507399,1.5074085804082915,1.5122205467236984,1.450416666666667
3538,5.5433,29.0,6.226700251889169,0.8916876574307305,1109.0,2.793450881612091,34.26,-118.51,3.325,2.680839287876319,2.7393892069444736,2.498300805939523,3.0211829032258066
14054,1.95,28.0,3.6581059390048156,1.0770465489566614,1166.0,1.8715890850722312,32.75,-117.13,1.5,1.559326601338467,1.7634632628148772,1.5203629597696713,1.8667333333333334
19027,6.0704,16.0,7.40117994100295,1.079646017699115,1043.0,3.0766961651917404,38.38,-122.0,1.734,2.576509600075321,2.3748385364473963,2.3241573403306006,2.6474784782608687
18545,4.4659,40.0,5.848039215686274,1.1127450980392157,570.0,2.7941176470588234,36.97,-122.04,2.375,2.918664971337697,3.1694865768365688,2.7924036332952205,2.3668121212121216
2988,2.75,35.0,5.304909560723514,1.0645994832041343,1193.0,3.082687338501292,35.33,-119.02,0.658,1.505817257403733,1.2959276044204477,1.4122445270309916,0.7265511811023622
3463,4.4773,28.0,5.570909090909091,1.0436363636363637,977.0,3.5527272727272727,34.31,-118.45,1.731,2.3432781414970587,2.2151449188036167,2.1436092572972636,2.1734680851063817
16072,3.7562,48.0,5.8504901960784315,1.0392156862745099,1041.0,2.551470588235294,37.75,-122.49,3.212,2.487778189884,2.5923266405722747,2.2966785825237364,3.162777777777777
17594,3.625,31.0,5.757009345794392,1.2242990654205608,185.0,1.7289719626168225,37.3,-121.91,2.65,2.362068829200573,2.4811489088297654,2.180984830310823,3.6249470270270288
1144,2.3895,17.0,5.173202614379085,1.0816993464052287,730.0,2.3856209150326797,39.72,-121.41,0.875,0.3957385805020759,0.9757795998643763,0.6239480238429074,0.8601019387755103
3507,5.0947,33.0,5.778723404255319,1.0510638297872341,738.0,3.1404255319148935,34.26,-118.46,2.103,2.676365436339891,2.6639860631141756,2.4537780980320516,2.5369416788321173
17952,3.7813,37.0,5.0227272727272725,0.9621212121212122,293.0,2.2196969696969697,37.34,-121.96,2.478,2.378717184130177,2.4378992819663776,2.188752411619901,2.30386
5732,6.6009,49.0,6.7218045112781954,1.0037593984962405,735.0,2.763157894736842,34.16,-118.19,3.757,3.2806120922785267,3.441703302846764,3.053988447880722,3.9695714285714283
1237,2.5352,13.0,9.793028322440087,1.8649237472766884,1149.0,2.503267973856209,38.25,-120.37,1.137,0.6306326312873622,1.1683935597584136,0.7955269812697321,1.2190833333333335
17155,7.4542,16.0,6.483333333333333,1.0666666666666667,512.0,1.7066666666666668,37.42,-122.23,5.00001,3.8090756702204884,3.9020100825442294,3.9355342494116323,4.171804
2950,1.1786,32.0,4.520979020979021,1.1083916083916083,1109.0,3.8776223776223775,35.35,-118.99,0.456,0.8785294486292567,0.48940919486698164,1.0065219739094196,0.5282911392405063
9585,2.1418,13.0,4.620558375634518,1.1383248730964468,1737.0,2.204314720812183,37.32,-120.48,1.306,0.9609536859014098,1.120908881174763,1.0395985178278284,1.13946511627907
8280,3.5812,12.0,4.4271457085828345,1.1307385229540918,2176.0,2.1716566866267466,33.78,-118.15,1.986,2.0897129488790087,2.319798497639518,1.9790482927192232,2.041710526315789
8888,4.252,31.0,3.9782958199356915,1.0393890675241158,1985.0,1.5956591639871383,34.03,-118.49,4.367,2.6041902077446943,3.1288480327968404,2.4111894088609573,4.200291730769228
12792,3.8125,14.0,5.941838649155723,1.0337711069418387,1787.0,3.352720450281426,38.65,-121.46,0.926,1.3380124365231696,1.329114833589722,1.252544990657463,1.380823182711198
41,1.2852,51.0,3.7590361445783134,1.248995983935743,517.0,2.076305220883534,37.83,-122.26,1.5,1.6998915890492639,1.9073236229804924,1.5513222332301995,3.4562019999999998
8756,5.1778,26.0,5.097087378640777,0.970873786407767,881.0,2.8511326860841426,33.81,-118.36,3.599,2.8131074433662393,2.95766706731877,2.658055273767072,2.6725964912280706
14469,10.9529,17.0,8.609958506224066,1.0871369294605808,704.0,2.921161825726141,32.83,-117.25,5.00001,4.90465645700723,4.837431975364702,5.764089487103947,4.994736363636365
9443,3.8333,24.0,5.733333333333333,1.4,79.0,2.6333333333333333,37.67,-119.81,0.938,1.458893024393614,1.0346317989325096,1.224551693780569,0.8624959349593496
12822,8.0379,32.0,5.520408163265306,0.8367346938775511,229.0,2.336734693877551,38.69,-121.59,3.833,3.3528793752936754,2.07484464834012,2.9495853551774824,4.670205999999999
13119,4.5272,17.0,5.895161290322581,1.0376344086021505,1148.0,3.086021505376344,38.36,-121.29,1.917,1.746881942996716,1.579330284249283,1.5326026743303913,1.6465507246376807
17645,5.1461,25.0,5.730820995962315,0.9676985195154778,2290.0,3.082099596231494,37.26,-121.91,2.672,2.7962247025767053,2.75730024994058,2.6682662457360853,2.5369416788321173
16704,3.3603,14.0,6.552123552123552,1.1737451737451738,2866.0,2.7664092664092665,35.07,-120.56,2.802,2.2818766484407007,1.9827461122070649,2.3236255883346013,3.0425
2034,1.6325,39.0,4.272388059701493,1.0055970149253732,1685.0,3.1436567164179103,36.73,-119.75,0.521,0.852130431881051,0.6062151950376957,0.9334860796030333,0.53276375
1123,3.1061,19.0,5.490066225165563,1.0706401766004414,1110.0,2.4503311258278146,39.76,-121.58,1.102,0.7449091505428926,1.0495535155233477,0.8069000851650308,1.380823182711198
2315,4.0,20.0,6.983333333333333,1.0958333333333334,786.0,3.275,36.86,-119.69,1.646,1.3867186309736077,1.4147335763495876,1.284046722014497,1.1041718749999998
9298,6.5249,34.0,6.667844522968198,1.0247349823321554,815.0,2.8798586572438163,38.03,-122.56,3.248,3.3938638112537776,3.381786701637896,3.288117562835807,3.384902920353981
12969,4.6923,15.0,5.766544117647059,0.9356617647058824,1635.0,3.005514705882353,38.69,-121.33,1.227,1.6156240679438296,1.5167078959639169,1.4204896875265276,1.3038571428571426
14399,2.4672,37.0,3.1538461538461537,1.0,645.0,1.7108753315649867,32.75,-117.25,2.167,1.9344171002348782,2.3795813996930493,1.7923497839985933,2.329678571428571
2617,3.5076,25.0,5.188720173535792,1.0281995661605206,1298.0,2.8156182212581347,40.93,-124.11,0.736,1.591778034152605,1.2792151592811167,1.4164690169978673,1.7754074074074069
16825,3.525,34.0,4.296296296296297,0.8950617283950617,398.0,2.45679012345679,37.63,-122.49,2.541,2.3786939126321816,2.3922934039502035,2.2184691987438963,2.0675079006772012
7356,2.4432,24.0,3.399168399168399,1.054054054054054,2480.0,5.155925155925156,33.96,-118.16,1.875,1.6801644861268858,1.4098038038902425,1.6023372190142817,1.575285714285714
1347,6.1237,7.0,6.229007633587786,0.9465648854961832,879.0,3.354961832061069,38.01,-121.92,1.66,2.6732182307954924,2.4559274730802647,2.4672447364429835,2.590892857142857
16553,5.1047,9.0,6.528042328042328,1.0148148148148148,3378.0,3.574603174603175,37.82,-121.24,1.579,2.0310311803948817,1.883153447473744,1.8548008152446718,1.6819230769230766
8466,3.425,6.0,4.221774193548387,1.092741935483871,740.0,2.9838709677419355,33.92,-118.34,1.938,1.980538643823526,2.06692808456074,1.8879268080998588,2.0675079006772012
2312,3.9032,3.0,5.863329583802025,1.1929133858267718,4432.0,2.4926884139482564,36.85,-119.74,1.408,1.4133668882345285,1.6227374864734878,1.3499898414202165,0.8624959349593496
2534,2.8466,34.0,6.369565217391305,1.062111801242236,958.0,2.9751552795031055,39.6,-122.05,0.953,0.9286675583929129,0.8806184484860367,0.9415693673345595,0.9439714285714282
20500,6.1825,27.0,6.756637168141593,0.9734513274336283,756.0,3.3451327433628317,34.3,-118.7,2.27,3.011246867818421,3.0821340264089407,2.8721311457076824,2.590892857142857
17061,3.8684,38.0,4.515951595159516,1.045104510451045,2561.0,2.8173817381738173,37.49,-122.24,2.656,2.606764823214757,2.8425874412603345,2.4336427228055113,2.0675079006772012
17397,1.8625,32.0,3.399568034557235,0.9654427645788337,1772.0,3.8272138228941683,34.95,-120.45,0.902,2.011687599571837,1.837680116553185,1.9906629519160823,2.3564444444444446
6880,3.0347,45.0,4.5375,0.9125,568.0,3.55,34.07,-118.09,1.832,1.8315318083839154,1.600414260413823,1.660641217155003,1.9871230769230763
15138,4.0048,16.0,5.987096774193549,1.0064516129032257,1458.0,3.1354838709677417,32.82,-116.92,1.846,1.896554003215622,1.775492315489145,1.806322006480198,1.4865625000000005
90,2.0938,16.0,2.74585635359116,1.0828729281767955,800.0,2.2099447513812156,37.8,-122.27,1.625,1.7330766186461424,1.8772550286304288,1.641162935210506,2.7975441304347823
12482,2.5821,20.0,3.5811051693404634,1.0873440285204992,1570.0,1.3992869875222815,38.58,-121.5,1.25,1.2314599305697018,1.4128191713003497,1.1558085965453349,1.4082222222222223
35,1.4861,49.0,4.6022727272727275,1.0681818181818181,570.0,2.159090909090909,37.83,-122.27,0.972,1.5289249982624815,1.4022866339190574,1.453510601651927,1.138411764705883
4356,2.9643,38.0,3.7400346620450606,1.0086655112651646,1061.0,1.8388214904679376,34.09,-118.36,3.553,2.0192717990160447,2.316515015445796,1.8383228935257234,2.704666781609195
9902,2.6618,37.0,3.8741721854304636,1.0033112582781456,766.0,2.5364238410596025,38.28,-122.27,1.362,1.788094722794792,1.6431613485653784,1.6092304564859732,1.3244647887323941
4836,2.1471,32.0,2.3225806451612905,0.978494623655914,702.0,3.774193548387097,34.04,-118.29,1.25,1.7299800637350982,1.6562473488203946,1.6012837540225204,1.4618837209302329
18391,6.7064,16.0,7.796690307328605,1.066193853427896,1542.0,3.645390070921986,37.27,-121.87,3.056,3.2091256233549528,3.195157844759966,3.168831215405657,3.1098444444444446
7348,2.1181,39.0,3.4711538461538463,1.0745192307692308,1890.0,4.543269230769231,33.97,-118.16,1.766,1.686473819908571,1.4593061880139828,1.5728907608763212,1.4366436781609198
8665,5.137,16.0,4.67296786389414,1.0812854442344046,965.0,1.8241965973534973,33.84,-118.39,3.486,2.840199378604785,3.1724064048819267,2.6977047996631267,2.5808571428571434
705,5.3169,10.0,5.769886363636363,1.0142045454545454,867.0,2.4630681818181817,37.66,-122.04,2.992,2.6521339058143125,2.573688672282322,2.494853890895218,2.2561818181818185
2207,3.3942,4.0,5.412186379928316,1.2783751493428912,1804.0,2.15531660692951,36.81,-119.86,0.721,1.3926412401355588,1.6341884459035618,1.3171462206452893,1.1862
7518,3.4917,35.0,5.065068493150685,0.9315068493150684,963.0,3.297945205479452,33.91,-118.25,1.095,2.025804487612228,1.8985972400039612,1.8810067048899843,1.6980914893617025
6693,3.88,42.0,5.02803738317757,1.1009345794392524,1149.0,2.147663551401869,34.14,-118.08,2.811,2.2387441289226024,2.397079578750758,1.988484569586742,2.835598712121211
7881,2.5057,21.0,3.8526100307062436,1.106448311156602,1919.0,1.9641760491299898,33.87,-118.12,1.563,1.6969729954651724,1.9082626072319362,1.624087451295098,1.6896285714285717
10992,4.7273,23.0,5.506306306306306,1.0018018018018018,1508.0,2.717117117117117,33.73,-117.81,2.342,2.3498054683045257,2.344147968540174,2.163866834476382,2.684588697916666
3211,2.6397,32.0,4.678321678321678,0.965034965034965,859.0,3.0034965034965033,36.34,-119.66,0.597,1.2809950047476582,1.0878614025661433,1.2235606180760286,0.7265511811023622
15077,6.2787,18.0,7.307128580946036,1.0133244503664225,4439.0,2.9573617588274486,32.81,-116.99,2.5,2.807971393707837,2.79333927912184,2.7134707758984042,3.2594000000000003
4291,1.9297,36.0,2.7222884386174018,1.071513706793802,1964.0,2.34088200238379,34.1,-118.3,2.033,1.6765317516806735,2.021155799251852,1.5626110602936696,2.7975441304347823
6659,3.1875,9.0,3.788808664259928,1.128158844765343,1252.0,2.259927797833935,34.15,-118.13,1.731,1.7981651767397833,2.01641371196012,1.6838293054456357,1.7236739130434784
15609,6.4745,8.0,8.052173913043479,1.085217391304348,2048.0,3.5617391304347827,32.73,-116.91,3.003,2.764608824896983,2.82679703542808,2.6691482904888097,2.8781515151515156
8509,3.5556,35.0,4.8475,1.03,1036.0,2.59,33.88,-118.31,2.38,2.199405033981247,2.316168546449466,2.030512416313951,2.0675079006772012
17752,3.2052,21.0,4.056049822064057,1.0346975088967971,5124.0,4.5587188612099645,37.32,-121.83,1.79,2.07465966833709,2.0421540016917783,1.97985554088309,1.6980914893617025
7802,4.325,43.0,5.028455284552845,0.9878048780487805,776.0,3.154471544715447,33.9,-118.1,1.66,2.466111315713285,2.485375710251917,2.2238588579420653,2.0026875
6188,4.0052,35.0,5.336898395721925,1.0748663101604279,1933.0,3.445632798573975,34.1,-117.92,1.607,2.1095735537190263,1.976748949442173,1.8951960214095998,1.7495862068965513
15430,2.4505,25.0,4.225388601036269,1.0751295336787565,1045.0,2.7072538860103625,33.2,-117.24,1.475,1.5393551581461222,1.5104618809704888,1.4810441317930985,1.1868571428571428
5952,3.0448,30.0,4.577568134171908,1.0828092243186582,2524.0,2.6457023060796647,34.12,-117.85,1.921,1.692774371461426,1.6741211941327923,1.565542896115005,1.9871230769230763
2002,1.2813,31.0,3.627906976744186,0.979328165374677,1515.0,3.9147286821705425,36.75,-119.78,0.564,0.6779103716579804,0.4205763014682724,0.8442790560076687,0.53276375
4325,3.2824,52.0,4.356984478935699,1.06430155210643,794.0,1.7605321507760532,34.08,-118.36,3.048,2.2706375679809807,2.7407096919431417,2.0243011367175976,3.2665631250000007
3993,6.5304,36.0,7.217917675544794,1.0677966101694916,1243.0,3.009685230024213,34.18,-118.57,4.398,3.266046079542965,3.51651048727867,3.1475295259559735,3.384902920353981
3265,3.25,17.0,5.277777777777778,0.9583333333333334,225.0,3.125,39.13,-122.95,1.375,1.586318976122034,1.3943294965692787,1.4918402419618952,1.7754074074074069
15521,2.1786,33.0,3.153409090909091,0.9375,612.0,3.477272727272727,33.13,-117.07,1.375,1.4733893357115315,1.2786402620052097,1.4006013002163455,1.0891764705882352
4774,1.9408,42.0,4.707259953161593,1.1569086651053864,1203.0,2.8173302107728335,34.04,-118.34,1.346,1.6043411972909924,1.564064998946681,1.5244399945688838,1.450416666666667
15821,3.3816,52.0,4.4869888475836435,1.1226765799256506,1008.0,3.7472118959107807,37.75,-122.42,2.625,2.557605965073515,2.599415885059469,2.3151909538740556,3.162777777777777
12846,3.1786,36.0,5.819672131147541,0.9704918032786886,937.0,3.0721311475409836,38.68,-121.37,0.834,1.1841273199874693,0.9989724258236423,1.1067191647268428,1.380823182711198
2676,3.1979,17.0,5.461038961038961,0.948051948051948,473.0,3.0714285714285716,32.96,-115.59,1.135,0.9300046652104874,1.0094027004420862,0.9937179688736189,1.4865625000000005
3207,3.5536,26.0,6.680365296803653,1.1917808219178083,699.0,3.191780821917808,36.34,-119.63,0.714,1.550019157890368,1.4100589843266818,1.4211739155835863,1.1041718749999998
19094,4.725,16.0,6.157205240174672,0.9126637554585153,741.0,3.2358078602620086,38.24,-122.6,2.045,2.314549840916243,2.127008221445948,2.1655735598252526,2.3162
6913,6.1898,35.0,6.34585289514867,1.0203442879499218,1758.0,2.751173708920188,33.95,-117.98,2.824,3.0144179001559475,3.0967160622019128,2.802220357175815,3.384902920353981
7466,3.1667,44.0,4.716374269005848,1.0087719298245614,1227.0,3.587719298245614,33.93,-118.19,1.457,2.035039362049139,1.9226799223407307,1.8547574522017305,1.6980914893617025
18224,5.1408,36.0,4.12303664921466,0.9921465968586387,1036.0,2.712041884816754,37.4,-122.09,2.647,3.1413838748197187,3.304995170612834,2.9685763857043113,2.6725964912280706
16861,2.375,46.0,5.5,0.9166666666666666,30.0,2.5,37.63,-122.42,2.75,1.8181188536248534,1.6338496328168168,1.723829412830062,1.7327142857142857
15551,3.1429,32.0,5.989510489510489,1.1223776223776223,891.0,3.1153846153846154,33.11,-117.09,1.716,1.7091306364831491,1.548757541955998,1.6051788813146772,1.4865625000000005
12068,4.125,6.0,7.214285714285714,1.0357142857142858,75.0,2.6785714285714284,33.82,-117.54,2.167,1.5783427207201295,1.8487984206687558,1.537872686793941,1.4043157894736842
7782,3.2031,21.0,4.610305958132045,1.1288244766505635,1489.0,2.397745571658615,33.91,-118.06,1.807,1.8904907121542525,1.9888853464299734,1.7666139688524622,2.041710526315789
1866,1.5536,20.0,5.690196078431373,1.5137254901960784,467.0,1.8313725490196078,38.96,-119.94,2.125,0.008425388752502094,0.793094648094067,0.4025186492956015,1.0022857142857144
2221,5.5357,17.0,7.951841359773371,1.065155807365439,996.0,2.821529745042493,36.82,-119.84,1.677,1.9861320910321996,2.048974999237985,1.7545121653826357,3.0211829032258066
2930,1.25,39.0,4.548223350253807,1.101522842639594,805.0,4.086294416243655,35.36,-119.0,0.425,0.9699158555033947,0.5064788209338249,1.0475947022570051,0.5282911392405063
14639,3.3713,35.0,4.780748663101604,1.0106951871657754,777.0,2.0775401069518717,32.79,-117.19,2.384,2.083981326433359,2.2838905910696643,1.9313515621495454,2.0391428571428567
13008,1.8589,20.0,5.225,1.05,921.0,2.558333333333333,38.68,-121.29,1.44,0.5391739592885216,0.7697342348687581,0.7584390809832127,0.8206028708133976
2929,0.9407,40.0,4.56989247311828,1.2204301075268817,764.0,4.10752688172043,35.36,-119.0,0.436,0.9313226156793071,0.4880171298904792,1.019168042279471,0.5282911392405063
10424,5.3705,5.0,6.646067415730337,1.1310861423220975,1571.0,2.9419475655430714,33.45,-117.63,3.635,2.4625995123342164,2.5125678743263737,2.335959367841804,2.184833333333333
651,3.524,45.0,5.213963963963964,1.0157657657657657,1006.0,2.265765765765766,37.72,-122.13,1.862,2.2720943543650822,2.311911818947018,2.056158310093982,2.30386
2699,1.8958,35.0,5.240663900414938,1.0871369294605808,950.0,3.9419087136929463,32.81,-115.38,0.675,0.6247752447214212,0.2595137354742152,0.7972020965199211,0.6719375
11624,5.123,25.0,5.841509433962264,1.0528301886792453,732.0,2.762264150943396,33.82,-118.05,1.596,2.613143290699644,2.6599912327966595,2.418694260770964,2.6725964912280706
3806,2.1888,30.0,3.297029702970297,1.0367751060820367,2172.0,3.072135785007072,34.21,-118.45,1.956,1.6522317448766881,1.686162818931826,1.5704965862410725,2.7975441304347823
15013,3.6625,37.0,5.601607347876005,1.0401836969001148,2076.0,2.383467278989667,32.76,-117.05,1.548,2.104106086102061,2.1711826692147165,1.9566143041081197,2.0391428571428567
4015,8.4196,21.0,7.207476635514019,1.0224299065420561,1422.0,2.6579439252336448,34.15,-118.58,4.507,3.951385682219462,4.10186250528531,4.1127840026175155,4.482148571428572
12639,1.7714,38.0,5.542857142857143,1.2317460317460318,1142.0,3.6253968253968254,38.53,-121.45,0.699,0.9062366252231873,0.6283700243323718,0.951329303727561,0.8206028708133976
14233,3.3553,7.0,5.229213483146068,1.101123595505618,1304.0,2.9303370786516854,32.7,-117.01,1.322,1.775672712376103,1.7564120608181177,1.7350890497443077,1.4865625000000005
10598,7.9887,15.0,6.837133550488599,1.0488599348534202,873.0,2.8436482084690553,33.69,-117.8,3.28,3.6213482702441855,3.4846738845848657,3.595278284038087,3.4047297297297305
16114,4.0625,44.0,4.822107081174439,1.0621761658031088,1640.0,2.832469775474957,37.74,-122.5,2.728,2.7374436808403106,2.9638963173977433,2.5409675151949376,2.0675079006772012
12319,3.0208,12.0,6.1,1.211111111111111,209.0,2.3222222222222224,33.94,-116.71,0.663,1.0066718395287806,1.2431860417299656,1.0477590532100485,1.1158461538461537
12813,3.7449,6.0,5.237011592958352,1.123658222413053,5634.0,2.419063975955346,38.63,-121.49,1.293,1.4040957292348906,1.5917009559743276,1.3352898701654197,1.380823182711198
19981,1.6186,17.0,4.320441988950276,1.0939226519337018,713.0,1.9696132596685083,36.19,-119.1,0.771,0.6460963296953732,0.9265382605775339,0.8353364083250303,0.656358695652174
17,2.1202,52.0,4.052805280528053,0.966996699669967,648.0,2.1386138613861387,37.85,-122.27,1.555,1.8226401315919898,1.847030339174685,1.6585353936237182,1.3131571428571425
4438,2.2222,41.0,4.261792452830188,1.0117924528301887,1699.0,4.007075471698113,34.08,-118.2,1.26,1.57945063700387,1.2525258547358984,1.4956583689627125,1.6381940298507462
17653,2.8636,24.0,3.872,0.96,631.0,2.524,37.25,-121.88,2.403,1.982128786722551,1.9245132657404125,1.8620579245543558,1.3244647887323941
7172,1.825,52.0,4.863636363636363,1.05,925.0,4.204545454545454,34.05,-118.18,1.33,1.4686986361836611,1.0255027315737568,1.399106920481024,1.168242424242424
12834,3.1942,24.0,5.628828828828829,1.0018018018018018,1512.0,2.7243243243243245,38.69,-121.44,0.949,1.1487123437154039,1.1030064868028144,1.1095876191254925,1.380823182711198
8197,3.4211,43.0,4.615101289134438,0.9779005524861878,1230.0,2.265193370165746,33.8,-118.14,2.039,2.165315740814303,2.362631049583387,1.9755579343650793,2.835598712121211
2724,2.1136,23.0,4.1625,0.8875,580.0,3.625,32.8,-115.55,0.61,0.6622204582127567,0.5259865005920166,0.83936290048459,0.6101666666666666
6002,2.9388,37.0,4.335249042145594,0.9616858237547893,1677.0,3.2126436781609193,34.08,-117.76,1.392,1.6257889062835487,1.4099880180752462,1.4941409577239408,1.266730769230769
4822,2.1162,35.0,3.6227436823104693,1.0306859205776173,1513.0,2.7310469314079424,34.05,-118.31,2.292,1.6323303593238498,1.6540140613994914,1.547872386112648,1.9368387096774196
14684,6.4335,7.0,7.383081896551724,1.2672413793103448,4446.0,2.3954741379310347,32.83,-117.08,2.606,2.9925514333749104,3.3173870743849436,2.938597398086878,4.085835
4337,2.8971,27.0,2.922779922779923,0.9845559845559846,1603.0,3.0945945945945947,34.08,-118.31,2.511,1.941043557080758,2.03310378946542,1.7879260904798095,2.1658684868421063
17592,4.4375,43.0,5.710344827586207,1.0413793103448277,446.0,3.075862068965517,37.3,-121.91,3.276,2.7005311389027695,2.7105273125053064,2.488775232068373,2.288930232558139
647,4.0,35.0,4.938095238095238,0.9857142857142858,552.0,2.6285714285714286,37.71,-122.12,1.679,2.398410349742468,2.3208585402818174,2.1822976662421043,2.0675079006772012
14572,3.8529,31.0,5.652777777777778,1.0638888888888889,866.0,2.4055555555555554,32.82,-117.21,2.12,2.1900260274990133,2.307331564991666,2.040042694242565,2.0391428571428567
10881,4.5814,24.0,5.796812749003984,1.0677290836653386,2663.0,3.5365205843293492,33.71,-117.89,2.333,2.3477312514497664,2.2888296089050626,2.187672829590175,2.1734680851063817
9334,4.2011,41.0,5.05420054200542,1.062330623306233,825.0,2.2357723577235773,38.01,-122.68,2.554,2.7104374381578884,2.8680015464543,2.4998827203478124,2.4937142857142858
1321,1.3958,52.0,4.481481481481482,1.0925925925925926,188.0,3.4814814814814814,38.04,-121.86,0.675,1.2817313962595762,0.8577612048425147,1.218356000629485,1.138411764705883
14355,3.8036,26.0,5.609090909090909,1.018181818181818,251.0,2.2818181818181817,32.75,-117.22,1.62,2.1242845266746238,2.26633271184122,1.998866993248149,2.0391428571428567
16733,2.1154,8.0,4.288659793814433,1.2474226804123711,936.0,9.649484536082474,35.47,-120.64,1.172,1.8482386921363225,0.6775559259398392,1.8498781265506574,0.7472181818181819
1905,3.5714,17.0,9.418685121107266,1.7716262975778547,828.0,2.865051903114187,38.84,-119.96,1.097,0.6814243042852306,1.2212830575601552,0.7401274997892482,1.1041718749999998
20578,2.8542,37.0,5.253731343283582,0.9701492537313433,238.0,3.5522388059701493,38.84,-121.81,2.75,1.241217323682362,0.9190609068193103,1.1516391407680469,1.1184398496240606
10034,2.4811,17.0,5.202401372212693,1.012006861063465,1319.0,2.262435677530017,39.21,-121.08,1.118,0.4488664494484351,0.9650653258978206,0.6685014932487781,1.2661093749999996
14568,3.5078,36.0,4.510703363914373,1.003058103975535,806.0,2.4648318042813457,32.83,-117.21,1.66,2.172729544294903,2.336346982797468,1.9983898824274013,1.62219512195122
19884,2.7857,21.0,6.132553606237817,1.1598440545808968,1580.0,3.0799220272904484,36.35,-119.09,0.927,0.9596133334679213,0.983096081842531,1.0099124807574742,0.8590416666666669
20304,3.9643,27.0,4.42512077294686,1.002415458937198,1480.0,3.57487922705314,34.16,-119.18,1.86,2.5908809057105087,2.725396546383462,2.4888461287570727,1.6980914893617025
3315,3.0466,11.0,6.534090909090909,1.226010101010101,2144.0,2.707070707070707,38.97,-122.78,0.973,1.4824252533782023,1.3105169342410592,1.4504464696739934,1.4800952380952381
5719,5.529,36.0,5.334042553191489,1.1,1232.0,2.6212765957446806,34.22,-118.24,2.413,2.9157653407623427,2.982475400501462,2.658944918162149,2.85207862745098
17629,4.9662,36.0,6.062597809076682,1.02660406885759,1826.0,2.8575899843505477,37.25,-121.92,2.585,2.837959116167474,2.9360930315162106,2.6824801461301475,2.684588697916666
1429,3.6042,45.0,5.31214953271028,1.0598130841121496,1261.0,2.3570093457943924,37.98,-122.03,1.382,2.1771087824054796,2.1361010986511575,1.931892473894444,1.6296
20480,4.7083,25.0,5.414578587699316,1.1184510250569477,1200.0,2.733485193621868,34.28,-118.7,1.961,2.6190762883011653,2.7502966396471784,2.4427754201716345,2.684588697916666
17023,8.4693,26.0,6.993079584775087,1.0224913494809689,1611.0,2.78719723183391,37.52,-122.32,4.192,4.2553224890819275,4.411838145098164,4.606320139373229,3.9668722580645164
217,2.9583,47.0,5.284246575342466,1.0513698630136987,859.0,2.941780821917808,37.79,-122.21,1.388,2.060168834816926,1.9238632696048759,1.87106470116372,1.6771111111111112
15804,5.2519,50.0,4.759191176470588,1.0459558823529411,945.0,1.7371323529411764,37.76,-122.44,3.766,3.2953540920948585,3.832728342936635,3.1101728895024134,4.876291428571428
8103,3.875,33.0,4.509090909090909,1.084090909090909,1764.0,4.009090909090909,33.8,-118.22,1.651,2.395425988175609,2.3937225255271515,2.208601202022875,1.6980914893617025
15300,2.5509,26.0,5.245746691871456,1.0897920604914935,2372.0,2.2419659735349717,33.18,-117.36,1.818,1.5391635535304267,1.4007060769864448,1.518642153652511,1.0088421052631578
1396,3.7262,20.0,5.0,1.035190615835777,856.0,2.5102639296187683,37.97,-122.07,2.118,2.0297808659769876,1.9002212882872722,1.8588488192991788,1.6771111111111112
7589,3.4107,45.0,6.090047393364929,1.127962085308057,840.0,3.981042654028436,33.9,-118.23,1.125,2.1075180760231627,1.9388543269998875,1.930499291160054,1.2967894736842103
14213,3.625,21.0,4.8817733990147785,1.0344827586206897,695.0,3.4236453201970445,32.69,-117.05,1.443,2.044520705805998,1.9619238193986626,1.921978261655683,1.4508124999999998
14708,5.5,17.0,7.066037735849057,1.069182389937107,973.0,3.059748427672956,32.8,-117.06,2.22,2.563572080195505,2.6264328553222995,2.4230990719269143,2.097142857142857
2725,1.2083,22.0,4.00709219858156,1.148936170212766,692.0,4.907801418439717,32.79,-115.55,0.536,0.46966566070427285,0.15986771103238295,0.7338052214759805,0.6101666666666666
1739,3.5463,45.0,4.9798994974874375,0.9447236180904522,1179.0,2.9623115577889445,37.97,-122.33,1.308,2.234315245855997,2.0992799275413923,2.018321767263908,1.18
19124,4.275,49.0,6.072356215213358,1.0742115027829313,1431.0,2.654916512059369,38.24,-122.65,2.276,2.5928591635205507,2.6656045233230166,2.353315652539403,2.7920000000000003
15736,3.6437,2.0,3.319559228650138,1.2892561983471074,577.0,1.5895316804407713,37.78,-122.43,2.75,2.463644826022334,2.7839915500542913,2.303801698578209,2.3425576923076923
8421,3.01,26.0,4.010165184243965,1.0889453621346887,2394.0,3.0419313850063534,33.93,-118.35,1.919,2.0085241938100413,2.1311937490491,1.8860656263708,2.1658684868421063
13553,1.9375,41.0,5.6091370558375635,1.3045685279187818,816.0,4.1421319796954315,34.11,-117.31,0.641,1.1175618921701376,0.6995673604613186,1.1029601364369754,0.7630526315789475
12321,2.8056,35.0,5.262295081967213,1.1639344262295082,157.0,2.5737704918032787,33.93,-116.61,0.681,1.1601829315175844,0.9816001721266847,1.09014123133879,0.9443571428571428
17647,3.5625,32.0,5.016372795969773,1.1032745591939546,1989.0,2.505037783375315,37.26,-121.91,2.552,2.3507025630467897,2.4337959697267735,2.1910410756072625,2.0675079006772012
20497,6.1383,23.0,7.203562340966921,1.0330788804071247,1284.0,3.267175572519084,34.3,-118.7,2.441,2.9433023769949496,3.032711080643751,2.8206532378816775,2.590892857142857
18178,3.4238,25.0,4.162544169611308,1.1177856301531213,1880.0,2.214369846878681,37.36,-122.0,3.37,2.3353635157185764,2.5270659364517494,2.1747500032138665,2.30386
5635,1.2276,21.0,3.780185758513932,1.1130030959752322,1916.0,2.9659442724458205,33.75,-118.28,2.083,1.253828466956768,1.0693681455305994,1.3380562253596016,1.4554117647058822
16012,8.1189,52.0,8.154761904761905,1.0515873015873016,735.0,2.9166666666666665,37.74,-122.47,5.00001,4.2044845557578485,4.756049087679869,4.419607319006136,5.00001
11761,5.3451,14.0,6.1537037037037035,0.924074074074074,1527.0,2.827777777777778,38.73,-121.26,1.721,1.795668828222584,1.6689133143809907,1.5428859843704128,2.064285714285714
19979,2.8603,14.0,5.493265993265993,1.095959595959596,1910.0,3.2154882154882154,36.01,-118.73,1.289,0.9392696938772296,1.0278709326627584,1.0059831405016735,0.7265511811023622
16600,1.6303,14.0,4.380653266331659,1.1168341708542713,2352.0,2.9547738693467336,35.65,-120.69,1.449,1.542173864780562,1.1795016099856406,1.6081875037814894,0.656358695652174
13809,2.1056,34.0,4.260194174757282,1.007766990291262,1326.0,2.574757281553398,34.9,-117.01,0.72,0.6015753467015443,0.5484295253049087,0.7436870803030811,0.9083452380952383
18893,3.2664,29.0,5.057899901864573,1.0637880274779195,2459.0,2.4131501472031402,38.13,-122.23,1.429,1.925569432877916,1.8037699249630117,1.7733617107097857,1.6296
18044,4.4063,35.0,5.126506024096385,1.070281124497992,1117.0,2.2429718875502007,37.24,-121.97,4.361,2.7561588767764666,2.9625277906116274,2.5789430555078696,3.2580940654205603
7828,3.1204,32.0,4.596287703016241,1.0951276102088168,1371.0,3.1809744779582365,33.91,-118.14,2.042,1.967865604428248,1.9375004884474007,1.8161040587816903,1.6980914893617025
10193,5.197,36.0,5.890173410404624,0.9913294797687862,1066.0,3.0809248554913293,33.86,-117.95,1.957,2.6371825971470404,2.631243689985666,2.4053789250854054,2.5369416788321173
12667,3.0625,12.0,5.351162790697674,1.0813953488372092,2299.0,2.6732558139534883,38.48,-121.43,0.905,1.1519088668536397,1.217668087252161,1.1477022587004209,1.1184398496240606
11309,2.4931,26.0,3.977653631284916,1.037243947858473,1528.0,2.845437616387337,33.78,-117.96,2.361,1.6363971458144482,1.598743988934337,1.564258993782759,1.8302134831460672
6178,3.5795,35.0,5.50763358778626,1.015267175572519,861.0,3.286259541984733,34.08,-117.91,1.869,1.8576387745538985,1.6711671421019676,1.6897647106865197,2.0095447154471544
1838,2.2672,30.0,4.054919908466819,1.0778032036613272,880.0,2.013729977116705,37.9,-122.3,1.625,1.7531695701678112,1.739872021403205,1.6412825461260665,1.4373999999999998
20111,3.4838,30.0,7.206060606060606,1.5454545454545454,446.0,2.703030303030303,37.8,-120.2,1.125,1.4062995022826794,1.1594616608055686,1.218713682955995,1.380823182711198
2879,1.8819,41.0,4.412523020257827,1.1086556169429098,1781.0,3.279926335174954,35.37,-118.97,0.58,1.2788564943125638,1.067191304615684,1.2361215802917633,0.5282911392405063
8034,6.3364,48.0,6.467576791808874,1.0034129692832765,881.0,3.006825938566553,33.84,-118.13,3.074,3.2904497651628777,3.565788638529929,3.1106286611735525,4.997341666666666
8929,4.4,31.0,4.665816326530612,1.1683673469387754,719.0,1.8341836734693877,34.01,-118.48,3.538,2.692602605198847,3.1045412305147972,2.4867113220171517,4.200291730769228
9272,5.3755,20.0,7.09375,1.03125,601.0,2.6830357142857144,38.13,-122.59,2.909,2.6667557730579476,2.597513774955024,2.512586009994344,2.8642857142857143
14378,4.8684,44.0,6.120253164556962,1.0284810126582278,783.0,2.4778481012658227,32.73,-117.28,3.586,2.754745040987686,3.14511477258575,2.5727355149195446,4.875003333333333
387,3.4732,52.0,5.962864721485412,1.1193633952254642,870.0,2.3076923076923075,37.89,-122.29,2.462,2.3043032323158767,2.401358755212013,2.0714106343828274,2.30386
20021,4.1856,19.0,6.09546539379475,1.0572792362768497,1301.0,3.1050119331742243,36.08,-119.06,0.721,1.5933260703130196,1.5001380094100467,1.4380423843462835,1.0267857142857142
19048,3.2672,32.0,5.204379562043796,1.0705596107055961,1154.0,2.807785888077859,38.45,-121.83,1.075,1.635780136779923,1.4034463752677275,1.4622125073440984,1.380823182711198
13636,2.3917,30.0,4.763713080168777,1.0590717299578059,1034.0,4.362869198312236,34.09,-117.32,0.786,1.1378962306327276,0.7466518489158822,1.1365238492480665,0.7630526315789475
20292,3.9331,32.0,4.944099378881988,0.9668737060041408,1746.0,3.6149068322981366,34.17,-119.18,1.876,2.5287880627657575,2.5883480664055547,2.429033381930843,1.6980914893617025
1035,2.5476,25.0,4.770833333333333,1.03125,657.0,2.28125,38.45,-120.88,0.979,0.8583679108908737,0.9654685314357607,0.9005043812603462,1.2661093749999996
8046,3.4605,45.0,4.576119402985075,0.9880597014925373,791.0,2.361194029850746,33.84,-118.17,1.866,2.211977526621337,2.419867732794917,2.0035431729150286,2.835598712121211
7753,3.1369,19.0,4.129729729729729,1.0256756756756757,1561.0,2.1094594594594596,33.91,-118.11,1.969,1.842381586156972,1.9629492720368704,1.7375747452630694,2.041710526315789
2448,3.2917,34.0,6.597444089456869,1.095846645367412,1041.0,3.3258785942492013,36.55,-119.53,1.115,1.3127067875486602,1.1324977188930918,1.2270352657033463,1.1041718749999998
841,4.235,16.0,5.115492957746479,1.028169014084507,1367.0,3.850704225352113,37.59,-122.08,1.563,2.3575219907128826,2.109859119879549,2.208801838197477,1.87515625
7638,5.0532,19.0,4.973796033994335,1.0892351274787535,3993.0,2.8279036827195467,33.81,-118.29,2.182,2.7604376982521566,3.1233521580044075,2.644080158665406,2.0204405504587157
10149,9.3125,27.0,6.2330827067669174,0.8571428571428571,383.0,2.8796992481203008,33.9,-117.91,2.935,4.216765373805223,3.7326137521484792,4.369542236043367,4.9815094117647085
16408,2.7958,32.0,5.0632603406326036,1.1484184914841848,1342.0,3.265206812652068,37.95,-121.23,0.59,1.4503296881995587,1.2131091851648004,1.3244115667982692,1.1184398496240606
5566,2.7368,23.0,4.956435643564356,1.0534653465346535,1735.0,3.4356435643564356,33.92,-118.29,1.628,1.6904148125565204,1.4605484020649122,1.6436293807802094,1.417333333333333
4921,1.5781,32.0,4.006578947368421,1.125,1292.0,4.25,34.0,-118.25,1.029,1.378310735128239,1.0253363939365716,1.372306858417189,1.1610000000000003
2767,2.0109,15.0,7.124542124542124,1.9633699633699633,515.0,1.8864468864468864,33.4,-115.99,0.543,0.960839304589844,1.169402400266795,0.9888723671755304,1.0184
13268,3.6667,26.0,6.122340425531915,1.0638297872340425,593.0,3.154255319148936,34.09,-117.66,1.663,1.6598532550488518,1.527790958365442,1.5343354786560846,1.4830576923076921
4572,2.1135,32.0,2.770903010033445,0.9682274247491639,2071.0,3.463210702341137,34.07,-118.27,1.525,1.62862540762695,1.5952448116900142,1.5415351385768998,1.4618837209302329
3425,3.0132,30.0,4.598006644518272,1.0232558139534884,2054.0,6.823920265780731,34.28,-118.43,1.426,1.8000408231510936,1.110832030544563,1.6882397532788405,2.0373124999999996
7293,2.2059,35.0,2.7484909456740443,0.9979879275653923,2160.0,4.346076458752515,33.98,-118.23,1.5,1.7424655578586559,1.6281900967836074,1.6247837603527842,1.4618837209302329
12767,2.1776,34.0,4.633744855967078,1.0534979423868314,589.0,2.4238683127572016,38.61,-121.42,0.844,0.9808767378675682,0.8894222745657874,0.9829195847566261,1.13946511627907
4339,1.525,34.0,2.8176470588235296,1.0705882352941176,557.0,3.276470588235294,34.08,-118.29,2.1,1.46663504051226,1.433191353684992,1.4061478173188342,1.910161290322581
9682,3.6042,14.0,18.846938775510203,4.479591836734694,238.0,2.4285714285714284,37.64,-118.97,1.375,1.7020903757398491,0.8280351487648445,1.3474871704335531,1.1041718749999998
16088,3.2059,47.0,4.558139534883721,1.1085271317829457,564.0,2.186046511627907,37.72,-122.47,3.5,2.4509823827459822,2.7036825938626783,2.234357119957414,2.4101666666666666
11709,3.0375,25.0,18.71551724137931,3.3275862068965516,248.0,2.1379310344827585,39.14,-120.18,1.719,0.5649157615461426,1.4388751978164176,0.6949869837604885,1.2661093749999996
3434,2.9205,35.0,4.728758169934641,1.0947712418300655,1630.0,5.326797385620915,34.25,-118.43,1.431,1.8656858403325196,1.4195688005656453,1.726793543229459,2.0373124999999996
7691,6.4319,34.0,6.514044943820225,0.9382022471910112,941.0,2.643258426966292,33.95,-118.11,4.523,3.086667503848023,3.207175554840701,2.9017698075073417,4.441175517241381
13352,4.8311,15.0,6.3478260869565215,1.0644122383252819,2240.0,3.607085346215781,34.03,-117.62,1.76,2.050871603850834,1.9041287226021149,1.8794648334475497,1.6212499999999999
12864,3.7857,16.0,5.077504725897921,0.9754253308128544,1553.0,2.935727788279773,38.69,-121.34,1.127,1.33944452819696,1.298554643391425,1.226156919145069,1.1340000000000001
2065,2.77,27.0,5.81042654028436,1.1374407582938388,706.0,3.345971563981043,36.65,-119.78,0.684,1.2072519735357248,1.0475299632684452,1.1712277635574542,0.8590416666666669
11337,3.9107,26.0,5.186728395061729,1.1141975308641976,2709.0,4.180555555555555,33.75,-117.97,1.907,2.1934231850198413,2.101893661694996,2.0391775519379745,1.7495862068965513
14717,8.7604,17.0,7.962145110410095,1.0473186119873816,771.0,2.4321766561514195,32.79,-117.06,3.318,3.905619218524369,4.047841561413833,4.043969445026581,4.973133750000001
1444,4.4536,23.0,5.7468671679198,1.0300751879699248,969.0,2.4285714285714284,37.98,-121.99,1.84,2.2503716473341626,2.115947296834894,2.0403068724721023,1.7884230769230764
9680,3.0685,13.0,8.149572649572649,2.324786324786325,575.0,2.4572649572649574,37.64,-118.97,1.625,1.0829357927512224,0.9064658154744112,0.9427835601968926,1.539
1372,3.3831,41.0,4.752650176678445,0.9611307420494699,718.0,2.537102473498233,38.01,-122.11,1.294,2.0532963759747718,1.9145669449356302,1.8347989494387749,1.4244615384615384
278,2.6667,50.0,4.746268656716418,1.0796019900497513,546.0,2.716417910447761,37.79,-122.19,1.728,2.0397188968442657,1.9895839148569996,1.8333377161651483,1.6771111111111112
14530,4.7266,16.0,6.053639846743295,0.9233716475095786,917.0,3.5134099616858236,32.92,-117.13,1.911,2.196002369065874,2.122026394145066,2.0692319734486295,1.797610169491524
11388,6.5501,22.0,6.868068833652008,1.0076481835564053,1598.0,3.0554493307839388,33.65,-117.98,2.949,3.1005053301883403,3.2049132285365314,2.991713690187375,3.1098444444444446
19345,3.8681,29.0,5.818181818181818,1.0294117647058822,1117.0,2.986631016042781,38.64,-122.82,1.886,2.1173500883048217,1.8607043270996895,1.934447380468383,1.7754074074074069
19984,1.0714,27.0,2.9645390070921986,1.1560283687943262,332.0,2.354609929078014,36.19,-119.33,0.638,0.8128447779305361,0.9597569828411764,0.9109323566834411,2.321653194444445
513,8.1872,52.0,8.268292682926829,1.032520325203252,1005.0,2.7235772357723578,37.82,-122.23,4.661,4.068655414322521,4.4669825857881165,4.155731524518826,4.4698787499999995
4170,3.0377,47.0,4.590415913200723,1.1491862567811935,3348.0,3.027124773960217,34.1,-118.21,1.868,2.066812889911375,2.3854815556071047,1.8705289775948684,1.417333333333333
14912,3.8615,26.0,4.993610223642173,0.9137380191693291,1145.0,3.65814696485623,32.61,-117.05,1.393,2.122744032924953,1.9685329128828721,2.0012610315956483,1.4508124999999998
4333,3.37,52.0,3.8282828282828283,1.0235690235690236,754.0,2.538720538720539,34.08,-118.32,3.303,2.323231994845762,2.619231842620944,2.058574479592356,2.342923076923076
17598,4.2414,52.0,5.68956043956044,0.9945054945054945,825.0,2.2664835164835164,37.3,-121.89,2.848,2.6593292559054706,2.923747710547651,2.4312931948438283,3.2580940654205603
6903,3.7109,40.0,5.430939226519337,1.080110497237569,1120.0,3.0939226519337018,34.04,-118.14,1.988,2.1421529911886554,2.1056760299238704,1.9375848194662781,2.0095447154471544
2380,2.59,21.0,5.840764331210191,1.0222929936305734,1120.0,3.56687898089172,36.71,-119.52,0.693,0.8346553025585242,0.8407744016251122,0.9424520555861844,0.8590416666666669
14044,2.1727,32.0,3.98,1.0476923076923077,1246.0,1.916923076923077,32.76,-117.14,1.455,1.635274781659088,1.7890025127737668,1.5747901712219297,1.8667333333333334
7771,3.7383,35.0,4.658878504672897,0.9789719626168224,1491.0,3.4836448598130842,33.92,-118.09,1.662,2.1483947982201763,2.03803981631863,1.960236243501821,1.6980914893617025
11373,4.6452,23.0,5.572815533980583,1.022653721682848,865.0,2.7993527508090614,33.68,-117.97,2.738,2.412495164508266,2.4507051292884965,2.24063970836025,2.684588697916666
16508,3.3578,35.0,5.45,0.9735294117647059,958.0,2.8176470588235296,37.8,-121.1,1.49,1.5559446774317855,1.3354130467246639,1.4021235523677111,1.380823182711198
17899,4.575,36.0,4.9879154078549846,1.039274924471299,1062.0,3.2084592145015107,37.37,-121.98,2.154,2.780854772719489,2.7714509240882106,2.582133976529505,2.288930232558139
5548,5.726,41.0,5.267241379310345,1.0201149425287357,847.0,2.4339080459770117,33.97,-118.37,2.878,3.161224448933106,3.4781404224867742,2.971959424605454,3.8499041935483875
8064,4.9,42.0,5.929765886287625,1.2040133779264215,815.0,2.725752508361204,33.83,-118.19,4.063,2.842396924974481,3.1174934954478863,2.618343069278736,2.684588697916666
20257,1.9704,35.0,3.504012841091493,1.0208667736757624,3504.0,5.624398073836276,34.2,-119.16,1.603,1.8653051568779977,1.538765735875271,1.8210532295918749,1.1610000000000003
10613,5.7759,5.0,5.495833333333334,1.0854166666666667,1179.0,2.45625,33.67,-117.8,2.4,2.734461575099478,2.7953366983934185,2.572988290350867,2.6890000000000005
12800,2.4205,43.0,4.433962264150943,1.119496855345912,464.0,2.9182389937106916,38.61,-121.46,0.609,1.2695614773852255,0.9372332575114293,1.1373011556235708,1.1184398496240606
7301,2.6673,38.0,4.608365019011407,1.0342205323193916,1129.0,4.2927756653992395,33.99,-118.19,1.423,1.7584006725687145,1.4141142882247602,1.6386645293578175,1.417333333333333
19740,3.1361,16.0,5.339331619537275,0.9974293059125964,1155.0,2.969151670951157,40.09,-122.38,0.848,0.8969650722151665,1.08956692635056,0.9278148483085338,1.380823182711198
20306,4.5828,17.0,5.361788617886178,1.0365853658536586,4066.0,4.132113821138211,34.16,-119.17,2.054,2.6708400748488543,2.7315602103761045,2.6440101334113524,1.782850000000001
15828,3.575,52.0,4.695652173913044,1.0347826086956522,1181.0,2.053913043478261,37.75,-122.43,3.968,2.5597699851045936,2.9179554857528442,2.3299243457448466,3.425966666666667
19246,2.0651,14.0,3.4905008635578585,1.1208981001727116,2323.0,2.0060449050086357,38.46,-122.73,1.354,1.5587688756832216,1.6408465282027633,1.5158244738764863,1.7963636363636362
13431,4.1399,18.0,5.359838274932614,1.0902964959568733,2231.0,3.0067385444743935,34.1,-117.42,1.154,1.7980415565828838,1.6940640659200632,1.6292715174289376,1.3805932203389832
9189,3.9583,52.0,8.169811320754716,1.3018867924528301,147.0,2.7735849056603774,34.23,-118.12,1.625,2.120432067850968,2.2055679824451397,1.8871952172197966,2.342923076923076
4032,2.8528,25.0,3.8976744186046512,1.036046511627907,1815.0,2.11046511627907,34.17,-118.54,4.25,1.8868276450004267,2.057354587541622,1.7776971301401954,2.704666781609195
14827,1.6389,37.0,3.7333333333333334,1.0,1086.0,3.290909090909091,32.66,-117.09,1.143,1.4532366449254626,1.2451753762409863,1.4388049509859675,0.9083452380952383
18347,11.0492,34.0,7.655765920826162,1.0499139414802066,2571.0,4.42512908777969,37.42,-122.16,5.00001,5.395265770842163,5.516085039140912,6.751626336838255,4.999921329113908
6577,8.3695,37.0,7.458745874587459,1.0627062706270627,941.0,3.1056105610561056,34.22,-118.21,5.00001,3.8945902306838445,3.7967238764589126,3.879467662016687,4.998052340425534
19999,1.8827,20.0,5.427184466019417,1.0533980582524272,1405.0,3.4101941747572817,36.06,-119.31,0.487,0.7647076071729733,0.6233026276999285,0.9388038676717236,0.8249843750000002
17945,4.7604,36.0,5.194444444444445,0.8827160493827161,740.0,2.2839506172839505,37.33,-121.95,2.947,2.723655071248704,2.816304746759709,2.5355449111927726,3.2580940654205603
6667,3.4811,44.0,5.011123470522803,0.9944382647385984,2296.0,2.553948832035595,34.17,-118.1,3.005,1.9902197768916585,1.995580357719506,1.7963138409894395,2.0675079006772012
15276,4.0,24.0,5.053846153846154,1.0134615384615384,1389.0,2.671153846153846,33.08,-117.3,3.432,2.1502162350319702,2.172738069232248,1.9979850626507276,1.62219512195122
15490,2.3267,12.0,5.016483516483516,1.2678571428571428,1677.0,2.3035714285714284,33.14,-117.19,0.92,1.4144099713090732,1.4971176841120273,1.4242224690518888,1.3769230769230767
17619,5.1104,30.0,5.280442804428044,1.003690036900369,1387.0,2.559040590405904,37.27,-121.93,2.781,2.9207104699950843,3.0166080039636407,2.764792425976421,3.2490572357723586
6074,7.5196,31.0,7.358600583090379,1.0174927113702623,1003.0,2.924198250728863,34.08,-117.86,3.809,3.339344369810183,3.2215909494874007,3.1497845406697627,2.9586666666666663
10774,3.9375,28.0,5.303225806451613,1.0903225806451613,1081.0,2.324731182795699,33.64,-117.9,3.398,2.2174978508435683,2.3371898152384403,2.0455359964045035,3.2580940654205603
12598,3.1014,37.0,4.953125,1.0755208333333333,955.0,2.4869791666666665,38.52,-121.49,0.968,1.4695709780902835,1.2457837462013284,1.2961246991435806,1.4404
4641,2.0332,33.0,2.2481549815498156,1.183579335793358,3906.0,3.603321033210332,34.06,-118.3,2.7,1.848430595930676,2.577435052718467,1.7096317710990556,1.910161290322581
1705,4.4387,20.0,5.563876651982379,1.0469897209985315,3637.0,2.670337738619677,37.94,-122.29,1.9,2.3909636973860016,2.305340618908807,2.244887533206305,2.2826481481481484
6195,2.4167,37.0,5.121359223300971,1.3592233009708738,538.0,2.6116504854368934,34.09,-117.89,1.813,1.662534605943367,1.6706590991258548,1.5130852778675616,1.168242424242424
2571,3.375,24.0,5.58203125,0.998046875,1388.0,2.7109375,40.76,-124.15,1.006,1.5393406374127232,1.2568812557115752,1.4103836658316897,1.7754074074074069
13170,2.3125,7.0,5.348684210526316,1.069078947368421,677.0,2.226973684210526,36.85,-121.42,1.708,1.4422319867216888,1.2836034030370533,1.4925230554250146,1.3942
476,2.4167,52.0,5.002227171492205,1.0512249443207127,1005.0,2.2383073496659245,37.85,-122.28,1.527,1.9078102368782404,1.9064509014484896,1.7377838393931921,1.138411764705883
3769,4.0347,34.0,5.311015118790497,1.0561555075593954,1139.0,2.4600431965442766,34.16,-118.43,3.536,2.3027145340231123,2.4152275877797944,2.108751300877983,2.71530025
17524,0.7068,49.0,2.0822784810126582,1.0063291139240507,467.0,1.4778481012658229,37.33,-121.89,2.0,1.4893056338402433,1.8957333546086672,1.410446820488768,1.925
11643,4.6458,24.0,6.24294670846395,1.0579937304075235,1568.0,2.457680250783699,33.82,-118.06,2.134,2.3475629587501383,2.4048914558706977,2.1891652801874986,2.684588697916666
19322,2.6726,33.0,5.032154340836013,1.2540192926045015,759.0,2.440514469453376,38.51,-123.0,1.531,2.0279849014252234,1.9433448798304556,1.8617896796088034,1.4800952380952381
3860,4.0474,34.0,5.508403361344538,0.9810924369747899,1233.0,2.5903361344537816,34.16,-118.43,3.797,2.2246346273223643,2.2582820907897014,2.048684518725551,2.71530025
14429,3.0774,27.0,2.8456375838926173,1.0067114093959733,455.0,1.5268456375838926,32.79,-117.25,2.75,2.1384641479133606,2.6600995866829624,1.9682666643744193,3.011202
3043,4.2375,38.0,5.897674418604651,0.9511627906976744,1133.0,2.6348837209302327,35.5,-119.26,0.786,2.0748809346018806,1.9812838295899529,1.8529234992053736,2.3668121212121216
6084,5.5629,36.0,5.454819277108434,0.963855421686747,1005.0,3.0271084337349397,34.09,-117.89,1.883,2.711264729855073,2.5594279086582974,2.4293739122628186,2.5369416788321173
11960,4.3222,15.0,6.361247216035634,1.1184855233853006,7540.0,3.3585746102449887,33.91,-117.43,1.38,1.8213229265829005,1.6632679212114585,1.7427207393387505,1.3805932203389832
17145,8.2436,44.0,6.465317919075145,1.0028901734104045,948.0,2.739884393063584,37.44,-122.18,5.00001,4.353204717331213,4.637735057504541,4.652281573842927,4.998052340425534
7700,3.2,35.0,4.627450980392157,0.9477124183006536,471.0,3.0784313725490198,33.97,-118.12,1.974,1.8817888312009763,1.7755150136438158,1.7313248042355815,1.6980914893617025
10827,4.8125,28.0,6.066071428571429,1.0660714285714286,1397.0,2.494642857142857,33.68,-117.92,2.446,2.4876614974431637,2.5919739833800244,2.3051046074172534,2.684588697916666
7646,3.8621,42.0,3.967889908256881,0.9541284403669725,811.0,3.720183486238532,33.81,-118.27,1.653,2.4625601569928297,2.4687122482459682,2.2423583671442864,1.6980914893617025
970,6.5285,19.0,6.894915254237288,0.976271186440678,852.0,2.888135593220339,37.67,-121.89,3.004,3.044094490177357,2.9217009491785113,2.883533955473416,3.4001707317073167
12863,3.4911,26.0,5.915119363395226,1.0875331564986737,1155.0,3.0636604774535807,38.7,-121.37,0.882,1.2981766852551684,1.1712549799885348,1.1879492611963105,1.380823182711198
15230,11.0911,20.0,8.259803921568627,1.0612745098039216,1020.0,2.5,33.03,-117.21,5.00001,4.918301284444112,4.6425154377061535,5.707683826840239,4.994736363636365
9892,2.4398,52.0,4.794336810730253,1.105812220566319,1670.0,2.488822652757079,38.29,-122.29,1.631,1.80395740101021,1.7644544506261821,1.6110989072971629,1.1184398496240606
17687,4.775,24.0,5.560457516339869,1.0718954248366013,2829.0,4.622549019607843,37.29,-121.84,1.919,2.6731288356725513,2.5301137935949773,2.526848401835676,1.87515625
18636,5.9039,21.0,6.445414847161572,1.0436681222707425,2616.0,2.8558951965065504,37.03,-122.01,3.553,3.2087617148836562,3.377362047164751,3.210326737804661,3.263828857142857
17002,5.6396,19.0,5.961136023916293,1.0508221225710015,3437.0,2.5687593423019432,37.56,-122.25,4.303,3.017000055139165,3.1311073077279783,2.94357805597655,3.1295
2935,1.2617,15.0,5.311827956989247,1.2114695340501793,1059.0,3.795698924731183,35.36,-118.98,0.427,0.7255521375396148,0.5103648313809939,0.945908536735006,0.5282911392405063
16890,5.7837,49.0,6.137037037037037,0.9851851851851852,613.0,2.27037037037037,37.59,-122.38,3.781,3.350858037917157,3.767524399584591,3.2277006114700058,3.2490572357723586
15535,4.9005,7.0,6.637053087757313,1.1180931744312026,2662.0,2.884073672806067,33.12,-117.14,2.64,2.1861114547249954,2.1577715025116238,2.0738343082914126,2.2981458333333338
7513,4.0234,38.0,4.9245283018867925,1.0,981.0,3.0849056603773586,33.9,-118.26,1.119,2.373759375564124,2.4230670112575554,2.171636967698154,1.6980914893617025
20263,2.9185,27.0,4.408878504672897,1.1378504672897196,1339.0,3.128504672897196,34.21,-119.19,2.245,2.214932664658019,2.3540966979103435,2.1187323582701167,2.0373124999999996
4489,3.2125,37.0,5.453125,1.234375,276.0,4.3125,34.05,-118.19,1.25,2.0223394658675025,1.6971264786659033,1.8322017033781184,1.7495862068965513
3352,2.5,19.0,6.153153153153153,1.2522522522522523,302.0,2.720720720720721,40.28,-120.96,0.641,0.04691712360629996,0.9793162120920218,0.4079222376918056,0.7345217391304347
12324,1.6849,17.0,8.836393989983305,2.1135225375626043,1201.0,2.005008347245409,33.93,-116.44,0.884,0.7113679344758781,1.0294263583739278,0.8578571842329152,1.0660612244897962
9397,3.7813,41.0,6.003787878787879,1.178030303030303,1091.0,2.066287878787879,37.9,-122.54,3.892,2.4811028629013876,2.624944690688695,2.2870165186642577,2.9478
20574,1.9327,10.0,5.7894736842105265,1.0789473684210527,898.0,3.93859649122807,38.57,-121.92,1.938,0.7426934831461276,0.7195829645339991,0.9386069671576709,1.138411764705883
4688,3.5719,45.0,4.093943139678616,1.0877626699629173,1157.0,1.4301606922126082,34.07,-118.35,5.00001,2.3835608308475758,2.9475342708949754,2.1375311962417882,4.200291730769228
14805,7.3669,16.0,11.293103448275861,2.7279693486590038,873.0,1.6724137931034482,32.68,-117.17,1.875,4.272431827064644,4.8579258817832365,4.577699209433246,4.171804
733,4.267,35.0,5.5315985130111525,0.9628252788104089,1424.0,2.646840148698885,37.68,-122.14,2.103,2.446522019028445,2.3784165924145486,2.2551608435447257,2.3668121212121216
15513,5.1771,17.0,6.495180722891567,1.0674698795180724,2732.0,3.291566265060241,33.18,-117.03,2.128,2.310833850188054,2.213088580148182,2.142456162868989,2.097142857142857
4579,2.0173,25.0,2.5920055134390076,1.0954514128187456,7221.0,2.4882839421088905,34.07,-118.28,1.775,1.6364125711940458,2.3749981286722166,1.6035290285169839,2.7975441304347823
13363,2.4375,29.0,6.74496644295302,1.0201342281879195,513.0,3.442953020134228,33.99,-117.64,1.813,1.0589599692907874,0.8132066473444213,1.1456877886248393,1.266730769230769
15139,4.5096,21.0,5.956958393113343,1.0086083213773314,2255.0,3.235294117647059,32.85,-116.91,1.595,2.158171740795831,2.0287809394018,2.0169340087121563,1.797610169491524
8398,2.875,42.0,4.284263959390863,1.0609137055837563,2038.0,3.44839255499154,33.95,-118.36,1.775,2.0430160393250407,2.0915354764753733,1.8825126782433865,2.1658684868421063
12059,2.2969,16.0,4.140476190476191,1.138095238095238,1235.0,2.9404761904761907,33.88,-117.58,1.161,1.3034971345681647,1.3117164486786104,1.2974685143665727,1.1868571428571428
17139,4.1985,34.0,4.761862917398946,1.039543057996485,2002.0,1.7592267135325133,37.46,-122.19,5.00001,2.6770676722412188,2.9820198835211413,2.507657612285606,3.6249470270270288
6141,2.7802,22.0,4.2925373134328355,1.0865671641791044,1325.0,3.955223880597015,34.07,-117.97,1.625,1.6052052123680842,1.3914444305307603,1.5182953102462822,1.6381940298507462
4472,2.9939,31.0,4.560553633217993,1.0761245674740485,1164.0,4.027681660899654,34.08,-118.18,1.355,1.8343266517929284,1.5868234004635395,1.6958958865799203,1.417333333333333
14840,2.4943,45.0,4.447368421052632,1.086466165413534,900.0,3.3834586466165413,32.68,-117.1,0.996,1.8904779470727955,1.8637050460712592,1.7499411908109912,1.3503230769230767
12882,4.0352,34.0,5.273684210526316,0.9263157894736842,731.0,2.5649122807017544,38.67,-121.34,1.185,1.5751439678958334,1.2994219088907626,1.350361463490792,1.380823182711198
12613,3.0963,23.0,4.961038961038961,1.0505050505050506,2942.0,2.1226551226551225,38.51,-121.52,1.569,1.3250372050923365,1.275899193526523,1.2469515238430677,1.661807692307692
7462,2.4297,35.0,3.6475095785440614,1.0383141762452108,949.0,3.636015325670498,33.93,-118.18,1.472,1.7678563091397121,1.6347643329527464,1.6419718871112372,1.6381940298507462
1065,2.2833,39.0,4.3143939393939394,1.003787878787879,623.0,2.359848484848485,39.74,-121.85,0.858,0.7896619081444964,0.679738952577231,0.8140745522434125,0.7766740740740745
4702,2.4722,52.0,2.767871485943775,1.0923694779116466,1768.0,1.4200803212851405,34.06,-118.35,5.00001,2.128359595952899,3.013475248928871,1.891049717330818,5.00001
13820,5.1112,4.0,7.366459627329193,1.1211180124223603,1017.0,3.158385093167702,34.49,-117.25,1.709,1.6388541163053838,1.8319083413194204,1.4909527558392175,2.083030303030303
8180,6.2187,37.0,6.250922509225092,1.033210332103321,776.0,2.8634686346863467,33.81,-118.11,2.579,3.1853663258630966,3.3424833004152807,3.013501902180135,3.384902920353981
7019,3.7326,35.0,5.425661914460285,1.1018329938900204,2033.0,4.1405295315682284,33.97,-118.09,1.643,2.1230869855542376,1.947581884433969,1.9436123996797452,1.7495862068965513
15759,3.0766,52.0,4.277142857142858,1.0514285714285714,1428.0,2.04,37.77,-122.44,4.389,2.396287555465898,2.771715026971357,2.1719732047820917,3.8288341666666668
13604,3.7125,31.0,5.336349924585218,0.9924585218702866,1715.0,2.5867269984917045,34.16,-117.26,0.98,1.5669161378192535,1.392910703442362,1.4165774643435314,1.1491942446043166
7895,6.2427,19.0,6.446293494704992,1.0257186081694403,2621.0,3.9652042360060515,33.85,-118.08,2.887,2.9537043179082003,2.923352272155574,2.8245791000799465,2.590892857142857
11012,4.1151,22.0,5.297491039426523,1.1505376344086022,1342.0,2.4050179211469533,33.77,-117.83,2.032,2.2009558776146383,2.2880795764618362,2.018183162482514,1.7236739130434784
6462,4.3523,42.0,5.588652482269503,1.1099290780141844,697.0,2.471631205673759,34.1,-118.06,2.836,2.3964528699839787,2.4700085424318283,2.131796766945194,2.3668121212121216
5916,2.875,46.0,0.8461538461538461,0.8461538461538461,24.0,1.8461538461538463,34.28,-118.44,1.625,2.243626995926702,2.759660775058507,1.9478659911434866,2.704666781609195
9500,2.1985,17.0,5.154205607476635,1.1168224299065421,1140.0,2.663551401869159,38.9,-123.69,0.953,1.6711629223743951,1.260919814885593,1.6563884235219515,1.7327142857142857
1441,3.4187,37.0,4.453172205438066,1.0362537764350452,782.0,2.3625377643504533,37.98,-122.02,1.617,2.1001827427606767,2.0103120287652434,1.8664537249361581,1.6296
3710,2.4306,32.0,4.004032258064516,1.1491935483870968,1044.0,4.209677419354839,34.2,-118.38,1.875,1.7531363033460658,1.5270721950530342,1.6280098128680685,1.3590212765957446
6246,3.1667,36.0,4.6318407960199,0.7960199004975125,746.0,3.711442786069652,34.05,-117.97,1.58,1.6558036705919963,1.3418948848179337,1.5447186355678606,1.6980914893617025
8623,4.8611,39.0,5.514814814814815,1.0444444444444445,743.0,2.751851851851852,33.88,-118.38,4.561,2.7834472602380957,3.0238687622818397,2.5875425735761244,2.684588697916666
3000,4.1484,10.0,4.791907514450867,0.8439306358381503,447.0,2.5838150289017343,35.3,-119.03,1.029,1.8007913913021596,1.8730126619755252,1.6711582968075236,2.0204405504587157
19162,4.0844,12.0,5.0732984293193715,1.0235602094240839,2146.0,2.8089005235602094,38.34,-122.69,1.654,2.204458939552495,2.035851474964513,2.0677375720600994,1.6771111111111112
2444,1.4415,36.0,3.967741935483871,0.9032258064516129,737.0,3.9623655913978495,36.56,-119.6,0.544,0.7000048045247862,0.3587738570506791,0.8511196413088109,0.53276375
4505,2.02,42.0,2.9311531841652325,1.008605851979346,2490.0,4.285714285714286,34.05,-118.2,1.472,1.670061915788621,1.5583215624831546,1.5530109988570096,1.4618837209302329
5000,1.7159,49.0,4.491735537190083,0.993801652892562,1861.0,3.8450413223140494,33.99,-118.28,0.95,1.4603543916922481,1.0595877764148782,1.4209816249502492,1.168242424242424
2687,5.4349,33.0,6.294444444444444,1.0138888888888888,952.0,2.6444444444444444,32.98,-115.55,1.43,2.0128493946022274,1.5872117394345728,1.691945883579311,2.85207862745098
19696,3.2465,5.0,4.74437627811861,1.0265848670756645,1245.0,2.5460122699386503,39.11,-121.62,0.972,1.01882482623613,1.3403297953292668,1.0263229888184586,1.4244615384615384
13462,3.7198,13.0,5.692156862745098,1.0,1844.0,3.615686274509804,34.13,-117.38,1.129,1.417930081730189,1.2981421481398705,1.3648462361458127,1.1491942446043166
10219,4.5,16.0,5.183783783783784,0.9513513513513514,353.0,1.9081081081081082,33.89,-117.88,1.733,2.1484062028994027,2.287389880139491,1.9746859963552281,1.7236739130434784
18480,6.4313,17.0,6.548198636806232,1.0233690360272638,3439.0,3.3485881207400197,37.08,-121.56,3.931,3.1583570421702225,3.180030090517878,3.0944223133197397,2.7345333333333333
12283,1.6875,19.0,5.279176201372998,1.2013729977116705,1266.0,2.897025171624714,33.92,-116.77,0.63,0.600369852315155,0.6430746088692143,0.8207155383333353,0.9232307692307692
7886,5.7619,17.0,5.635404454865181,0.9824150058616647,3059.0,3.586166471277843,33.88,-118.04,2.973,2.7551269946343626,2.715982585632267,2.6025265134882614,2.590892857142857
8507,2.8445,35.0,4.636494252873563,1.0761494252873562,1881.0,2.7025862068965516,33.88,-118.3,2.421,1.9360668023120762,1.9955214571504722,1.813662215960663,1.417333333333333
14929,6.9664,11.0,7.592705167173253,1.0395136778115501,4495.0,3.4156534954407296,32.66,-117.01,2.939,3.103660320210903,3.187011408594085,3.0942442273170547,3.3638421052631577
7517,2.5521,36.0,5.0,1.0176211453744493,614.0,2.7048458149779737,33.9,-118.25,1.131,1.6964159562510985,1.6106565781629605,1.6132353534593586,1.417333333333333
8481,2.0437,31.0,4.047817047817047,1.0571725571725572,3590.0,3.731808731808732,33.93,-118.29,1.372,1.5631822147758607,1.353147987972972,1.540226232345396,1.1610000000000003
10272,3.0227,16.0,4.5152542372881355,1.2474576271186442,1534.0,5.2,33.87,-117.87,2.971,1.7899717069808905,1.5208170846056452,1.6746609046647714,1.593
921,4.7478,27.0,5.7625,1.0135416666666666,2855.0,2.9739583333333335,37.53,-121.93,2.435,2.563525862447312,2.491307511006455,2.3966370155281016,2.288930232558139
1086,1.6911,18.0,4.771653543307087,1.022965879265092,5022.0,3.295275590551181,39.72,-121.85,0.988,0.27454452416940334,0.48605090533675566,0.6209485623228352,0.8601019387755103
8178,4.66,36.0,6.0,1.0392857142857144,744.0,2.657142857142857,33.8,-118.11,2.448,2.516985437018792,2.6436058418143844,2.3152271705181313,2.684588697916666
12694,7.143,22.0,7.127717391304348,0.970108695652174,838.0,2.277173913043478,38.56,-121.4,3.278,2.731492528945747,2.229010827556473,2.3505939135739293,3.2603999999999997
15831,4.4318,52.0,5.74384236453202,1.0689655172413792,861.0,2.1206896551724137,37.76,-122.43,4.375,2.8379145783259663,3.1942226287342717,2.616099599925679,3.425966666666667
9430,2.3482,52.0,6.891891891891892,1.1783783783783783,627.0,3.389189189189189,38.28,-122.9,1.635,1.8287128514026412,1.457313531583093,1.7111627343956508,1.7327142857142857
5081,3.0455,48.0,5.230366492146596,1.0732984293193717,1176.0,3.0785340314136125,33.98,-118.3,1.024,2.035320676242539,2.057483215295565,1.857261599462674,1.417333333333333
12832,3.725,32.0,6.266272189349112,1.0207100591715976,1019.0,3.014792899408284,38.68,-121.42,1.122,1.3963593870882116,1.2254134786498196,1.2528372383007462,1.380823182711198
1362,6.0424,4.0,5.431554524361949,0.9466357308584686,1235.0,2.8654292343387473,38.03,-122.0,1.659,2.733272751837099,2.5102150691216893,2.533527527175886,2.3946875
5852,3.5875,39.0,3.667279411764706,1.036764705882353,1202.0,2.2095588235294117,34.17,-118.32,2.5,2.287063186121043,2.5627305582539215,2.0451972412527804,2.835598712121211
6425,3.5481,35.0,4.547511312217194,1.0135746606334841,742.0,3.3574660633484164,34.13,-118.0,1.581,1.9786649159766716,1.7983943601410737,1.7737169603492209,1.6980914893617025
18801,3.15,14.0,6.364341085271318,1.317829457364341,477.0,3.697674418604651,40.69,-121.83,0.875,0.5166574432610018,1.0080724380847303,0.6456879749893925,1.380823182711198
14055,2.1292,23.0,3.538938053097345,1.0460176991150443,2051.0,1.8150442477876105,32.75,-117.13,1.35,1.5799071347834226,1.7631826316301504,1.5527008096382295,1.343294117647059
2232,2.8274,12.0,4.7682926829268295,1.0121951219512195,292.0,1.7804878048780488,36.85,-119.78,0.795,1.039978159269256,1.353773914925068,1.0647604218886726,1.6089166666666666
16395,2.8167,35.0,6.459649122807018,1.0526315789473684,783.0,2.7473684210526317,38.0,-121.22,1.621,1.2192913171883304,1.0721465791053213,1.1808325972908675,1.1184398496240606
6803,2.575,40.0,4.329596412556054,1.006726457399103,1367.0,3.0650224215246635,34.08,-118.13,2.284,1.6893259166977859,1.565004643235984,1.5675339033283309,1.9871230769230763
9646,3.1719,32.0,6.208154506437769,1.0321888412017168,1198.0,2.570815450643777,37.05,-120.85,1.406,1.6026045710803736,1.426007016773058,1.5019432357341467,2.0455147058823524
3256,2.375,26.0,6.0,1.0,13.0,1.625,35.87,-120.13,0.713,1.375997447272934,1.374406518838056,1.392344451304985,0.8249843750000002
10883,6.2452,16.0,6.656903765690377,0.9414225941422594,926.0,3.8744769874476988,33.71,-117.89,2.663,2.8137906317649275,2.748814231552795,2.661762704677013,2.590892857142857
19786,1.7393,12.0,7.848837209302325,1.744186046511628,423.0,2.4593023255813953,40.56,-122.86,0.813,0.5208580240837315,0.8898240665651105,0.7290035820319147,0.8601019387755103
9150,5.3209,26.0,5.765432098765432,0.9135802469135802,519.0,3.2037037037037037,34.44,-118.52,1.85,2.554436643041324,2.4772449283530764,2.3402208188798213,2.5369416788321173
8621,7.674,15.0,5.387878787878788,0.9424242424242424,908.0,2.7515151515151515,33.86,-118.38,3.293,3.755962456420671,3.7686629624666903,3.828390524141346,2.9084
4450,1.9375,42.0,2.7925696594427243,0.9845201238390093,1312.0,4.061919504643963,34.07,-118.21,1.688,1.6303954995864438,1.4428566887850183,1.511091305192152,1.4618837209302329
7539,3.6607,38.0,4.766467065868263,0.9520958083832335,679.0,4.065868263473054,33.9,-118.22,1.104,2.1728071384011445,1.9540424153788194,1.9867223007135069,1.6980914893617025
5485,4.0156,35.0,4.581132075471698,1.1320754716981132,478.0,1.8037735849056604,33.99,-118.46,5.00001,2.5413688103175365,2.9475351975177237,2.3279432871440937,4.200291730769228
2129,3.1953,15.0,5.178571428571429,1.1717687074829932,1340.0,2.2789115646258504,36.8,-119.72,0.857,1.2996732225979006,1.3919027476476828,1.2252271376269368,1.1862
2414,1.767,15.0,4.436893203883495,0.9902912621359223,1266.0,4.097087378640777,36.59,-119.43,0.633,0.5642937583533292,0.6043673709674218,0.7974594748632324,0.5282911392405063
17493,9.7821,28.0,8.212871287128714,1.0915841584158417,1604.0,3.9702970297029703,34.43,-119.77,5.00001,4.9545177552067745,5.811086887575828,6.057837987359555,4.999921329113908
4192,2.2843,28.0,3.7892156862745097,1.1397058823529411,974.0,2.3872549019607843,34.12,-118.23,1.838,1.6427555192238774,1.7744897956526746,1.5438022239631648,1.9825882352941178
7201,2.2813,36.0,3.55625,0.925,1484.0,4.6375,34.02,-118.18,1.507,1.5911115016354709,1.154419899750378,1.5099644531263028,1.3590212765957446
20276,5.035,15.0,5.647887323943662,0.9949698189134809,2754.0,2.7706237424547284,34.19,-119.21,2.429,2.7986271593610788,2.9497048549616154,2.7754423163858988,2.0204405504587157
5453,5.1664,37.0,4.619047619047619,0.9880952380952381,248.0,2.9523809523809526,34.0,-118.46,3.267,2.9519376856659423,3.077541593227462,2.742202762707199,2.6725964912280706
6798,3.665,52.0,4.088235294117647,0.8529411764705882,523.0,3.0764705882352943,34.07,-118.14,2.204,2.214609594307158,2.1895498128557422,1.9555294991680507,1.813153846153846
17758,5.1017,17.0,5.895104895104895,0.986013986013986,1756.0,4.093240093240094,37.35,-121.8,2.407,2.6046221041561877,2.3685985310249977,2.458287099877409,2.20485294117647
18080,12.2145,19.0,8.863080684596577,1.0562347188264058,1252.0,3.0611246943765282,37.29,-122.04,5.00001,5.638317811293987,5.382964695122593,7.409657803051992,4.994736363636365
18901,1.7411,52.0,5.435540069686411,1.2299651567944252,670.0,2.3344947735191637,38.11,-122.26,0.984,1.5737478874413169,1.4570576617993927,1.4536724371929983,1.138411764705883
6424,3.2723,39.0,4.474226804123711,1.041237113402062,800.0,2.7491408934707904,34.14,-118.0,1.669,1.9223483109063895,1.8739999613995144,1.7189413472005488,2.0675079006772012
1383,5.4496,19.0,6.233265720081136,1.026369168356998,1773.0,3.5963488843813387,37.99,-122.09,2.054,2.6288912929588424,2.3916838757789236,2.428244295462529,1.3341666666666665
5148,1.1557,34.0,4.165242165242165,1.1225071225071226,1310.0,3.7321937321937324,33.97,-118.27,0.901,1.20977715813882,0.8404440110574654,1.2645806532715484,1.1610000000000003
12083,4.6875,15.0,7.479057591623037,1.1020942408376964,1361.0,3.56282722513089,33.88,-117.36,1.898,1.828589985318565,1.7804316213954252,1.6956992866998268,1.797610169491524
12104,1.625,8.0,7.6,0.95,1275.0,63.75,33.97,-117.33,1.625,-0.010430738729668487,-2.6882794975348743,0.597751278580452,0.9232307692307692
9178,3.9118,8.0,6.473861720067454,1.436762225969646,1342.0,2.263069139966273,34.37,-118.53,3.337,2.104902739700496,2.2597922846687353,1.9764911814658372,2.3425576923076923
2635,2.4519,39.0,4.527397260273973,0.9691780821917808,642.0,2.1986301369863015,40.6,-124.16,0.851,1.4533097664707113,1.1601240427943875,1.3261284317361115,1.8528571428571428
7553,2.0625,36.0,5.080357142857143,1.0625,878.0,3.919642857142857,33.91,-118.18,1.344,1.4626043849098003,1.0579358079622159,1.4379649617191053,1.168242424242424
7831,2.809,20.0,4.305135951661631,1.1132930513595165,1855.0,2.802114803625378,33.9,-118.15,1.446,1.7704777763359283,1.8065323649633962,1.6866161565492481,1.8302134831460672
6664,2.5664,52.0,4.3585365853658535,1.0414634146341464,1107.0,2.7,34.16,-118.13,2.15,1.7940249627097207,1.8286381370203435,1.6105439044056444,1.9871230769230763
169,1.7772,45.0,3.882608695652174,1.1434782608695653,1475.0,3.2065217391304346,37.79,-122.25,0.975,1.7709437909168453,1.6999113257128782,1.634360092983271,1.3131571428571425
4410,3.5603,52.0,4.904306220095694,1.0263157894736843,957.0,2.289473684210526,34.09,-118.25,2.1,2.243976565643881,2.488354181663294,1.9990903890507115,2.835598712121211
20390,6.7559,15.0,7.208173690932312,0.966794380587484,2659.0,3.395913154533844,34.22,-118.91,3.12,3.2115482800918587,3.3455541830927538,3.2250759425060984,2.8781515151515156
17218,2.125,52.0,3.5919117647058822,1.0625,412.0,1.5147058823529411,34.43,-119.7,3.0,2.280165289325084,3.146065827590398,2.138235110511468,1.8667333333333334
10880,4.7422,23.0,5.406844106463878,0.9885931558935361,1092.0,4.152091254752852,33.71,-117.89,2.024,2.397289092919565,2.1932432293597035,2.2140959170899097,2.1734680851063817
17949,5.791,36.0,5.275,0.95625,373.0,2.33125,37.34,-121.96,2.541,3.2344300255069713,3.3462636583857064,3.080581626601739,3.2490572357723586
11936,3.1458,42.0,4.645320197044335,0.8423645320197044,466.0,2.2955665024630543,33.94,-117.4,1.16,1.5439288483996307,1.4528916605612971,1.4050210041276259,1.16325
6422,3.2841,24.0,5.137176938369781,1.0337972166998013,1869.0,3.7157057654075545,34.13,-118.0,1.67,1.6928149130677386,1.450306193532805,1.5941957682500205,1.7495862068965513
16962,5.539,45.0,5.9609756097560975,1.0731707317073171,492.0,2.4,37.54,-122.31,3.969,3.2832067023485836,3.589883546685712,3.142945492696306,3.2490572357723586
15370,3.7857,16.0,6.377358490566038,1.0919811320754718,1322.0,3.1179245283018866,33.4,-117.24,2.27,1.712747845188017,1.6092616075917654,1.6320101254038182,2.0730226666666662
5282,4.801,26.0,3.9812348668280872,1.0829297820823245,2937.0,1.7778450363196125,34.06,-118.47,5.00001,2.8117851012196096,3.419805065705175,2.634910800272903,4.200291730769228
11010,11.0124,19.0,8.291079812206572,0.9436619718309859,1200.0,2.816901408450704,33.76,-117.77,5.00001,4.712246778234309,4.365943162372983,5.296804625400245,4.462604
6677,3.0096,32.0,4.6350710900473935,1.0758293838862558,543.0,2.5734597156398102,34.15,-118.1,1.99,1.7839805168459224,1.7656452567947398,1.6339257613700635,1.9871230769230763
9800,5.5164,40.0,6.228739002932551,1.316715542521994,643.0,1.8856304985337244,36.56,-121.92,3.691,3.625912612727779,4.50857960433692,3.6915020803278855,5.000010000000002
16186,0.7917,52.0,2.018867924528302,1.490566037735849,167.0,3.150943396226415,37.95,-121.29,0.225,1.4178314272266295,1.4457446944076935,1.2169994564504445,0.726
13345,2.1944,27.0,4.02,1.0342857142857143,1684.0,4.811428571428571,34.05,-117.64,0.957,1.2451833032848931,0.8219598277552704,1.2383428156022247,1.171109589041096
137,8.317,32.0,6.977186311787072,1.0038022813688212,635.0,2.414448669201521,37.82,-122.19,3.659,4.053634153907755,3.907075816760395,4.158681467767945,5.00001
8028,4.1094,37.0,5.830985915492958,1.0375586854460095,565.0,2.652582159624413,33.84,-118.12,2.158,2.2870849230633934,2.3659144669076495,2.093826689287867,2.71530025
6532,3.29,32.0,4.281675392670157,1.0209424083769634,3775.0,3.9528795811518322,34.07,-118.08,2.055,1.9238716750778866,1.8355219167992238,1.7804598776587275,1.6980914893617025
14485,6.8322,25.0,6.578212290502793,1.0642458100558658,823.0,2.298882681564246,32.92,-117.29,5.00001,3.347750316825951,3.5806691016993755,3.2632877328362104,4.417692000000001
19336,4.2716,9.0,5.7895569620253164,1.0316455696202531,1889.0,2.9889240506329116,38.53,-122.78,2.508,2.136438667755506,1.9257378301456345,2.0094601575934328,1.7891666666666666
5528,6.8197,44.0,5.865625,0.98125,877.0,2.740625,33.96,-118.4,3.636,3.5929481165292,3.9261721930219213,3.508247176529803,3.9695714285714283
10423,6.487,4.0,8.587677725118484,1.2085308056872037,661.0,3.132701421800948,33.47,-117.62,2.942,2.7634666768045033,2.937836718713421,2.651177070803465,3.2464
19589,3.6629,30.0,6.3625,1.0666666666666667,757.0,3.154166666666667,37.58,-120.83,1.714,1.579095969191258,1.3934603926385591,1.4277112824528664,1.380823182711198
8698,4.5833,37.0,4.896551724137931,0.9862068965517241,886.0,3.0551724137931036,33.87,-118.35,2.613,2.659821529639176,2.7958543251215793,2.4599597306979035,2.0026875
13289,2.2244,24.0,4.706635622817229,1.108265424912689,2174.0,2.530849825378347,34.06,-117.66,1.149,1.214253180636788,1.128674272704267,1.2332619753876282,1.168242424242424
3934,3.7798,27.0,4.76962457337884,1.0341296928327646,1702.0,2.9044368600682593,34.22,-118.57,2.584,2.202616014060254,2.233420304439705,2.044979980669615,2.0675079006772012
3263,2.2188,20.0,5.739795918367347,1.1785714285714286,521.0,2.6581632653061225,39.14,-122.88,1.063,1.2348068607542355,1.0436201386287591,1.2406085933090942,0.7766740740740745
5194,1.7986,40.0,4.219607843137255,0.9568627450980393,705.0,2.764705882352941,33.92,-118.26,0.989,1.4414398294521322,1.2728816555199902,1.4159136961468848,1.4554117647058822
10341,4.7804,17.0,5.305128205128205,1.0320512820512822,2442.0,3.1307692307692307,33.78,-117.8,2.42,2.335103203535395,2.293904219984376,2.1621966235387955,2.0026875
7836,2.3456,25.0,4.04930966469428,1.1400394477317555,1721.0,3.3944773175542404,33.91,-118.15,1.461,1.6576639531803288,1.6078881779576313,1.5852774549464912,1.8302134831460672
9889,3.3542,52.0,5.725888324873097,1.0507614213197969,450.0,2.284263959390863,38.3,-122.3,1.546,2.0595675706168524,1.9920293820427108,1.8117254731305268,1.5437142857142858
19422,3.3036,52.0,8.725,1.475,121.0,3.025,37.7,-121.04,1.975,1.702703429130421,1.5140938189274051,1.4900970787713281,2.1806669696969703
9338,4.4375,40.0,5.735359525574499,1.1030392883617495,3108.0,2.3039288361749444,37.99,-122.61,2.896,2.727820230084329,3.011786428570752,2.5534447333458785,3.095
15364,5.4563,10.0,6.5358024691358025,1.008641975308642,2312.0,2.854320987654321,33.34,-117.21,3.257,2.3302486598322805,2.2797131313623105,2.176159249257397,2.184833333333333
2992,1.6522,37.0,4.897435897435898,1.0073260073260073,767.0,2.8095238095238093,35.31,-119.0,0.533,1.0396576083530895,0.7852294077993878,1.1033016176435422,0.656358695652174
9605,2.7344,35.0,5.735955056179775,1.0617977528089888,953.0,2.6769662921348316,37.31,-120.46,0.878,1.2387340971820266,1.0844019498931903,1.18228008552106,1.2356410256410257
6418,2.5417,43.0,4.186385737439222,1.0259319286871962,1544.0,2.5024311183144246,34.15,-118.0,1.783,1.6521168117295426,1.647444651228931,1.513284526912026,1.8302134831460672
1397,5.0172,34.0,5.854671280276817,1.0034602076124568,836.0,2.8927335640138407,37.96,-122.07,1.971,2.6177991602477095,2.439948853533531,2.366085748478983,2.2826481481481484
7792,3.0357,28.0,3.8475836431226766,1.0223048327137547,1545.0,5.743494423791821,33.89,-118.08,1.234,1.8992516600634408,1.4121801695633116,1.7597040583506858,1.3590212765957446
6757,5.2503,49.0,5.738775510204082,0.9755102040816327,1329.0,2.7122448979591836,34.1,-118.11,2.929,2.7632038138818418,2.903297651242556,2.487269211812164,2.6725964912280706
7613,2.6719,35.0,4.455026455026455,1.0634920634920635,763.0,4.037037037037037,33.88,-118.23,1.098,1.8382960325551156,1.585630318053203,1.7147850537508322,1.417333333333333
5098,3.2188,52.0,5.281456953642384,1.076158940397351,823.0,2.725165562913907,33.97,-118.31,1.242,2.158410167686046,2.327243640406791,1.950220465278238,2.2003333333333335
3068,1.6045,36.0,3.822950819672131,1.0754098360655737,2175.0,3.5655737704918034,35.76,-119.25,0.573,1.1083567715099107,0.8866507551360365,1.124555117581009,0.53276375
18517,5.6188,35.0,6.432835820895522,1.0597014925373134,866.0,2.5850746268656715,36.98,-122.04,4.047,3.2695995450952866,3.5987498042390884,3.2263969808484285,3.2490572357723586
10436,2.3545,33.0,3.6277602523659307,1.2082018927444795,604.0,1.9053627760252365,33.43,-117.61,1.875,1.8196353911684904,2.1703174053359318,1.667501414080676,3.0518571428571426
2512,2.0192,18.0,4.4268707482993195,0.9795918367346939,1616.0,2.748299319727891,39.75,-122.2,0.637,0.5783521167374914,0.7935373854314169,0.7657676899603982,1.1248571428571428
9240,4.5347,12.0,6.504098360655738,1.0655737704918034,1590.0,3.2581967213114753,36.93,-119.88,1.012,1.635680778385985,1.6236494921529994,1.4807321018183566,1.0267857142857142
15682,5.0365,52.0,4.884057971014493,1.036231884057971,925.0,1.6757246376811594,37.8,-122.43,5.0,3.174272096798945,3.7010658931388525,2.959663178422248,4.968580000000001
20610,1.3631,28.0,4.851936218678816,1.10250569476082,1195.0,2.722095671981777,39.1,-121.56,0.455,0.42129677822156264,0.5400516575334207,0.6762354780512589,0.6606528099173556
8310,6.0362,20.0,5.082959641255606,1.0695067264573992,1941.0,2.1760089686098656,33.77,-118.12,4.635,3.13182167246194,3.3943120221810483,2.999663950772574,3.9923219999999997
14960,5.9202,9.0,6.115131578947368,1.0098684210526316,947.0,3.1151315789473686,32.76,-116.92,1.813,2.7010587523184926,2.7077031172532147,2.5520256631551748,2.3946875
6377,3.6,44.0,6.094086021505376,1.1451612903225807,980.0,2.6344086021505375,34.15,-118.02,3.074,2.004137089972062,2.000480857102968,1.7941452584534736,2.71530025
17183,8.2364,11.0,6.040322580645161,1.1048387096774193,355.0,2.8629032258064515,37.51,-122.5,3.718,4.271496950791887,4.070270466300468,4.67158689472693,4.086602
2495,2.4786,14.0,4.371014492753623,1.0057971014492753,1679.0,4.866666666666666,36.49,-120.22,0.56,1.275170873525187,0.9586057828756026,1.2869309895172867,0.7265511811023622
11648,4.535,19.0,5.574534161490683,1.0186335403726707,1014.0,3.1490683229813663,33.86,-118.03,2.893,2.2697180423425163,2.217435985855101,2.1058591408250424,2.1734680851063817
13194,3.2344,14.0,5.248730964467005,1.1243654822335025,2026.0,2.5710659898477157,34.08,-117.69,1.282,1.52070189350503,1.513610204315293,1.4600480788117198,1.4830576923076921
19305,4.5147,34.0,6.322222222222222,1.1388888888888888,541.0,3.0055555555555555,38.39,-122.87,2.714,2.6073969295477593,2.4520277009635842,2.400088147028379,2.6644285714285716
7811,4.7159,36.0,5.613138686131387,1.0364963503649636,498.0,3.6350364963503647,33.89,-118.1,1.821,2.5425234365602023,2.438969197692927,2.3158128978454107,2.1734680851063817
17704,5.5145,15.0,5.168384879725086,1.0103092783505154,1267.0,4.353951890034364,37.31,-121.82,2.194,2.904573860277061,2.622794421855874,2.7592248616512367,2.2595
2085,2.3952,52.0,5.477832512315271,1.0295566502463054,832.0,2.0492610837438425,36.76,-119.8,0.784,1.2055366426534633,1.0871969878183574,1.1261531400921756,0.8249843750000002
12162,2.2618,17.0,5.351282051282051,1.091025641025641,1845.0,2.3653846153846154,33.75,-117.11,0.961,0.9628100814992542,0.8986770425602317,1.0745330303768785,1.0660612244897962
17039,6.142,44.0,6.01360544217687,1.0108843537414967,1790.0,2.435374149659864,37.49,-122.25,3.947,3.4809716212266246,3.918442823626017,3.413455778040161,4.052075555555555
8138,4.875,36.0,5.609561752988048,0.9960159362549801,702.0,2.7968127490039842,33.83,-118.1,2.225,2.610376054398798,2.701160692844194,2.394467218594914,2.684588697916666
3100,4.0167,5.0,4.875,1.1896551724137931,520.0,2.2413793103448274,35.65,-117.69,0.875,1.2265479827454127,1.3561108479031136,1.1109776386082428,1.7236739130434784
14229,4.0668,14.0,4.7193460490463215,0.9305177111716622,2139.0,2.9141689373297,32.67,-117.04,1.375,2.116211437593642,2.0608887119409793,2.018433216989055,1.62219512195122
10282,4.1064,16.0,5.0231548480463095,1.0246020260492041,1769.0,2.5600578871201156,33.86,-117.78,2.461,2.0130329913751503,2.007318568439055,1.863281869061952,2.0675079006772012
3686,3.7143,34.0,4.694214876033058,1.1528925619834711,2164.0,4.471074380165289,34.21,-118.37,1.757,2.2546000864676174,2.163958773131028,2.049213096710858,1.6980914893617025
6138,3.3261,30.0,4.62993762993763,0.9854469854469855,1961.0,4.076923076923077,34.08,-117.97,1.641,1.8012119041664771,1.5059749898882757,1.6633086861007915,1.6980914893617025
12030,3.7431,19.0,6.240208877284595,1.1240208877284594,3043.0,3.9725848563968666,33.93,-117.46,1.328,1.631231561688569,1.4044027178828054,1.5452010012358222,1.1491942446043166
19962,2.4722,24.0,6.24,1.13,641.0,3.205,36.12,-119.29,1.292,0.9962622879101708,0.9248244948658888,1.058125384587806,0.8590416666666669
8492,3.4,27.0,5.049459041731066,1.17774343122102,2099.0,3.2442040185471406,33.9,-118.3,2.241,2.125398060643213,2.1886329760115713,1.9871168582013192,1.6980914893617025
12596,2.3542,43.0,4.921428571428572,1.0,708.0,2.5285714285714285,38.53,-121.48,1.039,1.1292514274465666,0.9214488313974665,1.0737838400520467,0.8206028708133976
14002,3.1917,6.0,7.058011049723757,1.441988950276243,1938.0,2.6767955801104972,34.57,-117.1,1.128,0.9875878414139578,1.3081481736010427,1.03790232106325,1.5105714285714285
8825,2.0205,33.0,3.0537918871252203,1.0317460317460319,1845.0,1.626984126984127,34.09,-118.36,2.438,1.6490520602156726,1.9943647729696576,1.5603304421342052,2.7975441304347823
13488,2.3578,31.0,5.29038854805726,1.0858895705521472,1227.0,2.5092024539877302,34.1,-117.36,0.886,1.107756584970331,0.988291657901216,1.1256094200785864,1.168242424242424
14923,5.766,30.0,6.608823529411764,0.9808823529411764,1883.0,2.7691176470588235,32.64,-117.06,1.861,2.862913113803456,3.0498806078138303,2.730271685348148,2.3554000000000004
14000,3.5507,4.0,7.32798833819242,1.161807580174927,1869.0,2.7244897959183674,34.59,-117.24,1.861,0.92879164246172,1.2751649598240746,1.029369665129007,1.5105714285714285
19405,3.5877,14.0,5.53314606741573,1.0601123595505617,4356.0,2.447191011235955,37.7,-120.99,1.609,1.5011198316755774,1.400792496645708,1.427982452548136,1.380823182711198
6602,2.2326,42.0,4.761467889908257,1.0596330275229358,1641.0,3.7637614678899083,34.19,-118.16,1.492,1.5071357953016578,1.1913176419964497,1.4311943690272595,1.168242424242424
18781,1.8438,17.0,5.322784810126582,1.0506329113924051,887.0,2.8069620253164556,40.39,-122.29,0.764,0.20671788331430485,0.8347373550539838,0.553089185204191,0.8601019387755103
16936,5.549,49.0,7.0,1.0381944444444444,691.0,2.3993055555555554,37.56,-122.32,5.00001,3.1666028044584564,3.5502037151488075,3.0214147167162357,3.2490572357723586
13054,2.7652,13.0,4.670020120724346,1.0845070422535212,1066.0,2.1448692152917506,38.62,-121.27,0.956,0.990881314672204,1.2120539352775566,1.0077924641133658,1.2661093749999996
16934,3.8317,9.0,4.732510288065844,1.1810699588477367,377.0,1.551440329218107,37.56,-122.32,2.375,2.4022768675717963,2.5388923267391283,2.273940667619826,2.07575
8801,6.3064,17.0,5.359765051395008,1.0802741067058248,4713.0,2.3069016152716593,33.77,-118.38,4.183,3.304853130492425,3.9213612005964436,3.306580938638115,3.9923219999999997
714,3.5114,41.0,4.401273885350318,1.124203821656051,704.0,2.2420382165605095,37.68,-122.09,1.975,2.412830381958032,2.5368947543695066,2.167166023402036,2.30386
2678,2.2054,21.0,4.120253164556962,1.0348101265822784,1244.0,3.9367088607594938,32.98,-115.52,0.664,0.7135147538885973,0.5466582248267884,0.8518877429829645,0.6101666666666666
8678,6.4781,37.0,5.585657370517929,1.0119521912350598,722.0,2.8764940239043826,33.88,-118.32,2.69,3.428904000875566,3.6219174009755415,3.31248744529252,3.384902920353981
4021,3.1885,31.0,4.278947368421052,1.0973684210526315,1411.0,1.856578947368421,34.17,-118.51,2.19,2.0855014518787125,2.376527195162283,1.9216933474469045,3.2665631250000007
13381,4.6997,17.0,5.7786391042205,1.0318690783807063,3954.0,3.405684754521964,34.12,-117.61,1.569,2.011185295713043,1.8545877968038353,1.8433158957547686,1.6212499999999999
15103,4.0931,32.0,5.496835443037975,1.001054852320675,3025.0,3.190928270042194,32.85,-116.99,1.342,2.1623841985708507,2.0656148098630727,2.009458649030024,1.4865625000000005
14497,3.0104,15.0,3.855218855218855,1.1144781144781144,1034.0,1.7407407407407407,32.87,-117.23,2.042,1.9074168749225615,2.2377007879299837,1.805586495628687,2.1106818181818188
8262,3.1149,45.0,3.715025906735751,1.1105354058721935,1047.0,1.8082901554404145,33.77,-118.17,2.188,2.289840236723166,2.8608728542184703,2.0626455414757285,3.2665631250000007
11698,5.1315,17.0,5.460176991150442,1.0147492625368733,764.0,2.253687315634218,33.89,-117.97,1.818,2.4940136122901184,2.5625975012031112,2.298714831535266,4.004835
6892,3.6512,18.0,4.3730407523510975,1.072884012539185,3842.0,3.010971786833856,34.04,-118.09,1.685,1.9993201059109404,2.088752776049181,1.8730731296759413,2.0675079006772012
6,3.6591,52.0,4.9319066147859925,0.9513618677042801,1094.0,2.1284046692607004,37.84,-122.25,2.992,2.387102449479653,2.533813622490392,2.142391591009744,2.30386
7220,1.7981,41.0,3.2965879265091864,1.026246719160105,1511.0,3.9658792650918637,34.02,-118.16,1.66,1.5278857077816854,1.3088700907515627,1.4468883106659067,1.4618837209302329
14932,3.9519,15.0,6.907496012759171,1.1148325358851674,2046.0,3.263157894736842,32.64,-116.99,1.935,1.938744675928921,1.748338425159414,1.8864468222971724,1.4865625000000005
15819,1.3824,46.0,2.664188351920694,1.0123915737298637,2075.0,2.5712515489467163,37.76,-122.42,2.125,1.7384775307848754,1.915017131985417,1.6258027180615966,1.925
18473,5.2951,12.0,7.55,1.0925925925925926,1618.0,2.9962962962962965,37.14,-121.69,3.862,2.566750636513935,2.493458966316691,2.468946817423785,2.3571999999999997
6863,3.9531,35.0,5.426890756302521,1.035294117647059,1879.0,3.157983193277311,34.05,-118.13,2.684,2.1573009327763444,2.0907915451274386,1.9692685273392465,2.0095447154471544
8365,3.2708,26.0,4.26980198019802,1.066831683168317,1130.0,2.797029702970297,33.97,-118.35,1.281,2.062838459878358,2.13677038888248,1.9170606245906932,2.0675079006772012
17475,5.0767,25.0,6.042065009560229,0.9694072657743786,1514.0,2.8948374760994264,34.44,-119.89,2.712,3.038001059981751,3.366853846975422,3.0738684705805905,2.684588697916666
12862,3.865,30.0,6.060669456066946,1.0585774058577406,1508.0,3.1548117154811717,38.69,-121.39,0.884,1.476041193241383,1.2568616637083803,1.3043728222038515,1.380823182711198
16316,2.0091,21.0,3.8029661016949152,1.021186440677966,1114.0,2.360169491525424,38.0,-121.32,1.015,1.067871174838126,1.0875908355346875,1.0930256624430021,0.9192564102564103
4068,5.4591,31.0,5.981132075471698,1.0117924528301887,990.0,2.3349056603773586,34.15,-118.48,4.955,2.8218775556404054,3.007408794817091,2.6350299677722284,3.2490572357723586
6237,2.067,31.0,4.413566739606127,1.0109409190371992,1462.0,3.199124726477024,34.06,-117.96,1.673,1.3008255549586831,1.044029249006509,1.3002574539079141,1.168242424242424
11833,4.0819,14.0,39.75590551181102,6.082677165354331,701.0,2.7598425196850394,39.28,-120.18,1.413,0.42752601625100883,4.8251378939992895,0.730178701806101,1.380823182711198
5277,10.1882,38.0,7.401883830455259,1.084772370486656,1660.0,2.6059654631083204,34.04,-118.51,5.00001,4.950590595114911,5.270637965560226,5.736766488847379,4.999921329113908
20451,6.9712,5.0,7.241805635422657,1.0123634272570443,11956.0,3.437607820586544,34.26,-118.9,3.213,3.2022997846316787,3.354933554760491,3.3861101400580607,3.757549032258065
13671,1.7206,21.0,3.4833333333333334,1.1,401.0,3.341666666666667,34.07,-117.27,0.821,0.9308219394685229,0.8767866287316302,1.0046164456119135,1.171109589041096
7277,1.3963,41.0,2.746765249537893,0.9408502772643254,2312.0,4.273567467652495,33.99,-118.25,0.929,1.3974530787985495,1.0867430202732613,1.3735346159589765,1.4618837209302329
10228,3.3472,45.0,4.244725738396625,0.9704641350210971,1237.0,5.219409282700422,33.87,-117.93,1.68,2.060563457346941,1.590799561560992,1.845838293276445,1.2967894736842103
18943,3.676,12.0,4.790322580645161,0.9863523573200993,2129.0,2.641439205955335,38.28,-122.04,1.35,1.770880826633884,1.6450955783263608,1.6446250085256358,1.6771111111111112
20166,3.2279,34.0,5.191335740072202,1.0565583634175693,2361.0,2.8411552346570397,34.44,-119.29,2.431,2.2074212933191117,2.2624932951878387,2.108646710052431,2.0095447154471544
13966,3.5104,29.0,26.465968586387433,5.424083769633508,410.0,2.1465968586387434,34.3,-116.99,1.571,2.14994852733078,2.1023633410604177,1.8680752271699799,1.16325
1023,2.2417,15.0,10.51530612244898,2.372448979591837,573.0,2.923469387755102,38.72,-119.93,0.979,0.4383404285046222,0.928833857105422,0.6213448760102933,1.9315016666666667
5598,3.35,38.0,4.532915360501567,1.025078369905956,980.0,3.072100313479624,33.8,-118.27,1.777,2.185920220744618,2.2463805937934165,2.0126012602732906,2.0675079006772012
16445,3.2303,23.0,5.739478957915832,1.0100200400801602,1298.0,2.6012024048096194,38.13,-121.3,1.318,1.323208747383212,1.2405930334444693,1.2582566257328156,1.380823182711198
5332,3.5335,21.0,3.55,1.05,2719.0,1.9147887323943662,34.04,-118.47,2.688,2.230216299761496,2.639821398588965,2.0849047384718444,3.1287999999999996
17299,2.0625,15.0,4.538775510204082,1.0448979591836736,411.0,1.6775510204081632,34.4,-119.51,3.143,1.691387256450783,1.7236725622368243,1.7188566503392653,1.450416666666667
19138,4.6324,16.0,5.685410334346504,1.060790273556231,1938.0,2.945288753799392,38.32,-122.69,1.836,2.451235731387578,2.283722899581953,2.290536265030957,2.3162
12428,1.5809,34.0,3.5180722891566263,1.0602409638554218,625.0,3.7650602409638556,33.68,-116.21,1.0,0.6611770568161885,0.3660637866324332,0.7943541505661009,0.6101666666666666
20397,5.0855,26.0,6.685121107266436,0.9688581314878892,886.0,3.065743944636678,34.22,-118.86,2.322,2.61824674861136,2.7118141512494347,2.4989384951318487,2.1734680851063817
13745,4.875,5.0,5.7315175097276265,0.8871595330739299,842.0,3.2762645914396886,34.08,-117.17,1.381,1.698362273181967,1.7729652806609018,1.5558205405063963,1.3805932203389832
6527,2.1406,45.0,3.1987951807228914,0.9879518072289156,722.0,4.349397590361446,34.06,-118.05,1.625,1.638272933761117,1.2798817206099269,1.4956002029232582,1.4618837209302329
4028,5.4088,39.0,6.543165467625899,1.0467625899280575,770.0,2.7697841726618706,34.18,-118.56,4.573,2.8561939828736893,3.063334988599266,2.6625767187118723,3.0211829032258066
12022,4.2985,12.0,5.720577617328519,1.0613718411552346,4861.0,3.5097472924187727,33.96,-117.5,1.392,1.8300719966126087,1.6843872771748,1.7229835874314303,1.3805932203389832
5885,3.692,46.0,5.67479674796748,1.1951219512195121,608.0,2.4715447154471546,34.16,-118.34,2.445,2.29161627335614,2.470551992481922,2.0533321929288344,2.342923076923076
3242,2.2169,21.0,5.035175879396985,0.9673366834170855,1397.0,3.5100502512562812,36.11,-119.58,0.616,1.0010999672936927,0.7785676262337751,1.0901827808186901,0.5950161290322581
8454,3.0417,25.0,3.953405017921147,1.077658303464755,2299.0,2.7467144563918757,33.9,-118.35,2.37,2.0250109993347616,2.192718703487613,1.904112040883862,2.1658684868421063
16533,1.9464,16.0,4.4646464646464645,0.9629629629629629,509.0,1.7138047138047139,37.79,-121.18,1.125,0.894864417746176,1.0686909050898863,1.0099070925554403,1.13946511627907
13728,2.4943,29.0,5.0828402366863905,1.081360946745562,1323.0,1.9571005917159763,34.05,-117.18,1.223,1.1162753940554575,1.1040786627423527,1.1214420999168468,1.2646400000000002
6451,5.6916,30.0,7.022653721682848,1.029126213592233,984.0,3.1844660194174756,34.12,-118.04,5.00001,2.620379713374663,2.5835762647202323,2.3945763597249754,2.5369416788321173
12146,2.5335,8.0,6.021786492374727,1.1688453159041394,1674.0,1.8235294117647058,33.72,-117.2,1.101,1.0293372893526125,1.1083516813481284,1.1409871624141013,1.9791428571428575
9376,5.5926,30.0,6.467236467236467,1.0227920227920229,974.0,2.774928774928775,37.92,-122.5,3.009,2.9800871962024,2.9625900680453228,2.828227617905858,2.8642857142857143
13334,3.2062,6.0,4.809847198641766,1.066213921901528,1717.0,2.9151103565365024,34.05,-117.67,1.675,1.4421722717746448,1.4774546424869213,1.4144194233703766,2.0675079006772012
3848,3.6875,34.0,4.419664268585132,1.0599520383693046,861.0,2.064748201438849,34.18,-118.45,2.464,2.262068687772209,2.4920837703552516,2.055338634152719,2.835598712121211
18392,7.5845,25.0,7.1193415637860085,0.9300411522633745,721.0,2.9670781893004117,37.27,-121.87,2.793,3.67158925826896,3.7083363313677693,3.707932623013485,3.9948
10445,5.1439,21.0,7.276243093922652,1.0349907918968693,1392.0,2.56353591160221,33.43,-117.6,4.14,2.360628252512626,2.4206899240771538,2.2169849900070617,2.1944
2111,1.7994,42.0,4.7785388127853885,1.0730593607305936,1621.0,3.7009132420091326,36.76,-119.74,0.587,0.9278336130120117,0.592751120946825,0.970386953850144,0.5282911392405063
11583,7.1572,25.0,7.705882352941177,1.0341555977229602,1623.0,3.079696394686907,33.76,-118.04,2.949,3.2992148899206226,3.4686239156073397,3.222820863623519,3.757549032258065
5532,4.9375,44.0,6.168776371308017,1.0126582278481013,562.0,2.371308016877637,33.97,-118.42,3.652,2.7420816509557735,3.0674993690238024,2.5368460824658077,3.2580940654205603
18176,6.7718,19.0,5.251173708920188,1.016431924882629,1158.0,2.7183098591549295,37.36,-122.0,3.683,3.565241829293118,3.507881496590858,3.5497709272650706,3.4001707317073167
3926,2.5739,22.0,4.586160108548168,1.0719131614654003,2199.0,2.983717774762551,34.19,-118.54,2.392,1.6634472764837636,1.5364180805252676,1.620697822520052,2.0373124999999996
10898,3.1353,22.0,3.644657863145258,1.0816326530612246,4715.0,2.8301320528211282,33.74,-117.84,1.214,1.9198003855740695,2.2237292144200937,1.8064291230756742,2.0675079006772012
10407,5.2497,4.0,5.536013400335008,1.0787269681742044,1693.0,2.835845896147404,33.66,-117.58,2.15,2.3848507862048116,2.4026127471399974,2.215943977964141,2.184833333333333
11942,4.1528,35.0,4.997167138810198,0.9206798866855525,1094.0,3.0991501416430594,33.94,-117.42,1.139,1.9501818776477038,1.7160938965073145,1.7235667862308142,1.3805932203389832
6864,3.875,39.0,5.386819484240688,1.0515759312320916,954.0,2.7335243553008595,34.05,-118.14,2.364,2.186560451741237,2.20640272383403,1.9749012103389019,2.71530025
14046,2.8281,30.0,4.281923714759536,1.077943615257048,1098.0,1.8208955223880596,32.77,-117.13,1.717,1.888448720149326,2.1362461574945324,1.7704213935991575,1.291666666666667
558,4.1458,52.0,5.9602272727272725,1.0511363636363635,374.0,2.125,37.76,-122.23,2.485,2.583177045688293,2.779100114349357,2.3338879368858305,2.588878787878789
18703,1.5676,43.0,4.396484375,1.05859375,1479.0,2.888671875,40.57,-122.38,0.582,0.4180749329861986,0.3739990901380015,0.609336547568126,0.6606528099173556
19995,1.0349,6.0,4.165217391304348,0.9826086956521739,734.0,3.1913043478260867,36.19,-119.35,0.678,0.3132821329195785,0.5936001414426224,0.7013622133594064,0.53276375
9656,2.2794,23.0,5.763414634146342,1.0951219512195123,1168.0,2.848780487804878,36.99,-120.64,0.757,1.1519659997824614,0.9676956575095564,1.1928248724352075,0.8206028708133976
6095,4.0417,34.0,6.08,1.1,522.0,3.48,34.12,-117.88,1.78,2.021265910300818,1.8186236615294717,1.8122207731271947,1.7495862068965513
2727,1.275,23.0,4.541114058355437,1.0689655172413792,1370.0,3.6339522546419096,32.79,-115.54,0.604,0.37960939869206056,0.2106059438296275,0.6995769939488035,0.6719375
11524,5.2589,17.0,4.6182266009852215,1.1625615763546797,900.0,2.2167487684729066,33.72,-118.05,2.261,2.876680989719694,3.0814403355933426,2.693733775602343,4.004835
7873,4.0507,30.0,4.816326530612245,1.0760667903525047,1662.0,3.0834879406307976,33.88,-118.14,1.795,2.3361029736812515,2.3951241681266757,2.144690034623515,1.6980914893617025
17354,4.6694,28.0,6.181425485961123,1.0323974082073435,1384.0,2.9892008639308854,34.89,-120.43,1.582,2.961799382677499,3.2617935377568354,2.9855375956548333,1.6969999999999996
15186,5.6436,6.0,6.574750830564784,1.073920265780731,2741.0,2.276578073089701,33.05,-117.05,2.786,2.4752206879272722,2.513216251107046,2.3409680637543886,3.033091818181818
16953,6.3892,17.0,6.438953488372093,1.001937984496124,2557.0,2.477713178294574,37.52,-122.32,4.808,3.285927229547061,3.3769191402787717,3.2833568109108606,3.9923219999999997
6846,2.3224,18.0,3.7112375533428166,1.0256045519203414,2221.0,3.159317211948791,34.06,-118.11,1.923,1.4507552132763648,1.366268051108122,1.4352323438319212,1.8302134831460672
20525,3.0,43.0,5.916334661354582,1.0756972111553784,653.0,2.601593625498008,38.44,-121.56,1.417,1.4279245232728701,1.207009067245391,1.2821874136329137,1.1184398496240606
17797,5.4949,32.0,5.7734976887519265,1.024653312788906,1687.0,2.5993836671802772,37.38,-121.82,3.308,2.973650384624429,3.030902795156984,2.794559432152603,3.2490572357723586
14305,1.2375,52.0,3.2962962962962963,1.0572390572390573,975.0,3.282828282828283,32.71,-117.14,1.0,1.5186753057537572,1.5095374940139072,1.4494959482539334,0.7044999999999999
7567,2.2125,34.0,3.7578692493946733,1.0750605326876512,2093.0,5.067796610169491,33.9,-118.2,1.032,1.6897447927510023,1.3442536370790596,1.601982988881053,1.4366436781609198
19851,2.0363,31.0,4.9326599326599325,1.02020202020202,1013.0,3.410774410774411,36.39,-119.21,0.535,0.7944712545338941,0.6363416237808006,0.8991922189924006,0.5950161290322581
4165,2.1793,36.0,2.882,1.068,1809.0,3.618,34.11,-118.2,1.857,1.7143154389381288,1.7458190405221503,1.5794709593682148,1.910161290322581
10810,2.5301,24.0,3.452970297029703,0.9801980198019802,1478.0,3.6584158415841586,33.64,-117.93,1.929,1.6965744441893353,1.557807052905343,1.619849704867645,1.6381940298507462
10184,5.4217,46.0,5.902027027027027,1.054054054054054,770.0,2.6013513513513513,33.88,-117.94,2.56,2.87246199400767,3.022605661192217,2.6039061179410283,2.85207862745098
6134,2.25,34.0,3.9812206572769955,1.0704225352112675,1609.0,3.776995305164319,34.07,-118.0,1.385,1.522821212669765,1.301363383968115,1.4417388094580095,1.6381940298507462
13901,2.5405,15.0,6.444651162790698,1.4223255813953488,2568.0,2.388837209302326,34.06,-116.56,0.696,0.8227999673650188,1.0619347328666038,0.9307675080023723,1.1158461538461537
5048,4.4028,33.0,5.924083769633508,1.12565445026178,900.0,2.356020942408377,34.02,-118.37,2.468,2.470569937494054,2.649393752803779,2.2779954464660954,3.2580940654205603
1470,6.7821,16.0,7.516372795969773,1.022670025188917,1317.0,3.3173803526448364,37.95,-121.98,2.659,3.007436869791151,2.8419287449205246,2.835441790888301,3.1098444444444446
8213,1.2206,20.0,3.9465408805031448,1.1320754716981132,1201.0,3.7767295597484276,33.79,-118.18,1.625,1.1738140348459165,0.8646823430141835,1.2685769759722154,1.4366436781609198
15726,4.1319,43.0,3.6946564885496183,1.0101781170483461,897.0,2.282442748091603,37.78,-122.45,3.227,2.8221469068179976,3.11503976171987,2.5890762846332014,3.8288341666666668
17119,4.0039,36.0,5.062761506276151,0.9874476987447699,981.0,4.104602510460251,37.48,-122.14,1.489,2.495018462358376,2.2441220710104917,2.310998802389681,1.6980914893617025
6407,7.7307,34.0,6.619528619528619,1.0740740740740742,980.0,3.2996632996632997,34.13,-118.02,4.29,3.645814984946918,3.367952402408739,3.5170864072364134,4.701116666666666
18321,7.9029,37.0,6.247572815533981,0.9563106796116505,510.0,2.4757281553398056,37.45,-122.13,5.00001,4.098583078430982,4.202383758156535,4.2588114991881785,4.670205999999999
13241,6.075,19.0,7.8487229862475445,1.0884086444007859,1523.0,2.9921414538310414,34.13,-117.66,2.541,2.4605651943062687,2.4340313087690433,2.233626300832852,3.263828857142857
15843,3.0833,52.0,4.532994923857868,1.083756345177665,856.0,2.1725888324873095,37.74,-122.42,3.281,2.3976714824025067,2.6957564042838134,2.169914796832697,3.425966666666667
4401,2.7366,40.0,3.196078431372549,1.0647058823529412,1568.0,3.074509803921569,34.08,-118.28,1.691,2.01164210052235,2.1928548492933206,1.814854592085438,2.1658684868421063
7721,5.0258,32.0,5.44935064935065,0.9818181818181818,1036.0,2.690909090909091,33.94,-118.11,2.554,2.6056335343669623,2.660570636367409,2.3874386323597006,2.684588697916666
20519,1.9728,33.0,4.64,1.0874418604651164,2414.0,2.2455813953488373,38.58,-121.53,0.764,0.96230176077552,0.9001569561184755,0.9979901548355523,1.13946511627907
15115,5.4903,23.0,6.013921113689095,0.9605568445475638,1401.0,3.2505800464037122,32.85,-117.01,1.514,2.6180298366983985,2.5829509078107504,2.441943464798564,1.5282
6335,6.2517,25.0,7.195372750642673,0.9974293059125964,1348.0,3.4652956298200515,33.99,-117.96,3.111,2.795084984378476,2.750525336410031,2.599000538733689,2.590892857142857
9331,2.7273,25.0,3.6015452538631347,1.0496688741721854,5917.0,3.2654525386313464,37.97,-122.5,1.875,1.9875809972892216,2.1880084947682903,1.899127127953511,2.5911111111111107
6815,3.5313,36.0,5.026266416510319,1.0281425891181988,1605.0,3.0112570356472794,34.1,-118.08,2.132,1.979978254679046,1.895620469654632,1.8007724912193352,2.0675079006772012
4824,2.4048,33.0,3.951541850220264,1.066079295154185,2390.0,3.509544787077827,34.04,-118.31,2.083,1.7292117913055298,1.6552403827097266,1.6356089865077381,1.6381940298507462
7100,5.6454,33.0,5.642297650130549,1.0,1235.0,3.224543080939948,33.9,-117.99,2.028,2.8462619688622626,2.806611106678512,2.6192591921767794,2.5369416788321173
2252,3.8571,24.0,5.08254397834912,0.9215155615696887,1586.0,2.1461434370771313,36.8,-119.83,0.901,1.5476593281955575,1.4616354168025114,1.3963330748569893,2.9370703488372105
14105,1.0617,15.0,3.3874125874125873,1.0825174825174826,2120.0,2.965034965034965,32.75,-117.1,0.924,1.0532173356992889,0.8841625110051272,1.203401078394065,0.7044999999999999
11782,0.8691,18.0,4.036764705882353,1.0514705882352942,249.0,1.8308823529411764,38.78,-121.24,1.365,0.16358032785225185,0.7231356807381142,0.5584457017496844,1.1636896551724139
1869,1.7245,21.0,5.796033994334278,1.6430594900849858,952.0,2.696883852691218,38.95,-119.95,0.922,0.18756173705654322,0.7291453925768863,0.4762439339251318,1.0022857142857144
20099,1.625,34.0,4.8259668508287294,1.091160220994475,935.0,2.5828729281767955,37.96,-120.24,0.794,0.49855519547399085,0.5657137426541998,0.6957397412583781,0.8206028708133976
14129,1.6789,20.0,3.6580645161290324,1.081720430107527,1482.0,3.1870967741935483,32.75,-117.09,0.955,1.3409336260246185,1.220704679357807,1.380111262393251,1.171109589041096
10843,4.8359,25.0,6.198419666374012,1.0175592625109746,3903.0,3.4266900790166814,33.68,-117.9,2.492,2.3976269490821887,2.307636258469639,2.2618080950517325,2.1734680851063817
13300,3.8355,38.0,5.112994350282486,1.0480225988700564,1257.0,3.5508474576271185,34.08,-117.63,1.117,1.9528177876893391,1.6887481189036686,1.7238239635207901,1.4830576923076921
4821,1.9336,38.0,4.246013667425968,1.173120728929385,1768.0,4.027334851936219,34.05,-118.31,1.906,1.6091697727278063,1.426273338183834,1.5295466385337906,1.1610000000000003
9868,3.4643,30.0,4.441441441441442,1.0375375375375375,1616.0,2.4264264264264264,36.6,-121.84,1.918,2.554352748479424,2.7964556763730126,2.4618366343771982,2.0675079006772012
8760,5.0106,33.0,4.290010741138561,1.0633727175080558,1647.0,1.7690655209452202,33.81,-118.44,5.00001,3.0150879260070553,3.6515263058719025,2.857606440190334,4.200291730769228
3023,2.8323,40.0,5.386804657179819,1.0504527813712807,1998.0,2.5847347994825354,35.17,-119.46,0.508,1.8283064366295516,1.7426528343851708,1.7115866563881226,0.7265511811023622
16562,2.6181,24.0,4.86144578313253,1.0481927710843373,585.0,3.5240963855421685,37.78,-121.43,1.635,1.397933111415156,1.138046984091836,1.3334242444062676,1.6771111111111112
15834,4.2708,52.0,5.065693430656935,1.0340632603406326,801.0,1.948905109489051,37.75,-122.44,3.689,2.831238536372653,3.2395568092385343,2.6012199928602318,3.6249470270270288
1199,1.7885,32.0,5.073972602739726,1.021917808219178,911.0,2.495890410958904,39.37,-121.7,0.57,0.5093150946135552,0.6151084347705515,0.7069100863440556,0.6606528099173556
19392,2.4583,35.0,4.04,0.96,261.0,2.61,37.77,-120.85,0.75,1.221965653222801,1.0554398593370529,1.1436513271697009,1.3244647887323941
9162,5.0166,21.0,5.329457364341085,1.003875968992248,728.0,2.8217054263565893,34.42,-118.48,2.29,2.4857344609487866,2.4414250139198117,2.2740975393987375,2.0204405504587157
1277,6.9051,5.0,8.527293844367016,1.3077816492450638,4276.0,2.483159117305459,37.9,-121.6,3.409,2.9073872463176205,2.9896437779637868,2.7485745527678422,3.462168333333333
17092,3.623,39.0,4.161264822134387,0.9952569169960475,3057.0,2.416600790513834,37.47,-122.23,2.766,2.5155528860162537,2.8180525014910285,2.348016858595089,2.30386
19455,5.1473,16.0,6.663690476190476,0.9627976190476191,1990.0,2.9613095238095237,37.66,-120.95,1.884,2.0071201902818547,1.8787879024569978,1.7971688691628875,2.1669565217391304
16289,1.7694,28.0,4.594444444444444,1.0638888888888889,3201.0,4.445833333333334,37.92,-121.3,0.739,0.9775467559504762,0.6186642510987708,1.0580757508866139,0.8206028708133976
715,3.3125,43.0,4.166666666666667,0.9166666666666666,273.0,2.275,37.69,-122.09,1.5,2.205998945878576,2.2186741962192573,1.9832183614537908,2.30386
1670,2.5517,52.0,5.845117845117845,1.2053872053872055,638.0,2.1481481481481484,38.05,-122.23,1.471,1.880583543993142,1.8692181242640877,1.6882960143096044,1.2661093749999996
11188,2.4942,32.0,4.703412073490814,1.078740157480315,1131.0,2.968503937007874,33.83,-117.93,1.863,1.6046017434110664,1.48239045055458,1.5255933369652976,1.9871230769230763
8503,5.0641,31.0,5.315589353612167,0.9923954372623575,823.0,3.129277566539924,33.87,-118.3,2.349,2.748549428477795,2.8192999177326374,2.5627237455522587,2.0026875
14100,1.5517,31.0,3.110831234256927,0.9748110831234257,816.0,2.0554156171284634,32.76,-117.09,1.225,1.375734607886312,1.492157194754787,1.3764783084735415,1.0891764705882352
9349,4.6944,52.0,5.990196078431373,1.0588235294117647,735.0,2.4019607843137254,37.97,-122.56,3.989,2.884902306846784,3.133131563530023,2.6552226795959477,3.65362625
361,6.86,33.0,8.26027397260274,1.1917808219178083,808.0,3.689497716894977,37.75,-122.12,2.5,3.3927974013113897,3.3382018905402475,3.2853854775396885,2.626
13328,3.625,6.0,5.40463645943098,1.1791359325605901,2533.0,2.6691253951527925,34.05,-117.66,1.136,1.6400343918102618,1.7119961774375971,1.56409433708055,1.4830576923076921
3975,5.0309,29.0,6.239690721649485,1.0360824742268042,1120.0,2.88659793814433,34.2,-118.62,2.448,2.6349629456764916,2.7259657523788974,2.4680864328697965,2.684588697916666
5871,2.0385,47.0,5.017543859649122,0.9941520467836257,365.0,2.134502923976608,34.17,-118.35,2.25,1.4849435042198218,1.4631958117940278,1.4224198270921384,1.450416666666667
6955,5.4381,42.0,6.451923076923077,1.1682692307692308,615.0,2.956730769230769,33.98,-118.06,1.869,2.871682376611999,2.9348666486081174,2.615789971966028,3.0211829032258066
8703,6.2778,36.0,6.169960474308301,0.9960474308300395,740.0,2.924901185770751,33.84,-118.34,3.097,3.270054843385059,3.5090207152117454,3.148482491022401,3.384902920353981
13098,4.3658,4.0,6.799092676604018,1.0991574854180168,10329.0,3.347051198963059,38.47,-121.4,1.306,1.4667324020999777,1.3613549069008268,1.452373396812976,1.6465507246376807
16844,4.9732,34.0,5.57277628032345,0.9258760107816711,2154.0,2.9029649595687332,37.63,-122.43,3.423,2.8640173342247772,2.9080741782870234,2.7347806098099015,2.684588697916666
19544,1.6952,39.0,4.076323987538941,1.0264797507788161,2052.0,3.196261682242991,37.64,-120.98,0.65,1.0713152182220482,0.8141676572440666,1.0820236771910055,0.7472181818181819
10281,4.0714,21.0,6.414583333333334,1.0604166666666666,1431.0,2.98125,33.89,-117.82,2.789,1.9063584006256327,1.806829669855905,1.7829985832274717,2.0095447154471544
4842,0.7473,22.0,3.116650987770461,1.1618062088428975,2381.0,2.239887111947319,34.03,-118.29,1.688,1.056515120273769,1.1676676514155921,1.1779141649674183,2.3032019999999997
17215,5.1545,37.0,4.540372670807454,0.9503105590062112,678.0,2.1055900621118013,34.43,-119.7,4.184,3.2861105817153207,4.0623957507977195,3.259632518974806,4.645886470588235
13531,4.7222,6.0,5.680851063829787,0.9680851063829787,999.0,5.3138297872340425,34.19,-117.32,1.09,1.720529092516689,1.5247937551867923,1.5708347381253116,1.3805932203389832
3458,2.7472,22.0,4.265415549597855,1.1018766756032172,2661.0,3.567024128686327,34.31,-118.44,1.601,1.7074831894445772,1.6279661316829015,1.6285576780250315,1.6381940298507462
17036,4.95,45.0,5.507598784194529,1.0212765957446808,752.0,2.2857142857142856,37.5,-122.25,3.45,3.024853020014854,3.323678728582604,2.844280380481783,3.2580940654205603
5412,5.1708,41.0,5.741228070175438,0.9692982456140351,534.0,2.3421052631578947,34.01,-118.44,4.188,2.828396540720216,3.1234992501786247,2.6240694946287357,3.8499041935483875
8019,3.7813,36.0,6.634615384615385,1.0480769230769231,316.0,3.0384615384615383,33.84,-118.1,2.091,2.0297519400237927,1.9932270485789152,1.8829295673455837,2.0095447154471544
1157,2.6921,19.0,6.128500823723229,1.0477759472817134,1304.0,2.1482701812191105,39.51,-121.47,0.975,0.5204294955331381,1.0120671952653864,0.7127699486590338,1.2661093749999996
10166,9.9071,30.0,8.241379310344827,1.0376175548589341,956.0,2.9968652037617556,33.9,-117.93,5.00001,4.413486261655677,4.254672312702003,4.7242737780123765,4.999921329113908
12821,2.1029,28.0,5.063291139240507,0.9430379746835443,450.0,2.848101265822785,38.69,-121.51,1.086,0.7537723960192424,0.7685914623516215,0.8737435362930805,0.8206028708133976
6301,2.375,33.0,4.204819277108434,1.4939759036144578,460.0,5.542168674698795,34.02,-117.96,1.333,1.8730588251221627,1.3727645720980899,1.6714548386790358,1.3590212765957446
20035,1.6103,44.0,4.822834645669292,1.1318897637795275,1330.0,2.6181102362204722,36.07,-119.01,0.509,0.8805065791261135,0.7264900378396144,0.9365484061381566,0.656358695652174
18184,5.0453,33.0,5.731808731808732,1.0166320166320166,1201.0,2.496881496881497,37.37,-122.04,3.116,2.8814713371127416,2.9842016903726147,2.7209796977334726,2.684588697916666
8618,6.4242,12.0,6.200585651537335,1.076134699853587,1798.0,2.6325036603221084,33.86,-118.38,3.655,3.16913802842714,3.3471849982382316,3.1133500527501186,2.8836666666666666
460,1.4012,52.0,3.105714285714286,1.06,3337.0,9.534285714285714,37.87,-122.26,1.75,1.6454062854523683,0.6738444269478119,1.5334264212391444,1.4079166666666667
7955,1.9903,18.0,4.258845437616388,1.2327746741154562,1804.0,3.359404096834264,33.88,-118.16,1.703,1.4938504995004167,1.4631185713554093,1.4826158123472388,1.4554117647058822
20187,5.215,6.0,6.337912087912088,1.0604395604395604,910.0,2.5,34.27,-119.18,2.795,2.716148744518177,2.8896001888630423,2.676173958859272,2.2893999999999997
12154,3.8869,10.0,7.104854368932039,1.2621359223300972,1476.0,2.8660194174757283,33.68,-117.23,1.259,1.6220435938650255,1.635990015079476,1.5470742411130365,1.1491942446043166
13384,4.8889,18.0,5.860894941634241,1.0330739299610896,3360.0,3.2684824902723735,34.11,-117.6,1.557,2.098148612403091,1.9489113337628559,1.907282044327312,1.6212499999999999
14258,1.8125,37.0,4.3326271186440675,1.0635593220338984,1920.0,4.067796610169491,32.7,-117.11,0.833,1.494446061083261,1.1173809940906487,1.4780395790217913,0.8502666666666666
291,4.7708,48.0,5.427777777777778,1.0777777777777777,446.0,2.477777777777778,37.77,-122.16,1.563,2.8752817446618204,2.966140439339055,2.6113315184442185,1.9148749999999999
6003,6.0434,27.0,7.1606280193236715,1.1256038647342994,2817.0,3.402173913043478,34.08,-117.77,2.148,2.7027938235729607,2.651235822556264,2.4711550879200233,2.590892857142857
19824,2.9554,32.0,6.012195121951219,1.088850174216028,1968.0,3.4285714285714284,36.5,-119.48,1.103,1.206125143867206,0.9894784217503767,1.1650503328402064,0.8590416666666669
9463,2.7,32.0,5.563380281690141,1.0633802816901408,380.0,2.676056338028169,39.44,-123.73,1.65,1.7418823126262313,1.408634562036229,1.62636742701478,0.9439714285714282
16005,4.375,52.0,5.846153846153846,1.010989010989011,642.0,2.3516483516483517,37.74,-122.45,3.495,2.7711085079654225,3.0409144893090287,2.55639308609879,3.425966666666667
15693,15.0001,52.0,7.994475138121547,1.0276243093922652,483.0,2.6685082872928176,37.79,-122.44,5.00001,7.260292632322477,6.057333488653439,11.902463413002208,4.999921329113908
10027,2.3125,48.0,5.424657534246576,1.0365296803652968,471.0,2.1506849315068495,39.24,-121.04,1.257,0.6386404806815698,0.5905378279302596,0.7141892878935203,0.7766740740740745
13220,5.7021,15.0,6.437007874015748,0.9330708661417323,2711.0,3.557742782152231,34.0,-117.7,1.931,2.374318393490793,2.195653644098492,2.187235624286658,1.7926818181818178
6735,11.6471,50.0,8.696682464454977,1.09478672985782,636.0,3.014218009478673,34.12,-118.1,5.00001,5.3592523071535645,4.999901800663421,6.376258519503582,4.999921329113908
6097,4.6556,23.0,5.5169606512890095,1.1112618724559022,2105.0,2.8561736770691994,34.11,-117.87,1.996,2.2668439424623434,2.230698393094624,2.048908417407396,2.684588697916666
4680,4.1618,52.0,6.065602836879433,1.0602836879432624,1203.0,2.132978723404255,34.07,-118.34,5.00001,2.4447234696813993,2.7878774899720042,2.2102915833331944,3.2580940654205603
9936,3.7188,18.0,5.075822603719599,1.2589413447782547,1476.0,2.111587982832618,38.25,-122.3,1.634,2.1552491557183635,2.1654216306162635,1.9556630354351392,1.312
7359,1.4167,20.0,4.066666666666666,1.1238095238095238,402.0,3.8285714285714287,33.96,-118.18,1.375,1.170585569316152,0.8908337429410642,1.2450446123554317,1.4366436781609198
16547,4.0125,20.0,5.538226299694189,1.0764525993883791,1191.0,3.6422018348623855,37.81,-121.22,1.215,1.8180181845803203,1.5608547995874351,1.6260678962644195,1.380823182711198
8670,4.5687,32.0,4.622331691297209,0.9967159277504105,1338.0,2.1970443349753697,33.82,-118.37,3.812,2.67846984378256,3.0121840947825484,2.5013934287586914,3.2580940654205603
18869,3.4559,44.0,5.884765625,1.099609375,1353.0,2.642578125,38.1,-122.22,1.119,2.0922310700376854,1.9790959583014436,1.8785873889850833,1.380823182711198
19717,1.6315,29.0,4.426491994177583,0.9941775836972343,2106.0,3.0655021834061134,39.26,-121.67,0.58,0.49655712121769024,0.5076379008124718,0.7132208518147352,0.6606528099173556
9222,2.9688,16.0,5.321243523316062,1.0310880829015545,673.0,3.4870466321243523,36.99,-120.43,0.638,1.3052701403750617,1.2074232095147135,1.2757605404608499,1.2356410256410257
5472,4.1861,52.0,4.1735537190082646,1.0082644628099173,573.0,2.3677685950413223,33.99,-118.45,3.632,2.729963503951995,3.2005143141820227,2.471094578838821,3.2580940654205603
18554,2.5865,42.0,4.952586206896552,1.1379310344827587,703.0,3.0301724137931036,36.96,-122.04,2.064,2.228123938426446,2.2305351505585893,2.09693345236061,1.6771111111111112
10434,3.5729,17.0,5.563008130081301,1.329268292682927,910.0,1.8495934959349594,33.4,-117.65,3.708,2.0963817713757846,2.338995496026158,1.9535911641693824,2.2904031343283577
3310,1.125,18.0,4.549112426035503,1.1467455621301774,1832.0,2.1680473372781064,38.94,-122.63,0.818,0.8211114861967079,0.6972148303028549,0.9896473067337237,0.8601019387755103
18151,3.6991,19.0,3.746450304259635,1.050709939148073,2496.0,2.5314401622718052,37.34,-122.04,2.715,2.4226981090053354,2.6077975179405652,2.2815196494170205,2.0675079006772012
900,4.75,35.0,5.513317191283293,1.0169491525423728,1353.0,3.276029055690073,37.53,-121.97,1.97,2.6950372346838147,2.6037290072089796,2.4876076825772895,2.288930232558139
2279,2.3293,31.0,4.673866090712743,0.9848812095032398,959.0,2.0712742980561556,36.78,-119.78,0.734,1.0185146425379588,1.0069590463169273,1.0363637940544366,0.656358695652174
4058,3.2813,37.0,4.78494623655914,1.025089605734767,539.0,1.9318996415770608,34.15,-118.44,3.017,2.046018280205674,2.2356004746743974,1.8727885555097767,3.2665631250000007
9059,4.2679,33.0,5.7566462167689165,0.9918200408997955,1447.0,2.9591002044989776,34.68,-118.14,1.196,1.9458281667703692,1.7624003705476832,1.7290292339134363,2.011
17812,5.4225,17.0,5.401215805471125,0.9969604863221885,1235.0,3.7537993920972643,37.39,-121.86,2.581,2.8295229574367076,2.6166552912826164,2.6728431417885683,2.20485294117647
5887,2.3667,39.0,3.572463768115942,1.2173913043478262,259.0,1.8768115942028984,34.15,-118.33,0.175,1.9082908744426628,2.26898852666335,1.7162115900374753,2.704666781609195
15321,4.0109,23.0,5.440633245382585,0.9920844327176781,1302.0,3.4353562005277043,33.21,-117.34,1.457,2.0411983408955727,1.8966446811027542,1.9028082470368712,2.0730226666666662
259,2.0562,41.0,4.536656891495602,1.217008797653959,1024.0,3.002932551319648,37.77,-122.2,1.02,1.8224964418183731,1.7188480101533987,1.6783587210484234,1.138411764705883
11504,4.7773,37.0,3.5354609929078014,0.9290780141843972,531.0,1.8829787234042554,33.74,-118.1,4.0,2.8209785783273884,3.188747263824255,2.5799580310922323,4.200291730769228
20019,4.0217,9.0,5.804577464788732,1.0,1749.0,3.079225352112676,36.09,-119.05,0.992,1.4042076632399587,1.4600820172349565,1.327258844890017,0.8624959349593496
1647,8.3209,12.0,7.586151368760064,1.0611916264090178,2089.0,3.363929146537842,37.81,-121.82,4.854,3.668170104423704,3.3762206762015765,3.6537787303871134,4.088347826086957
11020,10.157,8.0,9.180451127819548,1.1077694235588973,2569.0,3.219298245614035,33.83,-117.81,4.771,4.2240884176972,4.207537815802867,4.550219137600195,4.474127083333335
2910,1.8362,36.0,4.7250608272506085,1.0072992700729928,1051.0,2.557177615571776,35.36,-119.04,0.669,1.1303986040188863,0.9383599265480014,1.1593978057349754,0.656358695652174
10154,9.0055,28.0,7.573033707865169,0.9719101123595506,947.0,2.6601123595505616,33.88,-117.9,3.754,4.017066985143833,3.9322859583539946,4.105858936916305,4.9815094117647085
230,4.1739,40.0,4.51063829787234,1.0893617021276596,667.0,2.8382978723404255,37.79,-122.2,1.696,2.659082846839976,2.635249845579131,2.4030756272025577,2.2826481481481484
20362,5.2955,23.0,6.8311688311688314,1.0493506493506493,1184.0,3.0753246753246755,34.17,-118.95,2.476,2.7877066574980987,2.929730192752819,2.702769805928555,2.5369416788321173
11199,2.8072,23.0,4.1120401337792645,1.1521739130434783,2720.0,4.548494983277592,33.83,-117.9,1.647,1.7661500479044072,1.6530941425868848,1.6627084549491293,1.575285714285714
3784,3.3177,46.0,4.45982905982906,1.0136752136752136,1055.0,1.8034188034188035,34.16,-118.38,3.094,2.1502091499899816,2.461691480396282,1.9341224036611648,3.2665631250000007
14538,5.1433,16.0,6.306264501160093,1.0162412993039442,1515.0,3.51508120649652,32.93,-117.15,1.853,2.427797711843538,2.364099737144862,2.286524150867848,1.7926818181818178
5572,5.1727,35.0,5.463414634146342,0.989159891598916,1083.0,2.934959349593496,33.86,-118.3,2.302,2.8197637963179885,2.976785192625478,2.6338758651427416,2.6725964912280706
7324,2.3444,30.0,3.18348623853211,1.0513761467889908,2237.0,4.104587155963303,33.98,-118.18,1.561,1.7231612677558563,1.640916380332461,1.6181928319984782,1.3590212765957446
11478,6.7418,23.0,6.952461799660441,0.9813242784380306,1766.0,2.99830220713073,33.73,-118.01,3.025,3.1445058987124934,3.2471228645268435,3.036927079644512,3.4001707317073167
13908,3.2723,9.0,6.34640522875817,1.1398692810457516,2098.0,2.742483660130719,34.09,-116.4,0.978,0.8014263118080458,1.0619551640161844,0.9178308350777642,1.1491942446043166
17927,3.925,37.0,5.4672897196261685,1.0124610591900312,699.0,2.177570093457944,37.35,-121.96,2.513,2.42291683840354,2.4929484914644067,2.2372422964620307,3.2580940654205603
16769,3.775,47.0,5.419117647058823,0.9264705882352942,370.0,2.7205882352941178,37.7,-122.47,2.813,2.4644725518759305,2.50249845002694,2.2725650628093668,2.8717999999999995
14800,2.1179,18.0,4.107583774250441,1.0229276895943562,1538.0,2.7125220458553794,32.59,-117.11,1.531,1.4943747455046823,1.3734810534441542,1.5181935743668395,1.171109589041096
15829,4.0625,52.0,4.156118143459915,1.0443037974683544,871.0,1.8375527426160339,37.75,-122.43,3.556,2.8538847519741655,3.3704638915935026,2.606559344510418,3.6249470270270288
9572,3.003,18.0,4.571428571428571,1.1428571428571428,520.0,3.3766233766233764,37.35,-120.57,1.013,1.4303581471710367,1.2699484253786002,1.3176474719244329,1.2356410256410257
7702,4.4732,36.0,5.7701492537313435,1.017910447761194,958.0,2.8597014925373134,33.96,-118.13,2.66,2.3851377335448354,2.410600311566044,2.1739715241912654,2.3668121212121216
19646,3.4167,44.0,5.068376068376068,0.9615384615384616,687.0,2.9358974358974357,37.49,-120.79,1.607,1.7033816440159557,1.4121055160891829,1.484053675142377,2.0675079006772012
5460,2.6042,37.0,3.5088195386702847,1.0379918588873813,1801.0,2.4436906377204886,34.0,-118.47,3.058,1.9813150386830825,2.2551268924515173,1.836200527673622,2.704666781609195
12280,3.7083,26.0,8.525423728813559,1.1694915254237288,293.0,4.966101694915254,33.92,-116.99,1.475,1.2399103753398242,1.1721289679343245,1.2237730171719998,1.1491942446043166
11149,3.4583,31.0,4.4674556213017755,1.0591715976331362,1617.0,3.1893491124260356,33.84,-117.96,1.863,2.048267037826272,2.020298436571621,1.8737272558491926,1.6980914893617025
17116,2.6506,33.0,4.327464788732394,1.0,3091.0,3.6279342723004695,37.47,-122.16,1.626,1.9694339252900424,1.725101554978145,1.871213088012078,1.6771111111111112
6388,7.1615,36.0,6.226666666666667,0.9688888888888889,667.0,2.9644444444444447,34.16,-118.03,4.847,3.369512214389978,3.1690857684948606,3.1599703134410255,3.964431428571428
14409,3.4527,22.0,4.708624708624709,1.0862470862470863,1010.0,2.3543123543123543,32.78,-117.22,1.75,2.0779110466025434,2.2284610645358955,1.955210645618556,1.4535
12128,4.0473,9.0,5.479078514339445,0.9873060648801129,7596.0,3.571227080394922,33.91,-117.23,1.272,1.558090965153429,1.2067147903494264,1.5295564963423334,1.1491942446043166
10168,5.3738,35.0,6.444776119402985,1.0238805970149254,833.0,2.4865671641791045,33.88,-117.94,3.651,2.6537167110532565,2.75263336614685,2.4241943386976814,2.85207862745098
11747,4.2143,22.0,6.425233644859813,1.0116822429906542,1161.0,2.7126168224299065,38.84,-121.14,2.365,1.3041520057928293,1.3346571393712503,1.1733214943594779,1.7884230769230764
17616,4.1674,10.0,3.9686323713927227,1.0439146800501882,1537.0,1.9284818067754077,37.28,-121.93,2.14,2.494124635134098,2.6546747515241753,2.3556021671057854,2.3425576923076923
17570,4.8519,46.0,5.470982142857143,1.0535714285714286,1163.0,2.595982142857143,37.32,-121.94,2.258,2.959554359459432,3.2152388230125943,2.7549208119908823,2.974310344827586
2626,4.0357,17.0,6.472843450479234,1.0798722044728435,873.0,2.7891373801916934,40.74,-124.17,1.289,1.7397730071784163,1.5209633204909012,1.5717363274456582,1.7754074074074069
14694,3.5562,16.0,3.411602209944751,1.1464088397790055,1170.0,1.6160220994475138,32.78,-117.11,0.735,2.227642695903795,2.7204861331356422,2.06146916436235,1.4535
9757,3.2219,31.0,4.825958702064897,1.12094395280236,1468.0,4.330383480825959,36.51,-121.44,1.147,2.3311020859413096,2.14933278903637,2.205133020513817,1.6980914893617025
17553,2.375,41.0,2.1467391304347827,0.8913043478260869,549.0,2.983695652173913,37.33,-121.88,1.75,2.0521468879142923,2.0979785530743094,1.8530348238806367,1.3244647887323941
3585,3.2289,21.0,4.478176527643065,1.0678952473326868,2891.0,2.8040737148399613,34.22,-118.52,3.181,1.9357364208069021,1.9642645767947566,1.8347587951822324,2.0675079006772012
16057,3.5909,52.0,5.488997555012225,1.039119804400978,1091.0,2.667481662591687,37.76,-122.49,3.312,2.4923061509998554,2.6427840394561177,2.284882795221547,3.162777777777777
20228,2.3147,38.0,3.2213225371120107,1.00944669365722,1537.0,2.0742240215924426,34.28,-119.29,1.925,2.1141853941921003,2.58878943013866,2.0017359792641187,2.704666781609195
15533,2.3171,7.0,4.399752475247524,1.0627062706270627,4917.0,2.0284653465346536,33.14,-117.1,1.595,1.2322362926432076,0.9971353802875148,1.3315383574068025,1.3769230769230767
7796,3.8672,42.0,4.416666666666667,0.9824561403508771,776.0,3.4035087719298245,33.9,-118.07,1.627,2.3083532387991195,2.2476009325465918,2.070994364565557,1.6980914893617025
12637,3.2702,24.0,4.955882352941177,0.9705882352941176,2048.0,4.302521008403361,38.48,-121.47,0.673,1.3358714635255395,1.0437565531972122,1.2460690302006512,1.0670555555555559
12932,4.6437,19.0,6.095833333333333,0.9916666666666667,1349.0,2.810416666666667,38.65,-121.23,2.129,1.6106557465716453,1.4993252138196136,1.4035088068232429,1.2927499999999998
15056,3.0927,23.0,4.791181364392679,1.0465890183028286,3108.0,2.5856905158069883,32.79,-116.93,1.406,1.749825839184018,1.660341197660851,1.6812565625115607,1.62219512195122
13337,3.9107,27.0,5.572815533980583,1.0,321.0,3.116504854368932,34.04,-117.68,1.865,1.8271844269328092,1.6906593486771544,1.6571263713390003,1.4830576923076921
9362,6.6125,42.0,6.256484149855908,1.043227665706052,887.0,2.5561959654178676,37.93,-122.53,3.932,3.606137792362031,3.773367079024254,3.5343561376510992,3.4203333333333332
16262,2.0817,40.0,4.565683646112601,0.9705093833780161,1208.0,3.2386058981233243,37.95,-121.25,0.553,1.1387991385002738,0.8175116680586669,1.117090497196891,0.8206028708133976
5345,4.925,46.0,5.523809523809524,1.010989010989011,639.0,2.340659340659341,34.04,-118.42,4.098,2.8047202807336564,3.1361380849252933,2.574332070221819,3.2580940654205603
6482,3.4286,32.0,4.345771144278607,0.9925373134328358,1199.0,2.982587064676617,34.09,-118.02,1.918,1.930139739199281,1.8434021170720492,1.7512928386791664,2.0675079006772012
16447,3.3987,37.0,5.700869565217391,1.0834782608695652,1431.0,2.488695652173913,38.14,-121.28,0.995,1.5844497872064451,1.39643932371146,1.4038541457686717,1.380823182711198
10221,1.9127,15.0,2.843642611683849,1.0756013745704467,1549.0,2.661512027491409,33.88,-117.89,1.75,1.367175993621506,1.5501305671882761,1.3608328754161358,2.4546666666666663
12044,4.0556,16.0,4.979779411764706,0.9237132352941176,2690.0,2.4724264705882355,33.89,-117.51,1.58,1.7853237507225845,1.6587510881620944,1.6643563885703925,1.62219512195122
4936,1.8917,43.0,3.5139664804469275,1.0642458100558658,1276.0,3.564245810055866,34.0,-118.27,1.069,1.6502781241209608,1.5620149387106377,1.5425503498777853,1.1610000000000003
7704,4.0536,34.0,5.455268389662028,1.0755467196819086,1333.0,2.650099403578529,33.96,-118.14,2.772,2.2657100366174423,2.3303016557018803,2.069353065796006,2.71530025
5671,4.1451,26.0,5.906318082788671,1.1067538126361656,1372.0,2.9891067538126364,33.72,-118.31,3.267,2.3709904154097066,2.429276301678586,2.24149016657186,2.1734680851063817
2066,2.2466,30.0,5.277258566978193,0.9719626168224299,1008.0,3.1401869158878504,36.64,-119.82,0.96,0.9594059557066026,0.781291396158831,1.0259574420524062,0.5950161290322581
3472,9.2873,26.0,7.772805507745267,1.0516351118760758,1714.0,2.9500860585197937,34.29,-118.49,4.318,4.2430483410303825,4.261341928130913,4.503437489786393,4.9815094117647085
19189,3.2415,32.0,5.230235783633842,1.027739251040222,1786.0,2.4771151178918167,38.44,-122.67,1.722,1.9559219990221959,1.765213256537655,1.802009505980974,1.7754074074074069
13060,3.1194,17.0,4.760683760683761,1.0769230769230769,848.0,2.415954415954416,38.6,-121.28,1.125,1.1837981656860386,1.2330136343139917,1.117651744516703,1.3415
13980,1.6875,38.0,17.26923076923077,4.980769230769231,106.0,2.0384615384615383,34.19,-116.88,2.25,2.206037890281226,2.2578895996611887,1.7831325916474294,0.621
18456,5.4193,17.0,5.789340101522843,0.9111675126903553,1226.0,3.1116751269035534,37.23,-121.79,2.595,2.752123916324811,2.6455155166385573,2.619634717909044,2.5369416788321173
16097,4.1419,45.0,5.32484076433121,1.0955414012738853,838.0,2.6687898089171975,37.75,-122.5,2.915,2.744930760580894,2.9174451586725327,2.5405325784225132,3.0136000000000003
3226,1.5433,11.0,4.462068965517242,1.0827586206896551,713.0,2.4586206896551723,36.32,-119.65,0.504,0.709998614030207,0.8940319906405123,0.9105992173504915,0.656358695652174
17488,3.6034,16.0,3.2209567198177678,1.0546697038724373,793.0,1.806378132118451,34.44,-119.82,1.5,2.679073393016031,3.341502198812993,2.621247440428395,2.9370703488372105
8157,4.6087,36.0,5.790067720090294,1.0338600451467268,1155.0,2.6072234762979685,33.81,-118.12,2.246,2.515089892887615,2.654522741811893,2.31540587797915,2.684588697916666
19004,4.0458,12.0,5.253073770491803,1.0225409836065573,2749.0,2.8165983606557377,38.32,-121.96,1.306,1.8547093465730784,1.716153951696478,1.706319603881811,1.380823182711198
19990,3.335,11.0,5.379073756432247,1.0634648370497428,2013.0,3.452830188679245,36.19,-119.32,0.697,1.2909964808107044,1.274019137946131,1.260002833505391,0.8624959349593496
18634,5.2486,19.0,6.1676829268292686,1.1951219512195121,955.0,2.9115853658536586,37.05,-121.99,3.53,3.0342624626036803,3.0992693629121795,2.9623112835277032,2.6725964912280706
18126,5.1602,16.0,4.280487804878049,1.0,674.0,1.6439024390243901,37.34,-122.03,2.312,2.946002355353748,3.0987434365432063,2.8038492870449603,2.2561818181818185
6224,4.1731,36.0,5.491803278688525,0.9057377049180327,848.0,3.4754098360655736,34.05,-117.93,2.051,2.0704985747841276,1.8736067904398745,1.8676500853372073,2.1734680851063817
18319,5.316,33.0,5.210862619808307,1.0670926517571886,1411.0,2.253993610223642,37.43,-122.12,3.981,3.1166298162411974,3.353379390224574,2.9709774097629,3.8553143749999994
6105,4.05,35.0,4.94006309148265,1.0126182965299684,1396.0,4.403785488958991,34.12,-117.89,1.413,2.106168094135563,1.7498008945215227,1.87789043285557,1.6980914893617025
16306,4.0221,16.0,4.6767676767676765,1.1616161616161615,451.0,2.2777777777777777,38.01,-121.36,1.733,1.9394357455151754,1.7709627398462988,1.6948185422166504,1.1088
1957,2.9844,31.0,5.301020408163265,1.0476190476190477,1606.0,2.7312925170068025,38.73,-120.78,1.279,0.8957037445005871,0.8660725763173824,0.8940688394445915,1.1184398496240606
487,2.9405,52.0,5.5581737849779085,1.0957290132547866,1461.0,2.1516936671575846,37.86,-122.26,2.895,2.095625928949648,2.180699738626795,1.895872828042307,2.1947857142857146
16384,3.175,8.0,4.802056555269923,1.0077120822622108,1258.0,3.2339331619537277,38.02,-121.28,0.959,1.30168474791836,1.3249739116179153,1.2656302112229278,1.0670555555555559
20569,4.1997,17.0,5.732758620689655,1.0603448275862069,2866.0,3.0883620689655173,38.66,-121.76,1.334,1.7121644019702347,1.5710991921025774,1.5372967615075224,1.7891666666666666
8091,3.5054,33.0,3.99375,0.971875,1157.0,3.615625,33.82,-118.21,1.468,2.195154522922582,2.1327770031876745,2.0178796879334246,1.6980914893617025
5848,3.1587,11.0,3.656874265569918,1.045828437132785,1700.0,1.9976498237367804,34.18,-118.31,1.813,1.8219750887908348,2.0450965162848216,1.7217551696584703,2.3456521739130434
12300,1.4556,32.0,4.356449375866852,1.1262135922330097,2589.0,3.590846047156727,33.93,-116.87,0.546,0.711711599759534,0.4807977293479293,0.8725919254832775,0.9232307692307692
20028,1.8857,31.0,4.655172413793103,1.0517241379310345,1154.0,3.3160919540229883,36.08,-119.01,0.555,0.8292496493541863,0.6609511373215007,0.9249240995045585,0.5282911392405063
11044,3.6953,23.0,4.119850187265918,1.0674157303370786,940.0,3.5205992509363297,33.82,-117.83,1.5,2.078352906854203,1.9629441259996143,1.8886901606779816,1.6980914893617025
12696,2.2452,35.0,6.136842105263158,1.0157894736842106,574.0,3.0210526315789474,38.6,-121.42,1.028,0.8081557537636503,0.7302371144019797,0.9028097722884043,0.8206028708133976
6023,1.6645,35.0,4.144230769230769,1.0865384615384615,1494.0,4.788461538461538,34.05,-117.75,0.933,1.1589999520587861,0.6585398250859118,1.1791749643126912,0.9083452380952383
13660,4.6708,17.0,6.071672354948806,0.9965870307167235,1006.0,3.4334470989761092,34.02,-117.32,1.231,1.8565391272759129,1.7172845987012109,1.6753675532824688,1.3805932203389832
13213,2.9811,17.0,5.747545582047686,1.0280504908835906,1859.0,2.6072931276297333,34.04,-117.71,2.318,1.3249582893994263,1.1809224374679559,1.335988997193612,1.484
10928,3.425,28.0,4.841726618705036,1.0467625899280575,1575.0,5.66546762589928,33.75,-117.9,1.595,1.951391490543866,1.4596444295945536,1.810512376080121,1.6980914893617025
2783,2.1212,16.0,5.330532212885154,1.112044817927171,1501.0,2.1022408963585435,37.35,-118.18,1.083,-0.13653707171387097,0.9038986672112486,0.3579658524905055,1.13946511627907
20045,1.3952,41.0,4.459882583170255,1.0528375733855186,1908.0,3.7338551859099804,36.06,-119.02,0.431,0.7411023876362681,0.3983107872578109,0.8698773845725216,0.5282911392405063
19869,3.1486,14.0,5.218340611353712,0.9606986899563319,568.0,2.480349344978166,36.33,-119.35,1.056,1.1364799870125082,1.30501933647004,1.1383047448099157,0.8624959349593496
6309,3.185,30.0,4.7633262260127935,1.0223880597014925,4027.0,4.29317697228145,34.04,-117.99,1.683,1.7708942455385237,1.5154256612494903,1.6681205318298837,1.6980914893617025
17413,2.7377,29.0,6.276716206652512,1.1019108280254777,12427.0,4.397381457891012,34.7,-120.59,0.283,2.2692808971801193,1.3806850497781626,2.4577136840277447,1.2356410256410257
10511,6.0868,17.0,6.29338327091136,0.9712858926342073,2396.0,2.9912609238451937,33.53,-117.69,2.829,2.8096146297819233,2.808406043444373,2.664949704895599,2.669019607843137
20253,4.5,17.0,5.2625169147496615,1.0121786197564275,2415.0,3.2679296346414075,34.23,-119.19,2.343,2.6125052711991597,2.684429357230878,2.5533415193237268,1.782850000000001
19052,2.625,32.0,5.320284697508897,1.1850533807829182,905.0,3.2206405693950177,38.25,-121.76,2.125,1.47566096513112,1.2076394154219023,1.3595568508413582,1.1184398496240606
4336,2.1766,36.0,2.8355555555555556,1.1177777777777778,1502.0,3.3377777777777777,34.08,-118.3,2.056,1.8153907413797266,1.980645867999033,1.6628995895980707,1.910161290322581
19666,4.601,34.0,6.3203285420944555,0.9794661190965093,1226.0,2.517453798767967,37.51,-120.83,1.5,2.006483826848167,1.8311439595394354,1.7519711948910057,2.684588697916666
1020,3.8523,25.0,5.5,1.1807909604519775,900.0,2.542372881355932,37.66,-121.78,1.93,2.1915023588820604,2.089338830132866,1.9874737609091535,1.380823182711198
9188,4.1932,52.0,3.568888888888889,1.1866666666666668,628.0,2.7911111111111113,34.24,-117.86,0.14999,2.5849928116139402,2.5316849193514024,2.1973829003628826,2.974310344827586
6484,2.6917,24.0,4.351464435146443,1.0753138075313808,1976.0,4.133891213389122,34.09,-118.02,1.7,1.5802041319226219,1.3316854108561431,1.5074128578244728,1.593
14540,4.4615,16.0,4.774818401937046,0.9733656174334141,1377.0,3.334140435835351,32.92,-117.15,1.683,2.2822924061588967,2.2289667810309526,2.1304049256989215,1.797610169491524
3274,3.2216,20.0,5.371428571428571,1.0904761904761904,621.0,2.9571428571428573,39.05,-122.91,0.935,1.7107103221750626,1.4672448886436105,1.579838988314005,1.7754074074074069
20491,3.5313,15.0,5.306425041186161,1.085667215815486,1390.0,2.2899505766062602,34.27,-118.67,1.918,1.9737718274339424,2.0164555773417563,1.8838124488004158,2.3425576923076923
11145,4.765,23.0,5.7707182320441985,1.0414364640883977,1085.0,2.9972375690607733,33.85,-117.98,1.815,2.3883780419659164,2.361018759161258,2.201457508067067,2.1734680851063817
3882,5.0282,35.0,5.6415929203539825,0.9823008849557522,959.0,4.243362831858407,34.22,-118.52,1.954,2.6675134385626205,2.504084899793817,2.459367729272463,2.1734680851063817
15105,3.3067,17.0,4.849181360201511,1.0327455919395465,7302.0,2.2991183879093198,32.83,-117.01,1.219,1.779905824141895,1.5093483329351982,1.7658444169225378,1.8546923076923076
15418,3.9815,26.0,6.072507552870091,1.0483383685800605,1160.0,3.504531722054381,33.22,-117.25,1.426,1.980122823105659,1.8143915069030052,1.8397310226393864,2.0730226666666662
4877,2.1944,50.0,2.3684210526315788,1.1710526315789473,356.0,4.684210526315789,34.02,-118.25,1.583,2.059927419326932,1.9039724119964472,1.8069436954472478,1.5112658227848106
7427,2.1406,41.0,3.67027027027027,0.9945945945945946,788.0,4.2594594594594595,33.95,-118.2,1.653,1.65785086348347,1.3232383865408512,1.5502838933272174,1.4366436781609198
4525,2.1923,52.0,3.0106761565836297,0.9644128113879004,1153.0,4.103202846975089,34.04,-118.21,1.55,1.8120867861496488,1.648265337497415,1.6319589070370348,1.4618837209302329
16365,2.7981,24.0,4.729237770193402,1.081911262798635,2734.0,3.110352673492605,38.02,-121.31,0.921,1.365707567207194,1.2391800654820957,1.2935369146085614,1.1184398496240606
2736,1.6667,50.0,4.711678832116788,1.010948905109489,864.0,3.153284671532847,32.79,-115.57,0.681,0.7671734983690981,0.35905033165437916,0.8651646057192615,0.6719375
9282,4.6463,22.0,5.3963636363636365,1.0454545454545454,5600.0,2.5454545454545454,38.1,-122.58,2.763,2.578077897512788,2.676800101347932,2.4584794251339774,2.2826481481481484
134,8.2049,28.0,6.978947368421053,0.968421052631579,463.0,2.4368421052631577,37.83,-122.19,3.352,3.9325870614762732,3.759506425579315,3.995386032980533,3.599555555555556
15168,1.9176,24.0,4.23469387755102,0.9693877551020408,279.0,1.4234693877551021,33.02,-117.06,1.211,1.2101502664005066,1.3541453332642022,1.2587966416344543,1.343294117647059
16403,3.225,35.0,6.570093457943925,1.0934579439252337,290.0,2.710280373831776,38.04,-121.19,1.771,1.3921663237947575,1.2663117122684777,1.2796780824328566,1.380823182711198
5597,1.3333,26.0,2.1339285714285716,1.2053571428571428,165.0,1.4732142857142858,33.8,-118.23,1.875,1.591365912807896,2.255705605907457,1.5121421646487794,1.5112658227848106
12585,4.6923,39.0,5.566433566433567,1.0367132867132867,1188.0,2.076923076923077,38.53,-121.5,1.92,2.0979014543936634,1.7709766352103116,1.7563077929945399,1.736
5701,5.5362,30.0,5.498666666666667,1.056,1089.0,2.904,34.22,-118.25,3.012,2.809520226747196,2.7697976701062546,2.569982544777698,3.0211829032258066
13348,4.1779,10.0,5.817850637522769,1.0546448087431695,2088.0,3.80327868852459,34.03,-117.64,1.591,1.7751757199963147,1.640453105506686,1.664754848773058,1.6212499999999999
16912,12.6417,39.0,9.10997442455243,1.0,1139.0,2.9130434782608696,37.56,-122.34,5.00001,5.967509164858679,6.115946292738178,8.133863774504643,4.999921329113908
16976,4.0,37.0,4.341389728096677,0.9214501510574018,979.0,2.9577039274924473,37.57,-122.31,2.737,2.5802666596713113,2.576000650321387,2.3923752586956746,2.0675079006772012
18399,5.4218,16.0,6.0710227272727275,1.015625,2240.0,3.1818181818181817,37.23,-121.76,2.339,2.7752720282515018,2.688581254698531,2.6541302702379586,2.7361999999999997
15624,2.5875,52.0,3.2874493927125505,1.0202429149797572,629.0,2.5465587044534415,37.8,-122.41,5.00001,2.248700438516674,2.465997405876628,2.010702214547147,2.5911111111111107
8132,4.8917,45.0,5.918088737201365,1.129692832764505,797.0,2.720136518771331,33.83,-118.12,2.228,2.7807787768152377,3.0254228777179994,2.5422096892651203,2.974310344827586
13789,3.599,6.0,6.659670164917541,1.2646176911544227,3767.0,2.8238380809595203,34.44,-117.62,1.402,1.3564209857349887,1.4198905300167772,1.3446113475882342,1.4830576923076921
10906,2.7059,19.0,3.8048780487804876,1.0884146341463414,1214.0,3.701219512195122,33.74,-117.85,1.598,1.691890042362434,1.5906818271480034,1.6027154718049719,1.6381940298507462
4972,2.125,38.0,3.7598647125140925,1.0383314543404736,3612.0,4.072153325817362,34.0,-118.28,1.188,1.6535178486029503,1.5196851689583706,1.5824244155905145,1.1610000000000003
8941,4.0,48.0,5.4485049833887045,1.069767441860465,664.0,2.2059800664451825,34.01,-118.46,5.00001,2.494829619445958,2.858612914686515,2.272173030090641,3.2580940654205603
12700,3.4784,36.0,4.974317817014446,0.971107544141252,1322.0,2.1219903691813804,38.61,-121.41,1.055,1.4726770838470982,1.2797632220903552,1.2915536935825669,1.661807692307692
4205,2.8667,43.0,4.106813996316759,1.0736648250460405,1667.0,3.0699815837937385,34.11,-118.25,2.178,1.9680986938250418,2.037627945987325,1.7809039863477012,2.1658684868421063
4590,1.1122,52.0,2.6440677966101696,1.2824858757062148,990.0,2.7966101694915255,34.06,-118.28,1.875,1.6486836898732742,2.142926254255552,1.4959665289992077,2.321653194444445
1579,7.3732,16.0,7.199524940617577,1.0403800475059382,1087.0,2.5819477434679334,37.88,-122.02,2.873,3.3753868383601806,3.1839203669279046,3.2676076593536187,4.245199999999999
2968,4.0327,5.0,5.283908045977012,1.2310344827586206,1916.0,2.2022988505747128,35.35,-119.1,1.31,1.9504754476977075,2.1000193233442825,1.8022176592267742,2.3425576923076923
12554,1.0208,29.0,4.9543726235741445,1.1711026615969582,861.0,3.273764258555133,38.55,-121.47,0.558,0.5091128553960931,0.4089304853054567,0.7480107703948422,0.8206028708133976
6290,4.6587,36.0,5.002232142857143,0.9352678571428571,1743.0,3.890625,34.05,-117.92,1.619,2.3642592762747086,2.1281799441902303,2.118350851529735,1.782850000000001
485,1.6307,35.0,2.962686567164179,1.0011481056257177,3276.0,1.8805970149253732,37.86,-122.26,2.536,1.5859249701271747,1.7082623451035,1.5223444382694322,3.0353366666666663
7786,3.1897,36.0,4.380753138075314,0.9497907949790795,975.0,4.079497907949791,33.9,-118.05,1.55,1.913415911153065,1.6246545380165394,1.7562021403176127,1.6980914893617025
967,6.5214,16.0,7.053726169844021,1.0814558058925476,1543.0,2.6741767764298094,37.67,-121.88,3.115,3.0695407702321242,2.9702341586512127,2.924404270071546,3.9406030000000003
11838,1.8914,25.0,4.944320712694878,1.1380846325167038,912.0,2.0311804008908685,39.93,-120.98,0.878,0.048661588079562446,0.7558769292069771,0.4224113656082064,0.6606528099173556
9469,2.7813,36.0,4.65034965034965,0.9545454545454546,761.0,2.660839160839161,39.44,-123.79,1.058,1.8699240209249015,1.5663327863528982,1.7199438770473172,0.9439714285714282
10110,3.1378,13.0,4.135957066189624,1.0590339892665475,2038.0,3.6457960644007157,33.92,-117.95,1.37,1.7298193094576688,1.6514550251735414,1.6470260634623797,1.6980914893617025
6544,2.5562,34.0,3.1692913385826773,1.0098425196850394,2050.0,4.035433070866142,34.05,-118.02,1.563,1.7281559916022489,1.585090507614422,1.5899464004874884,1.3590212765957446
7306,3.1979,35.0,3.2950819672131146,0.9528688524590164,2140.0,4.385245901639344,33.99,-118.2,1.547,2.0675021641085465,1.9147812719733732,1.8854431559404743,1.6980914893617025
1947,4.0,13.0,6.40952380952381,1.119047619047619,1302.0,3.1,38.71,-120.87,1.674,1.1423223245778984,1.338986230201843,1.0737301377519515,1.380823182711198
16131,4.1148,52.0,4.803076923076923,1.082051282051282,2246.0,2.3035897435897437,37.79,-122.48,4.578,2.827586661265527,3.3787685006855925,2.6091940916719025,4.5428706666666665
8645,5.2319,38.0,6.11734693877551,1.0994897959183674,911.0,2.3239795918367347,33.87,-118.4,5.00001,2.922933793953936,3.292998889337722,2.7506207098390907,3.8499041935483875
2225,7.7062,18.0,7.662087912087912,1.0384615384615385,937.0,2.5741758241758244,36.81,-119.84,1.883,2.9897230441955185,2.5442842069351954,2.66256272175909,3.21447619047619
4328,3.2426,50.0,3.8567741935483872,1.0735483870967741,1345.0,1.735483870967742,34.08,-118.33,4.429,2.2882197731015883,2.842588328624922,2.038208434942806,3.2665631250000007
3533,10.9052,23.0,8.464163822525597,1.0102389078498293,1929.0,3.2918088737201363,34.26,-118.54,5.00001,4.854744645950907,4.820222945456182,5.622477625291664,4.999921329113908
8870,6.6343,52.0,7.166189111747851,1.0372492836676217,748.0,2.1432664756446993,34.06,-118.4,5.00001,3.4314125371898334,4.010001568011965,3.2849705838939744,4.441175517241381
18515,2.1734,21.0,3.905263157894737,1.0368421052631578,984.0,2.5894736842105264,36.98,-122.02,1.875,1.872472734403029,1.7572374850518184,1.827946943847211,1.3131571428571425
19815,1.8163,33.0,4.883720930232558,1.0963455149501662,1222.0,4.059800664451827,36.54,-119.28,0.574,0.7455558284956856,0.49006009360089475,0.8620660464689269,0.5282911392405063
18349,4.0972,24.0,4.130526315789473,1.2021052631578948,7174.0,7.551578947368421,37.43,-122.17,3.875,2.712539368774048,3.7106269675025283,2.618526284046695,2.415133333333334
10510,6.5394,20.0,6.221830985915493,0.9859154929577465,801.0,2.8204225352112675,33.54,-117.69,2.72,3.0617805809324063,3.059845835069856,2.901942285851767,3.109866666666667
14165,2.65,38.0,4.6887966804979255,0.946058091286307,699.0,2.900414937759336,32.77,-117.07,1.676,1.7038519737045044,1.5876543848108955,1.6150335330436603,1.3503230769230767
6921,6.2319,10.0,6.415520628683693,1.0176817288801572,2975.0,2.9223968565815324,34.01,-118.03,4.037,2.772947866999774,2.7541107886892418,2.628174404488104,2.6474784782608687
4448,1.7292,47.0,3.628032345013477,1.0323450134770888,1452.0,3.9137466307277626,34.07,-118.21,1.917,1.5202179289013524,1.2755569434063718,1.4344168158445916,1.4366436781609198
10418,4.0294,23.0,6.105747126436782,1.1839080459770115,998.0,2.2942528735632184,33.42,-117.62,5.00001,2.1556231796985093,2.2498055533571724,2.0026426784632423,3.7063350000000006
6173,4.5078,36.0,5.6887966804979255,1.020746887966805,806.0,3.3443983402489628,34.08,-117.93,1.871,2.2743984958885637,2.11445575859109,2.0316719011996973,2.1734680851063817
19053,3.2937,33.0,5.317647058823529,1.0676470588235294,824.0,2.4235294117647057,38.16,-121.69,0.964,1.704190280418467,1.5316306815071936,1.523990935326105,1.380823182711198
9444,2.662,13.0,7.1078838174273855,1.4107883817427387,643.0,2.66804979253112,37.57,-119.82,0.924,0.7103771776446912,1.104779781883874,0.8354255010535141,1.539
20266,3.087,46.0,4.3965884861407245,1.0319829424307037,1522.0,3.2452025586353943,34.21,-119.18,2.139,2.3887812979298912,2.6764888780810194,2.2412952998539954,2.1806669696969703
13522,6.1426,17.0,6.304964539007092,0.9290780141843972,439.0,3.1134751773049647,34.23,-117.41,1.55,2.3884155663032196,2.153529795809729,2.098498990519761,2.669019607843137
6114,3.1597,37.0,4.237647058823529,0.9929411764705882,1564.0,3.68,34.13,-117.9,1.33,1.7997260716213321,1.5615193083296774,1.626427142124748,1.6980914893617025
4602,1.2012,12.0,1.4657534246575343,0.8986301369863013,1194.0,3.271232876712329,34.05,-118.27,2.75,1.1421175874379905,1.2620584110443414,1.225525012090377,1.4618837209302329
6978,3.8275,32.0,5.152400835073069,1.1524008350730688,1190.0,2.4843423799582465,33.97,-118.03,2.385,2.1913236085947236,2.285282782304048,1.9838430022835727,2.112
16415,3.1719,42.0,5.0,1.0,256.0,2.752688172043011,37.88,-121.26,1.583,1.6542953758169223,1.3910293304909764,1.4525772832637474,1.1340000000000001
2549,1.9688,43.0,4.740663900414938,0.9937759336099585,1169.0,2.425311203319502,40.79,-124.17,0.705,1.1911224232803743,0.8487627561821436,1.1417243048999173,0.7766740740740745
11025,4.1339,26.0,4.280388978930308,1.0259319286871962,3657.0,5.927066450567261,33.79,-117.82,2.223,2.2462847314261922,2.0253808795112493,2.0633666210114314,1.782850000000001
18159,6.4913,28.0,6.8975069252077565,0.9556786703601108,948.0,2.6260387811634347,37.36,-122.03,4.119,3.290059756780235,3.404384927199618,3.221660658807041,3.5768461538461542
3704,2.6696,19.0,4.099290780141844,1.1645390070921986,2203.0,3.124822695035461,34.19,-118.37,1.851,1.7355584347093647,1.803721716296216,1.6511740379793611,2.1658684868421063
8188,4.6133,29.0,5.5625,0.9924242424242424,1132.0,2.143939393939394,33.79,-118.13,5.00001,2.4591114678261845,2.625817711036486,2.2814277794989253,3.2580940654205603
14875,2.1281,33.0,3.8342175066313,1.0517241379310345,1607.0,2.1312997347480107,32.63,-117.08,1.398,1.6731859158879527,1.8234943035890798,1.610439711532285,0.9083452380952383
16694,2.9615,19.0,5.381386861313868,1.2080291970802919,1425.0,2.6003649635036497,35.12,-120.65,1.781,2.344349212465151,2.413130481517287,2.3359120052223705,1.2356410256410257
19210,2.905,41.0,4.310043668122271,1.0524017467248907,965.0,2.106986899563319,38.46,-122.71,1.593,2.037180666535888,2.0286423620793848,1.8283335648219272,2.4820000000000007
7285,2.2054,45.0,3.7241379310344827,0.9540229885057471,1288.0,4.934865900383142,33.98,-118.24,1.25,1.6887634805286502,1.2148247260891765,1.5741850850404528,1.1610000000000003
14585,5.5277,30.0,5.781902552204176,0.9419953596287703,1250.0,2.9002320185614847,32.84,-117.19,1.971,2.8007643411635303,2.9143017394721697,2.6313752801384998,2.5844
13551,1.4663,38.0,3.810725552050473,1.0126182965299684,1225.0,3.864353312302839,34.11,-117.31,0.64,0.8702697050929169,0.4913170345196458,0.9595155262235542,0.9083452380952383
7884,3.3304,20.0,4.425790754257908,1.0559610705596107,2326.0,2.829683698296837,33.87,-118.13,1.946,1.9475045171935839,1.9717978443523259,1.8370442766329536,2.0675079006772012
9999,3.0781,7.0,5.4875,1.05,246.0,3.075,39.09,-121.0,1.625,0.6290684882603119,1.2812881678899928,0.7660878974006997,1.380823182711198
2904,1.7321,45.0,4.525179856115108,1.0287769784172662,568.0,4.086330935251799,35.37,-119.01,0.844,1.19105886931592,0.7198880817143389,1.172530542244992,0.5282911392405063
20588,2.0474,5.0,4.378132118451025,1.1138952164009113,938.0,2.1366742596810933,39.15,-121.59,0.613,0.5666254598004823,1.155713374951238,0.7675293271527965,0.8601019387755103
16961,5.012,41.0,3.902325581395349,0.8837209302325582,419.0,1.9488372093023256,37.53,-122.29,3.682,3.1106338205340522,3.4166798724090217,2.9247052792261625,3.6249470270270288
12143,3.9052,2.0,6.237741456166419,1.1961367013372957,1943.0,2.887072808320951,33.82,-117.21,1.221,1.5392414106134584,1.633269015020977,1.481248178627541,1.1491942446043166
19663,1.4529,25.0,4.087478559176672,0.9879931389365352,1234.0,2.1166380789022297,37.49,-120.84,0.861,0.8026625394526499,0.7819217100432181,0.9440278295378683,0.9192564102564103
601,3.4934,25.0,4.791549295774648,1.0676056338028168,1645.0,2.316901408450704,37.7,-122.08,2.099,2.1418046677046156,2.1056399324961728,1.9805265999492998,2.30386
7047,3.6125,33.0,5.196808510638298,1.0372340425531914,1600.0,4.25531914893617,33.95,-118.05,1.708,2.0189068090154034,1.7449272982233461,1.8544787334838841,1.7495862068965513
16716,3.2813,15.0,5.04954128440367,1.001834862385321,1422.0,2.6091743119266053,35.5,-120.67,1.75,2.1775107220151697,2.077141387461085,2.148099170683021,2.0675079006772012
14298,1.758,17.0,3.141809290953545,1.0342298288508558,1208.0,2.9535452322738385,32.72,-117.13,1.266,1.4050471268069415,1.4098907237674327,1.4293586379675203,1.1985555555555556
3728,3.8906,31.0,4.767258382642998,1.0059171597633136,1102.0,2.173570019723866,34.18,-118.43,2.822,2.229291141060488,2.3678616734291342,2.042061273312732,2.835598712121211
20313,4.43,25.0,5.344660194174757,0.9466019417475728,1415.0,3.4344660194174756,34.15,-119.14,2.077,2.6107462183958074,2.657957447025595,2.5287294020487603,1.782850000000001
19149,2.3464,11.0,3.4922118380062304,1.088785046728972,1203.0,1.8738317757009346,38.35,-122.71,1.042,1.6706905907612855,1.7491041257030693,1.603285254308445,1.4373999999999998
20247,4.0069,42.0,4.5,1.0,394.0,1.9313725490196079,34.27,-119.26,2.143,2.7412514762829563,3.3579576389373056,2.5854065646165183,3.6249470270270288
2167,2.8359,30.0,4.948356807511737,1.001564945226917,1660.0,2.5978090766823163,36.78,-119.83,0.803,1.2337096740416182,1.1055481634228284,1.1794937499955847,0.7265511811023622
16703,4.6167,13.0,6.221052631578948,1.1078947368421053,1257.0,3.307894736842105,35.06,-120.61,2.731,2.852365423193392,2.9405160075796983,2.8975075904896213,1.6969999999999996
17902,4.2422,27.0,3.384180790960452,1.0131826741996233,1610.0,3.032015065913371,37.37,-121.99,2.375,2.7252083930137414,2.8426985239174467,2.529539497409664,2.288930232558139
19546,1.75,31.0,3.257575757575758,0.9393939393939394,192.0,2.909090909090909,37.63,-121.0,0.738,1.06853833819258,0.9258857730786281,1.0743444700120732,0.7954999999999999
18412,2.875,18.0,4.796565389696169,1.2509907529722588,2357.0,3.1136063408190227,37.26,-121.8,1.844,1.9982887322549288,2.006268956201474,1.8939245417738264,1.6771111111111112
4322,3.8141,52.0,5.568,1.0346666666666666,908.0,2.421333333333333,34.08,-118.35,3.42,2.3297444727583554,2.5745940769906133,2.0966475260995563,2.342923076923076
14999,2.4345,35.0,4.591687041564792,1.1100244498777505,991.0,2.4229828850855744,32.74,-117.03,1.297,1.7147114422915433,1.7748418416982183,1.621362485576436,1.3503230769230767
18407,5.9214,20.0,6.91684434968017,1.1087420042643923,1769.0,3.771855010660981,37.27,-121.81,2.24,3.0107105982064106,2.9240901296477864,2.901472226191588,2.590892857142857
20526,4.037,37.0,5.093283582089552,1.0298507462686568,952.0,3.5522388059701493,38.38,-121.61,1.569,1.9433656626468423,1.4866435561157996,1.6611811174636193,1.0670555555555559
17318,5.5221,11.0,6.322485207100592,1.0029585798816567,916.0,2.710059171597633,34.63,-120.13,3.949,3.1195891074960356,3.4157894139853555,3.2117336084211514,3.0211829032258066
15510,5.1842,17.0,6.59581881533101,1.0348432055749128,936.0,3.2613240418118465,33.15,-117.07,1.577,2.309750942016116,2.2572322465962484,2.1323769190648525,2.097142857142857
2624,3.8095,28.0,5.874581939799331,1.060200668896321,1658.0,2.7725752508361206,40.72,-124.02,1.199,1.745428312970478,1.4250701882964687,1.5436335586592378,1.7754074074074069
8602,4.675,27.0,4.907725321888412,1.053648068669528,1101.0,2.3626609442060085,33.87,-118.38,3.169,2.6701775782246178,2.919639767652014,2.4975394380007905,3.2580940654205603
8195,4.6452,45.0,5.689138576779026,0.9850187265917603,681.0,2.550561797752809,33.79,-118.14,2.125,2.6114137925366947,2.846822673258483,2.38721457392014,2.4912702702702694
2545,1.6369,39.0,4.91131498470948,1.0091743119266054,731.0,2.235474006116208,40.78,-124.17,0.683,1.000080415167866,0.7083523458886993,1.0323882959685675,0.6606528099173556
15032,4.0658,33.0,6.095717884130982,0.9899244332493703,1003.0,2.526448362720403,32.79,-116.99,1.651,2.1089213252420307,2.132988334233877,1.955998650928981,1.4865625000000005
5168,1.5,35.0,4.2306122448979595,1.0081632653061225,1753.0,3.5775510204081633,33.95,-118.27,0.936,1.2844127681887547,0.8639512277937922,1.3233660123593816,1.1610000000000003
16227,2.9107,43.0,5.600456621004566,1.1187214611872147,1093.0,2.4954337899543377,37.97,-121.32,0.888,1.5532010654232238,1.3689350793527544,1.3876432918366137,1.1184398496240606
741,3.9395,33.0,4.9409221902017295,0.9812680115273775,1798.0,2.590778097982709,37.67,-122.12,1.847,2.362382360045433,2.313181712549282,2.175017563898589,2.0675079006772012
411,5.7912,52.0,7.291666666666667,1.005952380952381,412.0,2.4523809523809526,37.89,-122.28,3.271,3.087724384216191,3.337121195401886,2.8669079061389784,3.2490572357723586
13189,2.5972,29.0,4.037974683544304,0.8955696202531646,1216.0,3.848101265822785,34.08,-117.71,1.343,1.3566192226095406,1.0231860952390122,1.3131518215033817,0.9974999999999999
17237,3.8456,27.0,5.627170582226762,1.0817160367722165,2591.0,2.6465781409601634,34.43,-119.66,5.00001,2.5473407134651422,2.7318057869086774,2.504990981183481,2.71530025
16334,5.5427,4.0,6.570291777188329,0.9522546419098143,1234.0,3.273209549071618,38.04,-121.36,1.621,2.089830416342661,2.0673195705644325,1.8805060042164494,1.6819230769230766
18065,11.1557,24.0,7.921875,1.0885416666666667,539.0,2.8072916666666665,37.24,-122.04,5.00001,5.376587597399025,5.067056803964865,6.730286091703615,4.999921329113908
18654,2.6757,16.0,4.682251908396947,1.0658396946564885,2265.0,2.161259541984733,36.98,-121.96,2.292,1.9489969099147806,1.7975140175675803,1.9177970469717174,1.6089166666666666
2497,2.5,18.0,4.136363636363637,1.0,996.0,5.03030303030303,36.72,-120.67,1.125,1.447493058437403,1.0219122475112152,1.4070622567563817,1.3590212765957446
8709,5.0,34.0,6.124567474048443,1.0069204152249136,916.0,3.169550173010381,33.85,-118.35,3.542,2.690321899977002,2.796162572263057,2.5216040014178986,2.1734680851063817
17057,4.8966,45.0,6.176646706586826,1.0419161676646707,1722.0,2.5778443113772456,37.48,-122.24,3.621,2.935608222773958,3.2166759624219248,2.7747352176391127,3.6792745454545455
16423,2.2891,31.0,6.348122866894198,1.3447098976109215,1848.0,6.30716723549488,37.94,-121.49,1.625,1.3137410395632279,0.7390135445719568,1.2727015106397195,0.8206028708133976
4902,1.7425,43.0,3.3582089552238807,1.0127931769722816,1980.0,4.221748400852879,34.01,-118.25,1.005,1.5456299961446078,1.2878071961830386,1.47176158427891,1.4618837209302329
2760,2.0625,6.0,4.720538720538721,0.9781144781144782,2807.0,4.725589225589226,32.67,-115.52,0.677,0.5092866472398818,0.3669629222003976,0.8069924676951705,0.8468571428571429
2075,1.575,34.0,4.376383763837638,1.1070110701107012,774.0,2.856088560885609,36.75,-119.84,0.571,0.8778080572742071,0.7521127975032662,0.9505057992855155,0.656358695652174
12005,5.6973,25.0,6.548034934497816,0.9585152838427947,1396.0,3.0480349344978164,33.89,-117.55,1.648,2.4612290740385685,2.341551611716935,2.223818848255693,2.5369416788321173
4193,3.1806,41.0,4.043333333333333,1.0033333333333334,801.0,2.67,34.12,-118.24,2.042,2.0368712393357167,2.0982712768669147,1.8309972765810563,2.0675079006772012
18250,4.5833,39.0,4.911111111111111,1.0733333333333333,1023.0,2.2733333333333334,37.39,-122.08,3.424,2.888247642725025,3.1428055092386993,2.6934647322076746,3.2580940654205603
7344,2.1591,32.0,3.7379032258064515,1.0080645161290323,970.0,3.911290322580645,33.97,-118.15,1.815,1.5516183212721526,1.278592297395323,1.4845793757627983,1.4366436781609198
4059,2.9352,38.0,4.043731778425656,0.9825072886297376,713.0,2.0787172011661808,34.15,-118.44,3.045,1.9576461920019035,2.1369198606985242,1.7927680891911475,2.704666781609195
17875,5.3912,35.0,5.82018927444795,1.025236593059937,1343.0,4.236593059936909,37.4,-121.99,2.353,3.011253588632024,2.863080489765122,2.8463702384529608,2.20485294117647
3105,6.0653,18.0,6.556732223903177,0.9697428139183056,1777.0,2.6883509833585477,35.63,-117.68,1.053,1.892430038868676,1.5736563013008238,1.5756125914128387,2.669019607843137
14362,3.8409,38.0,5.440329218106996,1.0534979423868314,1640.0,2.2496570644718794,32.73,-117.22,2.914,2.311871206780893,2.5557908779676612,2.1520728422965005,2.0391428571428567
17124,3.7312,35.0,4.602787456445993,1.0452961672473868,1133.0,3.947735191637631,37.46,-122.13,1.596,2.46927325876773,2.2879707583512685,2.2811574444782114,1.6980914893617025
14250,1.6944,33.0,4.892857142857143,1.0714285714285714,716.0,3.1964285714285716,32.72,-117.09,1.118,1.3280802207968545,1.0132440302102956,1.3613286964101587,1.9482666666666664
16318,3.1369,14.0,4.974666666666667,1.0293333333333334,1679.0,2.2386666666666666,38.0,-121.33,1.196,1.371317905036699,1.3763069038586304,1.3129695938124568,1.2561249999999997
16705,4.3611,11.0,5.419753086419753,0.9629629629629629,655.0,2.6954732510288064,35.06,-120.52,3.297,2.667899658166486,2.7867042076338446,2.675660939468849,2.0204405504587157
286,3.4205,43.0,4.877149877149877,1.0810810810810811,1085.0,2.6658476658476657,37.78,-122.18,1.367,2.29382307962754,2.2959780604769646,2.0697664155251987,2.0675079006772012
1323,2.0,52.0,5.303030303030303,1.0822510822510822,725.0,3.1385281385281387,38.03,-121.88,1.014,1.4563972711844355,1.1271869571528081,1.3497842373487727,1.138411764705883
19473,2.166,18.0,4.802059496567506,1.1510297482837528,2203.0,2.5205949656750573,37.68,-120.98,1.186,1.0716669688840108,1.0851200476351837,1.113632539797584,0.8206028708133976
18880,1.1835,30.0,3.3505050505050504,1.0686868686868687,1794.0,1.812121212121212,38.1,-122.26,1.333,1.244220997869427,1.2375199715901237,1.2614889338298911,1.3345555555555555
19844,2.0,17.0,4.022935779816514,1.0045871559633028,966.0,4.431192660550459,36.42,-119.09,0.525,0.6738646022786698,0.6515621701867371,0.8332354943326932,0.53276375
18400,5.6488,25.0,6.2253668763102725,1.0366876310272537,3275.0,3.4329140461215935,37.25,-121.84,2.346,2.985415100390739,3.0335869246462357,2.881895384152393,2.20485294117647
72,1.75,49.0,5.552631578947368,1.3421052631578947,560.0,3.6842105263157894,37.81,-122.29,0.75,1.756362876968347,1.4388028919832723,1.6215495912539581,1.138411764705883
6325,4.1328,34.0,5.291759465478842,1.042316258351893,1858.0,4.138084632516704,34.0,-117.95,1.763,2.1898763976018047,1.9634996582415196,1.980802018857188,1.782850000000001
410,4.9083,52.0,6.749253731343283,0.9791044776119403,819.0,2.444776119402985,37.9,-122.28,3.468,2.7324585207115195,2.8950514488646926,2.4901323182260513,2.7920000000000003
9147,5.9263,3.0,6.550796812749004,1.051792828685259,3032.0,3.0199203187250996,34.52,-118.5,2.518,2.5670832700465755,2.548276656002746,2.4303087197366304,2.6474784782608687
2078,2.2029,51.0,5.678403755868545,1.1408450704225352,1284.0,3.0140845070422535,36.76,-119.81,0.542,1.171969460695761,0.9117061798053459,1.1096270340845482,0.8249843750000002
2012,4.35,28.0,4.615384615384615,0.7692307692307693,46.0,3.5384615384615383,36.72,-119.83,0.675,1.7778580735729284,1.4708962846762677,1.5464798197318599,1.0267857142857142
13191,4.5185,30.0,5.828767123287672,1.058904109589041,2129.0,2.9164383561643836,34.08,-117.69,1.425,2.1282087827681795,2.013510844767686,1.9065073277236562,1.4043157894736842
16368,2.8348,22.0,4.111545988258317,1.00587084148728,1304.0,2.551859099804305,38.01,-121.31,1.016,1.3884202765906628,1.3114922959732855,1.2959691746585564,1.3244647887323941
8144,5.9265,36.0,6.199546485260771,1.0158730158730158,1308.0,2.9659863945578233,33.83,-118.09,2.273,3.018786212402561,3.154711472009582,2.8315703015175675,3.384902920353981
16150,3.4883,52.0,4.914516129032258,1.0338709677419355,1427.0,2.3016129032258066,37.78,-122.48,3.372,2.500883762290142,2.7821992144056567,2.283750499950536,4.5428706666666665
9289,3.0742,24.0,5.049468085106383,1.0292553191489362,5162.0,2.7457446808510637,38.06,-122.51,1.188,1.9088733864040128,1.6184191584227352,1.8409472046934918,1.4800952380952381
2522,2.3851,21.0,6.6,1.2,510.0,2.914285714285714,39.68,-122.38,0.675,0.7854213707223583,0.9126866511850567,0.8938239088797681,0.7766740740740745
10090,4.4107,31.0,5.69164265129683,1.07492795389049,918.0,2.645533141210375,33.93,-117.97,2.02,2.3068458251139505,2.3225389244908037,2.0934583756097225,2.3668121212121216
14240,1.4089,22.0,4.1678200692041525,1.0069204152249136,1887.0,3.264705882352941,32.7,-117.09,0.942,1.1376898594985754,0.7012588256477132,1.260145599308248,1.171109589041096
12830,2.5,28.0,6.263513513513513,1.114864864864865,542.0,3.6621621621621623,38.69,-121.43,0.962,0.8807371129319121,0.8043640468836422,0.9429277668677007,1.1184398496240606
16033,3.6581,51.0,4.990723562152134,1.0278293135435992,1795.0,3.3302411873840447,37.72,-122.45,2.25,2.561016994256836,2.6826184607709487,2.353709248852695,2.5377142857142854
6076,3.8167,21.0,6.149739583333333,1.1484375,2210.0,2.8776041666666665,34.07,-117.87,2.587,1.8385825544761065,1.7531415755476347,1.714494614796385,2.0095447154471544
12315,2.5625,26.0,4.769230769230769,1.2307692307692308,102.0,2.6153846153846154,33.51,-116.42,1.031,1.1706126158668693,1.0783611223516252,1.1224484690734453,1.3503230769230767
4504,1.7054,40.0,3.9633699633699635,1.164835164835165,1085.0,3.9743589743589745,34.05,-118.2,1.172,1.5084635959977404,1.2764590024142828,1.433940672650062,1.4366436781609198
12123,3.1042,2.0,6.877551020408164,1.1224489795918366,115.0,2.3469387755102042,33.93,-117.27,1.648,1.0287013311765465,1.4344624956321725,1.1349879762602324,2.7634
15003,3.5192,36.0,5.85969387755102,1.066326530612245,1070.0,2.729591836734694,32.75,-117.04,1.44,2.019414344614502,2.016504745072866,1.8792779488762803,1.4865625000000005
6692,7.4185,35.0,6.518900343642612,0.9587628865979382,733.0,2.5189003436426116,34.13,-118.08,5.00001,3.4668444008912984,3.4117845971514438,3.3026550435193096,2.9586666666666663
10049,3.6434,14.0,6.637931034482759,1.0,285.0,2.456896551724138,39.13,-120.99,1.554,0.7507136654154041,1.4244274900316933,0.8284651619943391,1.380823182711198
12029,3.0122,16.0,4.7981330221703615,1.0268378063010501,2821.0,3.29171528588098,33.93,-117.46,1.147,1.3787070162006625,1.208283538651336,1.358041344705485,0.9443571428571428
7177,3.75,41.0,4.329545454545454,0.8352272727272727,817.0,4.642045454545454,34.05,-118.18,1.231,2.121775148079185,1.7246235458134334,1.9154075724934625,1.6980914893617025
17381,4.0431,9.0,5.740816326530612,1.0040816326530613,1144.0,2.3346938775510204,34.96,-120.38,2.268,2.4799196646438926,2.5073420917353784,2.493131670160702,2.3425576923076923
10008,3.9,14.0,6.353932584269663,1.0842696629213484,520.0,2.9213483146067416,39.05,-121.19,1.804,1.0850728890335812,1.336954620181977,1.0304842365030247,1.380823182711198
6613,6.4223,52.0,6.340163934426229,1.0635245901639345,1309.0,2.682377049180328,34.18,-118.13,3.109,3.288223046266662,3.4908374854697755,3.0375506523617046,3.9695714285714283
7000,3.3214,42.0,4.454828660436137,1.0529595015576323,1269.0,3.953271028037383,33.96,-118.04,1.488,2.072836525806328,1.898278189787239,1.8627990414731648,1.6980914893617025
2298,3.4279,25.0,5.6909090909090905,0.9854545454545455,661.0,2.403636363636364,36.81,-119.77,0.847,1.3106091729247518,1.3136870738032673,1.2279478365374072,2.30386
3168,2.0174,20.0,4.146739130434782,1.0043478260869565,3450.0,3.75,35.26,-118.92,0.637,1.1059784833850608,0.8075449552697702,1.1808544545863802,1.1610000000000003
6369,4.2407,40.0,5.6943620178041545,1.032640949554896,1851.0,2.7462908011869436,34.16,-117.99,2.62,2.194510144478503,2.164054088447881,1.9636402245450535,2.3668121212121216
8590,7.1845,40.0,5.619047619047619,0.9727891156462585,389.0,2.6462585034013606,33.89,-118.39,4.381,3.767881956476021,4.019198096703419,3.7502599999510284,4.148202666666667
7738,4.0039,35.0,4.929042904290429,0.9917491749174917,1561.0,2.575907590759076,33.94,-118.14,2.265,2.260600136878878,2.334114363409545,2.064570404803869,2.0675079006772012
12246,2.2115,19.0,5.242816091954023,1.0847701149425288,1717.0,2.4669540229885056,33.74,-116.96,0.876,0.907210990350733,0.8520751134203179,1.0256055555991814,0.9232307692307692
8603,5.5771,27.0,5.388297872340425,1.074468085106383,1421.0,2.519503546099291,33.88,-118.38,3.455,3.0265660102546716,3.296633022597041,2.883141037815821,3.8499041935483875
9091,3.0441,17.0,5.292328042328043,1.0767195767195767,2313.0,3.0595238095238093,34.65,-118.21,1.401,1.4057431626169323,1.27741743756992,1.3737798831605583,0.9924999999999999
5385,3.1642,24.0,3.2353966870095903,1.0392327811682651,1764.0,1.5379250217959894,34.03,-118.41,3.667,2.1055017379018848,2.5579323888998733,1.9497984587836852,2.35
14085,4.2813,52.0,6.8578947368421055,1.1210526315789473,883.0,2.3236842105263156,32.76,-117.1,2.708,2.460330071663228,2.8275267032389473,2.246497215507657,1.8076666666666668
6100,4.9239,35.0,5.975609756097561,0.9796747967479674,885.0,3.597560975609756,34.12,-117.89,1.688,2.348638627814227,2.137967562062184,2.0963273718793993,2.1734680851063817
17223,4.7,43.0,4.9748603351955305,0.9553072625698324,663.0,1.8519553072625698,34.44,-119.72,2.938,3.09626512980354,3.9254002485357162,3.0280367919203286,3.6249470270270288
18445,6.2957,25.0,6.627831715210356,1.0080906148867315,2128.0,3.44336569579288,37.25,-121.81,2.518,3.1929138596207385,3.1856911924672726,3.106183467099174,2.590892857142857
1071,2.2621,43.0,5.314285714285714,1.0696428571428571,1181.0,2.1089285714285713,39.74,-121.84,0.851,0.742726239467159,0.6932000810430667,0.7950345020387237,0.7766740740740745
19311,5.7664,16.0,6.002976190476191,1.0982142857142858,931.0,2.7708333333333335,38.38,-122.89,2.675,3.0143912976119758,2.849100379692514,2.874423662904826,2.6474784782608687
3429,3.5104,30.0,3.3766937669376693,1.010840108401084,1990.0,5.392953929539296,34.26,-118.43,1.409,2.177586866866209,1.8747506629741417,1.9779645894309876,1.6980914893617025
7712,3.1083,33.0,5.069182389937107,1.0167714884696017,1397.0,2.9287211740041927,33.96,-118.15,2.855,1.8366619559607313,1.7271023528958698,1.7169006673092237,2.0675079006772012
19352,2.9792,37.0,5.393728222996516,1.1428571428571428,863.0,3.0069686411149825,38.73,-122.95,1.513,1.9565507589146192,1.6946957041068142,1.7766370309317416,1.4800952380952381
15658,1.8068,52.0,2.6598639455782314,1.2060252672497571,1761.0,1.7113702623906706,37.79,-122.42,2.25,2.1304929902059904,3.0055730885656784,1.906552599449963,2.7975441304347823
2830,1.7109,11.0,4.553934340802502,1.1412193850964043,4781.0,2.4914017717561228,35.4,-119.01,0.446,0.9199144666407024,0.7943822400010379,1.0861542597409422,0.656358695652174
4265,1.7306,28.0,2.837096774193548,1.1548387096774193,1463.0,2.359677419354839,34.1,-118.32,4.5,1.5701282434956283,1.8976110398280663,1.494689606013261,2.321653194444445
16460,7.6889,11.0,6.813688212927756,0.9581749049429658,767.0,2.9163498098859315,38.12,-121.3,2.293,3.0380666229276745,2.456662023280602,2.7329649525723068,2.0214
2045,1.4007,7.0,4.466424682395644,1.1742286751361162,1587.0,2.88021778584392,36.73,-119.73,2.25,0.5375388392126546,0.8365960856532086,0.8014068966169661,0.656358695652174
4771,2.5625,45.0,3.997826086956522,0.9978260869565218,1312.0,2.8521739130434782,34.04,-118.35,1.38,1.879353188257802,1.9314105457328459,1.7252775360655495,2.1658684868421063
19883,2.73,33.0,5.581218274111675,1.0228426395939085,1245.0,3.1598984771573604,36.34,-119.19,0.969,1.0599804188437991,0.8863638658519752,1.0570561615203538,0.8590416666666669
20161,2.5441,41.0,5.333333333333333,1.178030303030303,793.0,3.003787878787879,34.37,-119.29,1.612,2.0783001302977597,2.1413184639621328,1.967801073966248,2.0373124999999996
10052,3.5859,17.0,5.035294117647059,0.9823529411764705,518.0,3.0470588235294116,39.19,-121.04,1.443,0.9318538206777465,1.083041936619071,0.9070885736084435,1.1340000000000001
8922,1.5132,28.0,2.567219152854512,1.0718232044198894,716.0,1.3186003683241252,34.02,-118.49,4.5,1.5533564242209037,2.0569091229303424,1.501720181456062,1.5112658227848106
205,2.0375,48.0,4.944606413994169,1.154518950437318,1481.0,4.317784256559767,37.79,-122.23,1.225,1.7819789889753856,1.391640892463976,1.6488122006822414,1.138411764705883
5925,5.5423,14.0,6.7779690189328745,1.0783132530120483,3699.0,3.183304647160069,34.15,-117.8,2.487,2.3443103092632933,2.257151388304833,2.1640469754700264,2.946
9895,3.6083,38.0,5.684729064039409,1.0467980295566504,1272.0,3.1330049261083746,38.28,-122.29,1.342,2.038805737477169,1.7858273395469417,1.8323624064423485,1.380823182711198
10480,7.9283,13.0,7.703016241299304,0.988399071925754,1432.0,3.3225058004640373,33.59,-117.69,3.481,3.4121148251039495,3.424691372551778,3.367480093320702,3.4047297297297305
3351,3.3036,17.0,5.779220779220779,1.0844155844155845,406.0,2.6363636363636362,40.51,-121.02,0.783,0.23225452612167707,1.1021200109649711,0.4780589638827274,1.380823182711198
13464,2.1856,23.0,5.0418250950570345,1.1406844106463878,722.0,2.7452471482889735,34.13,-117.38,1.078,1.0225396575751347,0.9799691809037333,1.0763791537812626,1.168242424242424
7181,2.8542,34.0,3.8587786259541983,1.0458015267175573,1164.0,4.442748091603053,34.04,-118.19,1.469,1.8832825680335004,1.5983543497250037,1.7255482148268686,1.3590212765957446
16617,2.7344,23.0,5.96415770609319,1.2724014336917562,629.0,2.2544802867383513,35.39,-120.86,1.883,2.2404657108874333,2.276207979047044,2.2159644115519255,1.7189999999999999
15314,1.5625,17.0,2.9915254237288136,0.9491525423728814,359.0,3.042372881355932,33.19,-117.38,1.625,1.1817713080934518,1.1470905509670801,1.2517703097419086,1.4618837209302329
2677,1.4583,32.0,4.681159420289855,1.107246376811594,1307.0,3.7884057971014493,32.98,-115.52,0.586,0.4732269052770004,0.19241737492282707,0.7189434231428393,0.6719375
17550,2.3277,52.0,3.587557603686636,0.9769585253456221,1580.0,3.640552995391705,37.35,-121.87,1.837,2.010142722332001,1.9275716148809694,1.8212876758356225,1.6381940298507462
16174,2.7083,10.0,4.435185185185185,1.1574074074074074,355.0,3.287037037037037,37.72,-122.36,1.804,1.8702015601631221,1.6721074538641705,1.792966816940024,2.2708571428571425
14080,2.7928,48.0,5.106598984771574,1.0710659898477157,893.0,2.266497461928934,32.77,-117.12,1.75,1.935066900016826,2.1163074374676345,1.7811633970519702,1.2646400000000002
15180,5.3074,18.0,4.617241379310345,0.9793103448275862,761.0,2.6241379310344826,33.03,-117.08,1.372,2.6325807386089157,2.623939485355394,2.41765478230021,2.1944
1731,6.0426,19.0,4.839506172839506,1.345679012345679,287.0,3.54320987654321,37.97,-122.34,1.1,3.436930746084015,2.8908149192392276,3.283730487948607,1.9704000000000002
14931,5.6631,4.0,6.1311964219157655,1.0559075661572865,7985.0,2.9761461051062246,32.65,-116.97,2.334,2.6252255114945715,2.6429809433742157,2.6053186652301963,2.083030303030303
10022,2.9688,16.0,5.646739130434782,0.9891304347826086,554.0,3.010869565217391,39.2,-121.2,1.283,0.6404045071092161,1.0983560289291097,0.7723751963407568,1.1184398496240606
4556,0.6775,52.0,1.7482866043613707,1.2112149532710281,2232.0,1.3906542056074767,34.05,-118.25,3.5,1.5019237204685385,2.6440285343248813,1.3954227019417798,2.321653194444445
697,2.6464,37.0,3.954692556634304,1.0533980582524272,1562.0,2.527508090614887,37.69,-122.11,1.552,1.9871804486274738,2.0042671366660647,1.820422086170976,1.3244647887323941
1005,5.7068,9.0,5.861561119293078,1.0839469808541973,1705.0,2.5110456553755522,37.7,-121.76,2.567,2.7205608277735376,2.5995967272478975,2.528417191428707,3.9923219999999997
12521,1.8911,52.0,4.151761517615176,1.1056910569105691,782.0,2.1192411924119243,38.56,-121.47,0.859,1.1710401029043027,1.0216718514289589,1.0703466230114738,0.9192564102564103
12291,1.424,29.0,4.461661341853035,1.1533546325878594,1583.0,2.5287539936102235,33.93,-116.97,0.732,0.7257988558719068,0.6804576212979259,0.8845282742568668,0.9232307692307692
14426,2.5568,32.0,3.731934731934732,1.0909090909090908,731.0,1.7039627039627039,32.8,-117.25,2.583,1.904760464604688,2.2865442463502026,1.7770561864086338,2.329678571428571
2771,1.7857,19.0,7.806451612903226,1.6,329.0,2.1225806451612903,33.34,-115.9,0.628,0.5157267012368754,0.7260122586758027,0.7615308826296938,0.6143611111111112
11513,4.9044,24.0,4.881889763779528,1.1653543307086613,513.0,2.0196850393700787,33.72,-118.07,4.85,2.7655213795352647,3.010626411819972,2.563151975002142,1.7236739130434784
4880,2.1905,52.0,3.4619565217391304,1.1358695652173914,1655.0,4.497282608695652,34.03,-118.25,1.24,1.909038978809527,1.8622785606351533,1.7141536189313311,1.1610000000000003
15110,4.8286,17.0,6.518672199170124,1.0235131396957122,2531.0,3.500691562932227,32.87,-116.96,1.585,2.2165957175033157,2.0658988283232667,2.091168436593739,1.797610169491524
5140,1.6027,38.0,3.6452905811623246,0.9959919839679359,2110.0,4.228456913827655,33.97,-118.28,0.973,1.4152377560629112,1.0206199544332317,1.4022578940784958,1.1610000000000003
7765,4.9609,29.0,5.45398773006135,1.01840490797546,597.0,3.6625766871165646,33.91,-118.11,1.867,2.5854809767525144,2.4553287147994407,2.3713644885905025,2.1734680851063817
18004,6.4631,32.0,6.091476091476092,1.0,1336.0,2.7775467775467777,37.29,-121.99,3.441,3.4611319880361835,3.6044202255637385,3.411129984943746,3.384902920353981
14535,4.0521,12.0,3.9623655913978495,0.978494623655914,1009.0,2.7123655913978495,32.93,-117.14,1.667,2.1583234906425988,2.2475653016924437,2.010449934407483,1.62219512195122
1029,2.3549,18.0,5.646209386281589,1.288808664259928,618.0,2.2310469314079424,38.43,-120.55,1.089,0.6631182837125595,0.9915757833692005,0.7829276758431369,1.13946511627907
10734,4.498,34.0,4.756267409470752,1.084958217270195,1275.0,1.775766016713092,33.6,-117.87,4.829,2.5958998840028613,2.9608731383156544,2.373687897980878,4.200291730769228
9109,6.4865,2.0,8.052670080468179,1.1331382589612289,4098.0,2.997805413313826,34.6,-118.16,2.044,2.5040661921023695,2.5051672469536523,2.3482875298795043,3.9406030000000003
8545,3.9844,26.0,4.946043165467626,1.0287769784172662,829.0,2.9820143884892087,33.88,-118.36,2.307,2.3118912090059625,2.3516442553398678,2.154640063128736,2.0675079006772012
16276,1.4583,33.0,3.586734693877551,0.9030612244897959,2248.0,3.82312925170068,37.93,-121.26,0.53,0.8674918818011905,0.4824464288336552,0.9719166427659798,0.7472181818181819
15296,3.0306,19.0,4.061166429587482,1.0120910384068278,4163.0,2.960881934566145,33.15,-117.34,1.785,1.769307779361657,1.7133436452440538,1.7102024432610459,1.6964285714285714
9857,6.9615,13.0,8.347107438016529,1.137741046831956,1027.0,2.8292011019283745,36.57,-121.81,5.00001,3.5543180134236168,3.847082145122192,3.734821166242842,3.21447619047619
9418,12.2547,38.0,7.0588235294117645,0.8529411764705882,63.0,1.8529411764705883,37.85,-122.49,5.00001,5.871172652410686,5.262329555870201,7.733225275834112,4.800008
19876,2.425,46.0,4.927710843373494,1.0180722891566265,772.0,2.325301204819277,36.33,-119.31,0.849,1.1865527233882247,1.0334603695110702,1.113927326645615,0.7265511811023622
5438,4.7009,31.0,5.011904761904762,1.0476190476190477,1046.0,2.0753968253968256,34.01,-118.43,5.00001,2.6671650035617778,2.950765175925387,2.472762513781463,3.2580940654205603
17804,6.057,16.0,5.926339285714286,1.0870535714285714,1862.0,4.15625,37.39,-121.87,2.468,3.1119242273860777,2.930341423695094,2.999131998882952,2.590892857142857
8214,2.2543,29.0,3.136729222520107,0.9892761394101877,1398.0,3.74798927613941,33.78,-118.19,1.563,1.721400235231957,1.6081683091705783,1.6359515723798088,1.6381940298507462
4828,2.5833,52.0,3.8233532934131738,0.8532934131736527,954.0,2.856287425149701,34.04,-118.31,2.346,1.848445745813608,1.8406333544090536,1.6849420677390206,2.1658684868421063
19799,1.375,16.0,3.9508196721311477,1.3770491803278688,152.0,2.4918032786885247,40.51,-123.21,0.488,0.7627208363345879,0.890433867916433,0.8514337816591362,0.8393333333333333
8336,3.2206,40.0,5.777292576419214,1.0611353711790392,684.0,2.986899563318777,33.94,-118.31,1.458,1.9815658885133378,1.9299904396819934,1.838695614542976,2.0095447154471544
17496,4.6957,27.0,5.514035087719298,0.9421052631578948,1760.0,3.087719298245614,34.43,-119.8,2.715,2.8942261748363265,3.1419513116056903,2.8871795400474776,3.6784019999999997
8858,3.8088,27.0,4.345394736842105,1.125,2665.0,1.7532894736842106,34.08,-118.39,5.00001,2.321917930366563,2.7512933350455873,2.1456552663249755,4.200291730769228
13955,4.0,16.0,14.802197802197803,3.5934065934065935,271.0,2.978021978021978,34.22,-117.09,0.875,2.3222385648264114,1.7840852264964173,1.9839960386690763,1.1491942446043166
2101,1.3029,52.0,4.813063063063063,1.009009009009009,1194.0,2.689189189189189,36.74,-119.76,0.691,0.7693950631102147,0.49560969091370466,0.8727964817053973,0.656358695652174
13195,3.6,24.0,5.351648351648351,0.9945054945054945,1286.0,3.532967032967033,34.07,-117.71,1.393,1.6785707474134806,1.4602298109861125,1.558856620776016,1.4830576923076921
101,3.2177,28.0,3.8784235136940546,1.070808283233133,2563.0,1.7120908483633934,37.81,-122.25,2.734,2.1902183906075,2.4317119319011953,2.0188804499739144,2.2354444444444446
14959,5.1221,4.0,6.176178660049628,1.0252274607113316,6945.0,2.872208436724566,32.75,-116.94,2.297,2.300404889188113,2.0348247913196706,2.257821362673207,2.184833333333333
19763,2.25,30.0,5.861861861861862,1.1921921921921923,961.0,2.885885885885886,40.02,-122.18,0.682,0.6669524553592034,0.7364874287749845,0.7755221659754215,0.7766740740740745
19465,3.072,15.0,5.977941176470588,1.236764705882353,1986.0,2.9205882352941175,37.69,-120.97,1.143,1.3616178188180648,1.3442022311032515,1.3071091564673076,1.2356410256410257
2743,6.3814,8.0,7.606271777003484,1.0696864111498259,1000.0,3.484320557491289,32.79,-115.59,1.599,2.170382174757414,2.0616104445261385,1.9101297913680568,2.3549166666666665
13600,3.7188,37.0,6.237226277372263,1.0145985401459854,744.0,2.7153284671532845,34.16,-117.25,1.166,1.531508285303401,1.381506651060492,1.3823831944276428,1.1491942446043166
17779,4.5533,15.0,4.351669941060904,0.9744597249508841,3278.0,3.2200392927308448,37.38,-121.83,2.099,2.5208207348807035,2.496031416494226,2.3750295147725096,2.288930232558139
18695,1.5972,44.0,4.68299711815562,1.1296829971181557,944.0,2.7204610951008648,40.58,-122.39,0.689,0.4632376079668099,0.3966704931866474,0.6259224377127877,0.6606528099173556
9068,3.5625,36.0,5.352,1.0,709.0,2.836,34.71,-118.15,1.014,1.7084893320346493,1.5380950001783213,1.5299208182120272,1.151586206896552
7077,4.3125,34.0,4.996710526315789,0.9901315789473685,758.0,2.4934210526315788,33.94,-117.99,2.14,2.316589596474769,2.356924199405361,2.0887775935338766,2.3668121212121216
17718,7.2707,8.0,6.771929824561403,1.0394736842105263,1799.0,3.9451754385964914,37.33,-121.77,3.553,3.4198328317726876,3.2380815186084604,3.4061221354389213,3.21447619047619
7530,3.119,34.0,4.130890052356021,1.0471204188481675,1041.0,5.450261780104712,33.91,-118.23,0.903,2.0381850520827256,1.5788944612758118,1.8716177709062185,1.6980914893617025
3617,3.6384,32.0,4.573308270676692,1.0394736842105263,2318.0,4.357142857142857,34.25,-118.43,1.593,2.136504317769516,1.9610319854994418,1.9606760185436949,1.6980914893617025
2730,2.1979,25.0,3.735042735042735,1.0683760683760684,1193.0,3.398860398860399,32.8,-115.56,0.639,0.917750262163656,0.7423453433956246,0.9702359500938522,0.6101666666666666
396,3.1795,52.0,4.556034482758621,1.0028735632183907,1498.0,2.1522988505747125,37.89,-122.29,2.182,2.2540673656450743,2.4266118183365863,2.0198223777957085,2.30386
1664,5.9346,27.0,6.707762557077626,0.9863013698630136,578.0,2.6392694063926943,37.94,-121.95,2.536,2.8004681147579067,2.6530188215315027,2.5624302301295923,3.4486432142857137
5201,0.8952,9.0,4.0,1.1403508771929824,438.0,3.8421052631578947,33.94,-118.28,0.813,0.9024564693469461,0.6326097255376169,1.1049455176141754,1.1610000000000003
14656,4.7813,35.0,6.470162748643761,1.0524412296564196,1568.0,2.8354430379746836,32.79,-117.14,1.886,2.5149985169234217,2.6367754109955475,2.344571900521433,2.2981458333333338
9687,5.0374,30.0,5.412955465587045,1.0242914979757085,838.0,3.3927125506072873,36.74,-121.62,1.654,2.9739642131680046,3.0080159848246018,2.8531461880494,2.288930232558139
1476,2.9097,16.0,4.203463203463204,1.0432900432900434,1705.0,2.4603174603174605,37.96,-122.04,1.063,1.718755040158939,1.645442723996018,1.618765806699324,1.4082222222222223
8517,4.2813,45.0,4.209606986899563,0.9890829694323144,1323.0,2.888646288209607,33.89,-118.32,2.101,2.6673776585067057,2.9652866020140323,2.434515362262149,2.4912702702702694
3415,3.35,35.0,4.688372093023256,0.9488372093023256,1162.0,5.404651162790698,34.29,-118.41,1.476,1.9242942301954664,1.388086782197391,1.7678185490508547,1.6980914893617025
17487,3.0773,15.0,3.9102902374670183,0.9102902374670184,669.0,1.7651715039577835,34.43,-119.82,1.125,2.239815213554735,2.4959269747443558,2.2166226294796774,2.3456521739130434
635,3.4643,36.0,4.970149253731344,0.9850746268656716,366.0,2.7313432835820897,37.71,-122.16,1.75,2.180688929957949,2.0569504823396,1.9917327909394733,2.0675079006772012
817,3.6458,37.0,5.182080924855492,1.0520231213872833,1534.0,4.433526011560693,37.63,-122.08,1.566,2.288655652418284,1.964889508430345,2.096907766915445,1.380823182711198
7486,3.0417,35.0,4.050970873786408,1.0800970873786409,1870.0,4.538834951456311,33.92,-118.21,1.173,2.0375674889928046,1.8665585016279989,1.8718437486887436,1.3590212765957446
4672,2.053,31.0,2.348333333333333,1.0433333333333332,4126.0,3.4383333333333335,34.05,-118.29,2.292,1.7156746992255087,2.0959753295971972,1.6230142103582526,1.910161290322581
11316,2.7157,25.0,3.7865497076023393,1.219298245614035,856.0,2.502923976608187,33.77,-117.97,3.5,1.9037971166566765,2.12002678380393,1.752605489424544,1.8302134831460672
50,0.9218,21.0,2.045662100456621,1.0342465753424657,735.0,1.678082191780822,37.82,-122.27,1.719,1.2977313198572766,1.5404838324300576,1.315727300576639,2.321653194444445
20141,2.7951,52.0,4.634868421052632,1.180921052631579,981.0,3.226973684210526,34.36,-119.06,1.993,2.2895617460017297,2.5960235446267026,2.0913165802478297,2.0373124999999996
12591,6.6112,31.0,6.758474576271187,0.9194915254237288,542.0,2.2966101694915255,38.51,-121.51,2.516,2.655530949587829,2.2103808834045786,2.272871414602724,4.087668333333333
8827,2.875,37.0,3.6601340897369776,1.036616812790098,2913.0,1.5023207839092316,34.1,-118.36,3.0,1.9944542236455405,2.4346458564657634,1.8366422257352775,3.445291290322581
4596,1.4413,41.0,2.547008547008547,1.1025641025641026,2931.0,4.1752136752136755,34.05,-118.28,1.589,1.5558376570943142,1.6823512758391184,1.4759036722533114,1.910161290322581
707,5.1701,23.0,5.809891808346213,0.9884080370942813,3827.0,2.957496136012365,37.68,-122.05,2.168,2.675737811065045,2.6098950188007284,2.5274973423333775,2.1669565217391304
1686,5.1178,28.0,5.839541547277937,0.9426934097421203,947.0,2.713467048710602,37.98,-122.26,1.98,2.6332824976019324,2.501697064284202,2.4236972807745834,2.8642857142857143
15846,5.0519,40.0,5.09453781512605,1.0262605042016806,1824.0,1.915966386554622,37.75,-122.43,3.561,3.0490423133784703,3.415143643899838,2.879267310605279,3.6249470270270288
11659,4.1591,10.0,5.623376623376624,1.2886002886002885,1992.0,2.8744588744588744,33.82,-118.01,1.923,2.226043423956166,2.3595178224083124,2.086324855713998,2.0204405504587157
8955,3.4375,45.0,4.205333333333333,1.1226666666666667,1042.0,2.7786666666666666,34.02,-118.39,3.145,2.370672890940977,2.6627652279661023,2.1359950651729585,2.2003333333333335
2777,1.7727,19.0,4.431952662721893,1.4082840236686391,476.0,2.8165680473372783,33.36,-115.73,0.5,0.6910352322952187,0.7817885833248799,0.813611885523507,0.6143611111111112
14570,3.4482,35.0,4.420743639921722,0.9804305283757339,1340.0,2.6223091976516635,32.83,-117.21,1.625,2.1279985926261737,2.2368449806480735,1.9684085265033495,1.62219512195122
724,3.125,31.0,4.863753213367609,1.1002570694087404,1162.0,2.987146529562982,37.68,-122.1,1.671,2.067211573112383,1.919490505008109,1.9042146104943631,2.0675079006772012
16349,3.7375,14.0,4.898128898128898,0.9106029106029107,1378.0,2.864864864864865,38.03,-121.36,1.388,1.5560680322708675,1.4677667915116352,1.439656369104874,1.1340000000000001
6932,3.2031,36.0,3.8282208588957056,0.9877300613496932,1282.0,3.932515337423313,34.01,-118.08,1.476,1.9840095081188052,1.7849633960891924,1.7960636845390812,1.6980914893617025
836,4.3875,17.0,5.504983388704319,1.0598006644518272,1873.0,3.111295681063123,37.6,-122.04,2.385,2.3924422304294897,2.2511455813862584,2.2429559326551174,2.288930232558139
19530,3.1397,45.0,5.744744744744745,1.006006006006006,839.0,2.5195195195195197,37.64,-120.98,1.107,1.5608308745407764,1.3699252883110493,1.394338195079385,2.342923076923076
20370,7.0504,14.0,8.009146341463415,1.0,1121.0,3.417682926829268,34.18,-118.9,3.338,3.2766843785287105,3.5214882369148883,3.30235564849637,2.7546250000000003
433,2.9926,46.0,4.458823529411765,1.04,920.0,2.164705882352941,37.88,-122.29,1.921,2.158255533935911,2.243576118043997,1.9418899660934423,2.846458333333334
9140,4.7437,10.0,5.902702702702703,1.0945945945945945,1119.0,3.0243243243243243,34.46,-118.27,2.94,2.1472970700899334,2.108154389540476,1.9732844259916704,2.1734680851063817
7361,2.3175,26.0,3.8136061946902653,1.0381637168141593,8551.0,4.729535398230088,33.97,-118.18,1.545,1.5733182699796986,1.5740025750424689,1.5876164657892686,1.575285714285714
3609,3.4514,38.0,3.8215767634854774,0.991701244813278,1023.0,4.244813278008299,34.25,-118.43,1.519,2.169265423069188,1.9399060429954544,1.9524309255818224,1.6980914893617025
17106,9.8892,40.0,8.24401913875598,0.9952153110047847,976.0,4.669856459330144,37.46,-122.2,5.00001,4.820696994913325,4.892746958135129,5.537470488612593,3.606604
16790,5.2573,21.0,5.60285132382892,1.0224032586558045,2027.0,4.128309572301426,37.65,-122.46,3.229,2.937508594636455,2.8019645006185927,2.841856139399106,2.20485294117647
20298,2.9832,22.0,4.718978102189781,1.0197080291970804,2694.0,1.9664233576642336,34.18,-119.2,1.656,2.0828540642667814,2.1110966045409874,2.046348022823389,2.2096153846153843
13166,3.6354,17.0,5.457380457380458,1.0644490644490645,1487.0,3.0914760914760913,36.84,-121.38,2.212,2.0981530449317636,1.9307442597769449,1.9922948816803618,2.0455147058823524
7924,3.625,31.0,4.008431703204047,1.0118043844856661,2042.0,3.4435075885328836,33.84,-118.08,1.704,2.1928602528760908,2.2059734612605726,2.009925823254255,1.6980914893617025
11764,6.0804,6.0,7.034690799396682,0.971342383107089,2105.0,3.1749622926093513,38.72,-121.27,1.987,1.98229469264641,1.9483045117599247,1.7150944288801,2.1438
8409,1.9766,34.0,3.4277777777777776,1.05,810.0,4.5,33.93,-118.35,1.625,1.6620530067784427,1.3411366912523004,1.5780627105020666,1.1610000000000003
16951,6.6959,34.0,6.470909090909091,1.018181818181818,1747.0,3.1763636363636363,37.52,-122.34,4.112,3.6054830959795923,3.818933345476889,3.6255191723913827,3.384902920353981
17745,6.1463,6.0,7.181262729124236,1.1384928716904277,1378.0,2.8065173116089612,37.3,-121.76,3.355,2.9360867539542186,2.896143969926751,2.8414554316286313,2.6474784782608687
13342,3.449,15.0,5.151515151515151,1.0524475524475525,2373.0,2.765734265734266,34.03,-117.65,1.491,1.5846291662966308,1.5059459210994768,1.5102837685506572,1.4830576923076921
8925,4.0893,31.0,3.6457800511508953,1.0281329923273657,1410.0,1.80306905370844,34.01,-118.48,3.815,2.5678770257179946,3.043090181022777,2.3649923355423135,4.200291730769228
6842,1.1875,17.0,3.017605633802817,1.0070422535211268,1590.0,2.7992957746478875,34.06,-118.13,1.839,1.014058240474435,0.9618881345030406,1.141056749632475,1.4618837209302329
1158,4.5156,35.0,6.122033898305085,0.9932203389830508,683.0,2.3152542372881357,39.53,-121.53,0.912,1.4705470792617212,1.1840776916649676,1.2216612958838637,1.7373333333333332
128,7.5544,40.0,7.631498470948012,1.0305810397553516,1616.0,2.470948012232416,37.83,-122.21,4.115,3.7318343574262984,3.9404159251868176,3.712759934897023,3.254571428571428
8020,4.8594,37.0,6.481632653061224,1.110204081632653,692.0,2.8244897959183675,33.84,-118.11,2.203,2.5950420031219212,2.711273620714881,2.384979387521009,2.684588697916666
3502,3.5347,36.0,4.176691729323308,1.0338345864661653,1333.0,5.011278195488722,34.27,-118.44,1.581,2.1690033243845726,1.8144886789619712,1.9615765707452102,1.6980914893617025
11858,2.2067,24.0,5.945255474452555,1.1423357664233578,641.0,2.3394160583941606,40.08,-120.91,0.696,-0.0335701847822798,0.8971982180728368,0.3831829661517526,0.7766740740740745
10329,6.6207,16.0,6.858546168958743,0.9862475442043221,1496.0,2.93909626719057,33.84,-117.75,2.705,2.8793546907000636,2.8360993180319296,2.698321723325206,2.7292727272727273
7695,4.3882,29.0,5.0618181818181816,1.0581818181818181,1278.0,2.3236363636363637,33.96,-118.11,2.616,2.390389334339068,2.5117233026304673,2.1817403387605,3.2580940654205603
123,5.1773,52.0,6.358558558558559,1.0342342342342343,1177.0,2.120720720720721,37.84,-122.24,3.895,2.9527638392299176,3.2398268411932865,2.713899757953442,3.8553143749999994
1247,2.25,10.0,5.428571428571429,1.2653061224489797,154.0,3.142857142857143,39.1,-122.33,0.75,1.0351579704660092,1.0550923818169198,1.07814834489918,0.8601019387755103
820,4.5913,24.0,5.141280353200883,1.0264900662251655,1401.0,3.0927152317880795,37.63,-122.07,1.776,2.5721589972830907,2.4484805514575108,2.3864135606620844,2.288930232558139
10010,3.045,9.0,6.475113122171946,1.1493212669683257,681.0,3.081447963800905,39.2,-121.12,1.704,0.5946152282462975,1.261977502896346,0.7552882988644152,1.1184398496240606
7431,3.3472,42.0,3.452513966480447,0.9106145251396648,680.0,3.798882681564246,33.94,-118.2,1.542,2.176073402938681,2.0423161141167023,1.9560864788350467,1.6980914893617025
7167,2.5033,44.0,4.106194690265487,1.0199115044247788,1853.0,4.099557522123894,34.06,-118.17,1.319,1.7550390818343007,1.5135917316494192,1.6164994008694027,1.3590212765957446
19764,1.4923,31.0,4.592841163310962,1.0402684563758389,1193.0,2.668903803131991,40.07,-122.14,0.444,0.33619363758824483,0.5180344826967604,0.6040028272382703,0.6606528099173556
7217,2.6042,45.0,4.027027027027027,1.0405405405405406,925.0,4.166666666666667,34.03,-118.16,1.45,1.8458569168073544,1.5821348135119282,1.6739342050943375,1.3590212765957446
10830,5.5,16.0,5.097323600973236,1.094890510948905,963.0,2.343065693430657,33.66,-117.94,2.241,2.8399585213800362,2.965491386038377,2.6652058082388295,2.5808571428571434
10083,4.7917,7.0,26.88235294117647,4.676470588235294,85.0,2.5,39.35,-120.21,1.875,1.1500639844649734,2.3450989384319803,1.0453295841919008,1.436
5787,2.5924,19.0,3.6426426426426426,1.09984984984985,3171.0,2.380630630630631,34.15,-118.24,1.929,1.6676443590079812,1.8663491302886999,1.5977632416850156,1.6896285714285717
11973,1.4719,26.0,3.8758169934640523,1.0147058823529411,1647.0,2.6911764705882355,34.0,-117.41,0.886,0.8425272577542335,0.7189404401284818,0.9814466741563364,1.171109589041096
7755,3.7917,35.0,5.0,0.9838709677419355,381.0,3.0725806451612905,33.91,-118.12,1.839,2.155034015192491,2.105294036843185,1.96296369471927,2.0675079006772012
20467,6.1253,25.0,6.66205533596838,0.9920948616600791,1717.0,3.3932806324110674,34.27,-118.75,2.25,3.024557812215252,3.1133825093207808,2.9163990448265844,2.590892857142857
13963,3.9688,15.0,16.55056179775281,3.0786516853932584,622.0,2.3295880149812733,34.24,-116.87,1.828,1.577536437081796,1.7595204622667215,1.4389891363087575,2.1130500000000003
19453,4.3864,15.0,5.691449814126394,1.0855018587360594,1624.0,3.0185873605947955,37.67,-120.95,1.376,1.8683372992039102,1.7262026123541456,1.6660493775974579,1.6465507246376807
18513,4.0417,47.0,5.3418803418803416,1.064102564102564,607.0,2.594017094017094,36.98,-122.01,2.653,2.804155284399835,3.146238292779918,2.640976353397949,2.342923076923076
2948,0.9288,26.0,4.28921568627451,0.9754901960784313,567.0,2.7794117647058822,35.32,-118.99,0.366,0.6501721454485698,0.45377790474616897,0.8887681668123153,0.6422727272727272
13093,4.5815,21.0,6.165909090909091,0.9818181818181818,1287.0,2.925,38.55,-121.37,1.255,1.6882620717051986,1.5419619003352827,1.4791078729720764,1.2927499999999998
15068,3.7019,37.0,4.514388489208633,0.8561151079136691,671.0,2.4136690647482015,32.78,-116.97,1.386,2.0713635844847946,2.1349066070244342,1.8952178331518126,2.0391428571428567
9801,3.4048,30.0,7.088541666666667,1.5208333333333333,628.0,1.6354166666666667,36.55,-121.94,4.871,2.648853032029171,3.012889196062071,2.5811350029613855,2.6454
17686,2.7768,19.0,4.280354706684856,1.0545702592087312,4312.0,2.941336971350614,37.3,-121.85,1.786,1.875321503608259,1.759849239368182,1.8171457386824548,1.3244647887323941
13663,5.0318,24.0,6.509933774834437,0.9900662251655629,786.0,2.6026490066225167,34.03,-117.31,1.345,2.0222671429864265,1.9456283962014178,1.7932213886145552,1.60085
10127,7.6486,17.0,7.043879907621247,0.9942263279445728,2771.0,3.199769053117783,33.93,-117.88,3.067,3.3487581986698514,3.2947505771065,3.2559542608850123,3.3565000000000005
7599,3.9,36.0,5.2727272727272725,0.922077922077922,268.0,3.4805194805194803,33.89,-118.25,1.158,2.1948919405330103,2.101444843211601,2.0195206478983416,1.7495862068965513
5160,1.5313,23.0,3.305,1.0183333333333333,2048.0,3.4133333333333336,33.96,-118.28,0.914,1.303998937405448,1.109816128315535,1.3471164750160365,1.4618837209302329
15570,5.0278,14.0,6.230088495575221,1.1084070796460177,1448.0,3.2035398230088497,32.99,-116.89,2.109,2.301383618481868,2.240923750403285,2.1258001847687304,1.797610169491524
963,6.3132,18.0,6.73536299765808,0.990632318501171,1395.0,3.2669789227166275,37.69,-121.91,2.592,2.9665341950304356,2.801660602160103,2.8048494154216614,2.590892857142857
15542,8.6803,16.0,6.580821917808219,0.9205479452054794,1080.0,2.958904109589041,33.07,-117.1,3.473,3.8283475571965093,3.5861058672724315,3.8699887362671825,3.4047297297297305
3014,4.5724,6.0,11.865489130434783,2.1739130434782608,2006.0,2.7255434782608696,34.83,-119.15,1.684,2.3670472193035135,2.6001913363912905,2.2839702246338454,2.0204405504587157
1959,3.6406,19.0,6.3147353361945635,1.0972818311874106,1865.0,2.668097281831187,38.72,-120.78,1.509,0.9912066720793926,1.179247167394323,0.9739808991373238,1.380823182711198
13871,3.7478,13.0,6.297435897435897,1.0324786324786326,1767.0,3.0205128205128204,34.41,-117.33,1.135,1.2443111733499372,1.268006740927238,1.2244115594687748,1.1491942446043166
20369,5.8652,20.0,7.116022099447513,0.988950276243094,539.0,2.977900552486188,34.18,-118.9,3.026,2.9074820047993377,3.113333366523422,2.830544136186096,2.669019607843137
20271,4.3693,15.0,7.194321766561514,1.3444794952681387,3327.0,2.0990536277602523,34.17,-119.27,4.233,2.6185730611287337,2.889762043367091,2.6111617879826836,2.3425576923076923
8570,7.3151,34.0,6.204176334106728,1.0092807424593968,1087.0,2.5220417633410674,33.9,-118.4,4.922,3.7237120655302185,4.037606812637408,3.734029342770423,4.148202666666667
8114,2.9943,41.0,3.828828828828829,1.0648648648648649,1604.0,2.89009009009009,33.8,-118.19,1.906,2.1381669211189362,2.3660874054453056,1.9502574288710783,1.8302134831460672
10865,3.1742,20.0,4.228710462287105,1.2384428223844282,1403.0,3.413625304136253,33.71,-117.88,2.45,2.003189708567947,2.0657717555114696,1.8499066475652737,1.6980914893617025
16245,2.1265,32.0,4.436314363143631,1.1111111111111112,2050.0,2.7777777777777777,37.98,-121.26,0.557,1.1988308859491896,1.0809395859986737,1.1638068861900042,0.8206028708133976
3077,4.1917,26.0,5.435051546391753,0.9649484536082474,1416.0,2.9195876288659792,35.77,-119.23,0.84,1.8775553516836017,1.7056615862021125,1.6811117580689516,2.3668121212121216
10249,6.4218,19.0,7.153846153846154,1.0384615384615385,786.0,3.358974358974359,33.89,-117.87,2.75,2.8547755163145294,2.8045227290638044,2.6667931548994668,2.7542142857142857
13039,5.0159,6.0,6.5582329317269075,1.038152610441767,4583.0,3.06760374832664,38.68,-121.15,1.896,1.5758566298135266,1.6344061587962002,1.4242532319898977,1.6465507246376807
17944,2.3547,31.0,4.174496644295302,1.0402684563758389,821.0,1.8366890380313199,37.33,-121.95,2.759,1.8462390782989269,1.883087942108255,1.7404512211834606,2.1326419402985084
15225,7.6832,11.0,7.26775956284153,0.9617486338797814,1226.0,3.349726775956284,33.06,-117.26,3.198,3.351819905432886,3.374590439085254,3.309479894394296,2.9208571428571433
930,4.4357,23.0,6.155339805825243,1.033009708737864,1446.0,2.8077669902912623,37.55,-122.04,2.917,2.3941551894291204,2.2653112390872012,2.2449077566317137,2.3668121212121216
3156,1.8636,21.0,4.856777493606138,1.143222506393862,1133.0,2.89769820971867,35.13,-118.44,0.679,0.9219925043964978,0.8748127682509752,1.0231318014965773,1.450416666666667
3633,4.5375,34.0,5.381944444444445,0.96875,1011.0,3.5104166666666665,34.23,-118.42,1.89,2.4139431443254047,2.3100009338775562,2.202959495664029,2.1734680851063817
18877,2.4875,26.0,4.556476683937824,1.033160621761658,2539.0,2.6310880829015546,38.09,-122.23,0.9,1.6006360750423012,1.375549585007262,1.5330616986302399,1.1184398496240606
15904,3.6687,48.0,5.8428571428571425,1.2285714285714286,148.0,2.1142857142857143,37.74,-122.41,3.35,2.5706088380294547,2.7834464089505007,2.3425036485039405,3.425966666666667
4201,2.2167,39.0,3.4474474474474475,1.045045045045045,1161.0,3.4864864864864864,34.11,-118.24,1.767,1.6916860029104508,1.5984522334480877,1.563779431187987,1.6381940298507462
9238,4.277,11.0,6.055421686746988,0.983132530120482,1360.0,3.2771084337349397,36.94,-119.9,0.985,1.505978226861778,1.5339006086473934,1.3892574379388005,1.0267857142857142
5570,3.59,35.0,4.675540765391015,1.021630615640599,1578.0,2.6256239600665556,33.89,-118.29,2.006,2.2153938358332415,2.343124131996336,2.044764508722493,2.0675079006772012
2152,2.0357,30.0,4.055415617128464,1.0327455919395465,1000.0,2.5188916876574305,36.77,-119.79,0.602,0.9976869082355568,0.9530398982422492,1.0194789389837506,0.6422727272727272
12551,4.8603,52.0,6.776758409785932,1.018348623853211,714.0,2.18348623853211,38.55,-121.48,1.919,2.119566942653609,1.8641965996185328,1.7567183955723165,1.7373333333333332
11146,3.9539,33.0,5.6567901234567906,1.0839506172839506,1187.0,2.9308641975308642,33.84,-117.98,1.911,2.1732700928636732,2.1551224053136,1.9882002192285717,2.0095447154471544
927,6.868,13.0,7.075,0.9789473684210527,2759.0,3.6302631578947366,37.47,-121.91,3.373,3.2041064563687316,3.1155389145543646,3.154060359061048,2.8781515151515156
8833,3.2818,31.0,3.617094017094017,1.041025641025641,2559.0,1.458119658119658,34.09,-118.37,2.25,2.136799587249521,2.5968589786369805,1.9641774911953562,4.021571428571429
4610,2.5386,19.0,2.9890873015873014,1.1091269841269842,2465.0,2.445436507936508,34.07,-118.29,2.906,1.7878428068503847,2.1364998182436583,1.686201683130824,2.704666781609195
12231,2.964,14.0,5.8175675675675675,1.1081081081081081,3136.0,3.027027027027027,33.75,-116.93,1.215,1.1215501352927808,0.9813378409233708,1.1746195477058121,1.1158461538461537
17005,4.9091,43.0,5.051224944320713,0.9755011135857461,1151.0,2.56347438752784,37.54,-122.29,2.932,3.0062537469189614,3.2443914351895433,2.8292109160144943,3.318
12058,2.6111,13.0,3.984009840098401,1.044280442804428,2751.0,3.3837638376383765,33.88,-117.59,1.07,1.360820395311112,1.2846973197144844,1.3571527137842465,1.1868571428571428
8952,3.9537,44.0,4.4282407407407405,1.0208333333333333,1295.0,2.997685185185185,34.03,-118.38,2.664,2.4754938502549906,2.6619652560135325,2.243791696906449,2.0675079006772012
16412,2.8676,30.0,6.205882352941177,1.2411764705882353,629.0,3.7,37.95,-121.22,0.769,1.3904038240001648,1.0942788405525667,1.2903773225906288,1.1184398496240606
13769,4.2333,16.0,7.207619047619048,1.099047619047619,1615.0,3.0761904761904764,34.07,-117.03,2.203,1.4439311397944525,1.4501733185299814,1.3617369922349183,1.3805932203389832
14108,2.0893,20.0,3.746067415730337,1.053932584269663,1292.0,2.903370786516854,32.75,-117.11,1.011,1.5025153846605013,1.4633375188832307,1.4950645295168359,1.171109589041096
9387,4.7475,28.0,5.325513196480938,1.064516129032258,2100.0,2.0527859237536656,37.88,-122.5,4.746,2.7719935190114064,2.912397430584516,2.6104702291471926,4.5428706666666665
13906,1.9375,22.0,4.984517304189436,1.1238615664845173,2581.0,2.3506375227686704,34.07,-116.47,0.653,0.5235234832231646,0.6021801160629008,0.7536318887606943,1.0660612244897962
15527,2.1437,17.0,3.7344508160564622,1.1592412880458756,7014.0,3.093956771063079,33.13,-117.08,1.137,1.3968371574072158,1.642012154486067,1.432642770175959,1.171109589041096
9705,3.2355,30.0,5.00668449197861,1.0254010695187166,1762.0,2.355614973262032,36.66,-121.65,2.142,2.264844951123233,2.2763721166037656,2.1664387243108445,2.30386
7117,5.4236,35.0,5.468671679197995,0.9774436090225563,1248.0,3.1278195488721803,33.91,-118.02,2.167,2.7790696113565208,2.767886506594231,2.546907383855301,2.5369416788321173
11635,4.225,34.0,4.635311143270623,0.9450072358900145,2072.0,2.9985528219971056,33.83,-118.03,1.984,2.3456379416385857,2.3640392543644655,2.146819042488799,2.0026875
6434,2.5114,32.0,4.208510638297873,1.1404255319148937,826.0,1.7574468085106383,34.11,-118.01,2.122,1.643704794398239,1.8298957721478157,1.5198487195533477,1.9825882352941178
15765,3.2981,52.0,3.9532908704883227,1.0021231422505308,872.0,1.851380042462845,37.77,-122.43,2.227,2.4944507842307724,2.8979723492147595,2.2513983981843206,3.2665631250000007
13150,4.6477,27.0,6.098214285714286,1.2410714285714286,1230.0,3.6607142857142856,36.92,-121.47,2.659,2.712844990387084,2.6326505056102385,2.5385743295991197,1.87515625
19801,1.7969,10.0,7.448979591836735,2.0816326530612246,140.0,2.857142857142857,40.4,-123.08,0.375,1.0025885954686555,0.9091486324209288,0.999065360182025,0.8601019387755103
15873,3.2964,52.0,4.263502454991817,1.1096563011456628,2071.0,3.3895253682487727,37.76,-122.41,2.65,2.5273120111922855,2.812765654130151,2.294466773467624,3.162777777777777
11800,3.1691,45.0,4.96068796068796,0.9680589680589681,1104.0,2.7125307125307123,38.9,-121.29,1.087,1.2452888896112966,0.9181768258256113,1.0960126358201663,1.18
2943,1.5743,31.0,4.544871794871795,0.9807692307692307,1219.0,3.907051282051282,35.36,-118.97,0.467,0.9302533809736915,0.5141330159000148,1.0412364000196672,0.5282911392405063
10529,4.6336,2.0,4.96078431372549,1.1019607843137256,1066.0,2.0901960784313727,33.58,-117.71,1.875,2.2719756961648176,2.4561444958439633,2.127368304614421,2.2904031343283577
19714,1.5281,29.0,5.095890410958904,1.095890410958904,1137.0,3.115068493150685,39.29,-121.68,0.616,0.44080278954228813,0.5146470785144965,0.6810051533921448,0.6606528099173556
8722,5.7654,35.0,5.755474452554744,1.0182481751824817,743.0,2.7116788321167884,33.84,-118.36,3.43,3.1083517261442766,3.365465522220209,2.9573969281472836,3.384902920353981
6186,3.7083,31.0,4.8814935064935066,1.0600649350649352,1766.0,2.866883116883117,34.1,-117.9,1.66,1.9757410157675066,1.913636570662871,1.7847437014425478,2.0675079006772012
5354,3.7277,33.0,4.765840220385675,1.0633608815426998,994.0,2.7382920110192837,34.03,-118.41,5.00001,2.2733346850743863,2.379089703867048,2.0886528880640736,2.0675079006772012
10172,3.875,25.0,5.601092896174864,1.453551912568306,726.0,3.9672131147540983,33.86,-117.98,1.375,2.3452810315582457,2.2099119556078586,2.1252674083214744,1.7495862068965513
10036,1.0,45.0,4.0,1.2156862745098038,133.0,2.607843137254902,39.2,-121.07,0.906,0.3654578606586345,0.28708043725842036,0.5746563262034914,0.9192564102564103
2805,3.0268,5.0,4.86986301369863,1.1118721461187215,1182.0,2.6986301369863015,35.44,-119.05,0.77,1.397166188779416,1.50586842097622,1.3724753228397124,0.7265511811023622
3433,3.6791,37.0,4.389204545454546,0.96875,1909.0,5.423295454545454,34.25,-118.42,1.481,2.1634375084781134,1.7466854603438002,1.9682823902994357,1.6980914893617025
16225,3.5404,38.0,5.64349376114082,1.0249554367201426,1351.0,2.408199643493761,37.97,-121.33,0.916,1.7124915538945669,1.5296256962709314,1.5159051421669312,1.2561249999999997
12200,3.6273,7.0,6.651162790697675,1.140396210163652,2975.0,2.5624461670973298,33.61,-117.21,1.509,1.4557451487425248,1.3466317399449637,1.4533838247726418,2.0730226666666662
8486,3.0147,30.0,4.385714285714286,1.1333333333333333,1491.0,3.55,33.91,-118.3,1.551,2.024729821052482,2.008122026526265,1.881013237914158,1.417333333333333
13631,2.5238,32.0,5.063106796116505,1.1116504854368932,1355.0,3.2888349514563107,34.07,-117.33,0.892,1.236738060917669,1.0112102511689192,1.201310284587373,0.9443571428571428
6653,2.2174,38.0,3.517175572519084,1.0782442748091603,1449.0,2.765267175572519,34.16,-118.14,2.154,1.6372748074920276,1.6994121638615345,1.5126496695651754,1.8302134831460672
19757,2.035,19.0,5.060728744939271,1.0303643724696356,1293.0,2.617408906882591,40.16,-122.24,0.551,0.4031087353973486,0.8099613059134383,0.6540110393544627,0.7766740740740745
11176,3.3831,30.0,4.785834738617201,1.0944350758853287,1758.0,2.9645868465430016,33.83,-117.96,1.974,1.9978595951540403,1.9984638046344974,1.84017591640908,2.0675079006772012
14048,2.375,41.0,3.7228915662650603,1.0120481927710843,747.0,1.8,32.76,-117.13,1.544,1.8144410060329403,2.12416505380292,1.6848683021597815,1.729
1837,2.3946,35.0,3.636963696369637,1.0165016501650166,688.0,2.2706270627062706,37.9,-122.3,1.417,1.8619715852903356,1.8471028422752753,1.710357063648103,1.4373999999999998
16355,2.5742,25.0,4.721374045801527,0.9790076335877863,1947.0,3.7156488549618323,38.03,-121.32,0.984,1.1949568401884596,0.9268839262088187,1.1803501542368249,1.1184398496240606
13967,4.4063,13.0,16.05701754385965,3.3771929824561404,567.0,2.486842105263158,34.27,-116.89,1.526,2.044687306338332,1.8727566366223605,1.7663372757722553,1.4043157894736842
4982,2.0809,52.0,5.631004366812227,1.0786026200873362,1558.0,3.4017467248908297,34.0,-118.29,1.096,1.5815238401286396,1.3047420805832264,1.508609584903458,1.168242424242424
19075,2.652,17.0,5.248543689320388,1.0679611650485437,1241.0,2.4097087378640776,38.3,-122.48,1.713,1.5525163273327494,1.3489856485662728,1.5121679639659846,1.4800952380952381
12412,3.0682,14.0,5.4930693069306935,1.120792079207921,1530.0,3.0297029702970297,33.73,-116.24,1.041,0.9306410778183729,1.0047748451326364,0.9879540120451984,0.9443571428571428
3616,3.9167,28.0,3.675767918088737,0.9829351535836177,1377.0,4.699658703071672,34.26,-118.44,1.539,2.2897245381540063,2.013420642194174,2.0794438669668462,1.6980914893617025
8679,3.1505,30.0,4.266666666666667,1.0206896551724138,899.0,2.066666666666667,33.88,-118.33,2.7,2.044162158973526,2.2442471427204493,1.9020516732940327,2.835598712121211
7907,6.3093,19.0,6.037174721189591,1.0193308550185873,5026.0,3.7368029739776953,33.85,-118.09,2.865,3.0292986840567626,3.20837216884852,2.938214875497993,2.590892857142857
18478,4.9028,14.0,6.372151898734177,1.008860759493671,2124.0,2.688607594936709,37.1,-121.63,3.35,2.480693226959719,2.3691719656310117,2.369084441059473,2.59930025
8369,2.3882,47.0,4.364085667215815,1.126853377265239,2374.0,3.911037891268534,33.98,-118.34,1.377,1.8914374958688858,1.8942530163783267,1.74640275733291,1.450416666666667
4140,3.7813,30.0,4.656551724137931,0.993103448275862,1990.0,2.7448275862068967,34.12,-118.17,2.32,2.0827511513396577,2.068367421318208,1.905128197746777,2.0675079006772012
16151,4.218,52.0,5.396761133603239,1.04251012145749,1362.0,2.757085020242915,37.78,-122.48,3.938,2.7741012726698733,3.035109677287617,2.557309870788637,3.4461818181818185
12628,1.3679,23.0,4.065250379362671,1.2018209408194234,1740.0,2.640364188163885,38.5,-121.48,0.703,0.7659850015580916,0.871262770455862,0.8903764615117851,0.9192564102564103
7300,2.1468,33.0,3.2033898305084745,1.0593220338983051,1615.0,4.562146892655368,33.99,-118.2,1.417,1.6715692407582052,1.433610065689054,1.5692147469938562,1.5112658227848106
7305,2.9054,37.0,3.4665551839464883,1.0267558528428093,2544.0,4.254180602006689,33.99,-118.19,1.563,1.9877359764279863,1.9361594291724287,1.8183993739805597,1.575285714285714
8317,2.7361,52.0,6.225,1.65,341.0,2.13125,33.34,-118.32,4.5,2.546753569097234,3.434012853787788,2.360344642296143,2.3845
15532,3.7109,11.0,5.717525773195876,1.0041237113402062,2300.0,2.3711340206185567,33.18,-117.14,1.998,1.6927653519949706,1.5808341711799099,1.6454363102162897,1.8546923076923076
20553,2.8068,24.0,4.391203703703703,0.9814814814814815,2225.0,2.5752314814814814,38.68,-121.79,0.953,1.2666843729236028,1.1507052559741504,1.2069097883497233,1.1184398496240606
9560,3.0911,27.0,5.5285087719298245,1.0614035087719298,1307.0,2.866228070175439,37.36,-120.6,0.869,1.384600218111191,1.2368070831923401,1.2966789836462222,1.380823182711198
6888,2.5488,30.0,3.773170731707317,1.0634146341463415,1700.0,4.146341463414634,34.06,-118.11,1.875,1.6885761402294528,1.4751170835829277,1.5782445529712623,1.3590212765957446
16664,4.625,20.0,5.546666666666667,1.0266666666666666,722.0,3.2088888888888887,35.26,-120.69,2.218,2.8958865307134762,3.0645044211829715,2.8909574187213094,2.6921250000000003
12419,1.7172,28.0,3.3714285714285714,1.0530612244897959,979.0,3.9959183673469387,33.72,-116.22,0.588,0.662460535276614,0.42910044514251355,0.8015740372683939,1.1985555555555556
8054,0.7007,30.0,3.64,1.0242857142857142,2086.0,2.98,33.85,-118.18,1.344,0.9670049298319243,0.5627823681832274,1.126499346970176,1.4554117647058822
584,5.4639,35.0,6.057534246575343,0.958904109589041,1004.0,2.750684931506849,37.71,-122.08,2.386,2.8774800142979036,2.835461978683856,2.6717437472874823,2.1669565217391304
11318,3.4955,15.0,3.7094474153297683,0.946524064171123,1617.0,2.8823529411764706,33.77,-117.99,1.609,1.95810967022154,1.9833922470673109,1.839056426499167,2.0675079006772012
12919,5.2081,27.0,5.806779661016949,0.9559322033898305,761.0,2.5796610169491525,38.66,-121.31,1.364,1.9818495830907072,1.5967340932974092,1.6565349996509346,2.296
7834,3.0967,35.0,3.8228882833787465,0.9209809264305178,1415.0,3.8555858310626703,33.91,-118.16,1.44,1.9516068584655932,1.7532429078124219,1.7979267754041124,1.6980914893617025
14727,4.3152,33.0,6.046686746987952,0.9984939759036144,1864.0,2.8072289156626504,32.79,-117.01,1.593,2.2395152614561242,2.222117689197011,2.0796619407430628,2.2981458333333338
6969,2.8311,41.0,4.377260981912145,1.0671834625322998,1222.0,3.157622739018088,33.98,-118.05,1.553,1.8626746204380003,1.8060370373823913,1.694613284479483,1.9871230769230763
1765,4.0927,46.0,4.791925465838509,1.0527950310559007,777.0,2.4130434782608696,37.95,-122.33,1.426,2.6081612879850713,2.690051095936468,2.3435019456341024,2.0824999999999996
16440,3.2123,17.0,4.946403385049365,0.9816643159379408,1867.0,2.6332863187588154,38.14,-121.3,1.207,1.3269192266476,1.2666802216162265,1.2661536205604196,1.1340000000000001
6126,3.2202,24.0,4.4,1.0775193798449612,2151.0,3.3348837209302324,34.11,-117.92,1.262,1.7637662513634433,1.6745301285445349,1.6316916463321758,1.6980914893617025
7947,4.625,44.0,6.163090128755365,1.1030042918454936,745.0,3.1974248927038627,33.86,-118.14,2.134,2.5947803915501866,2.689182504751815,2.365087960389909,2.1734680851063817
13052,4.3235,25.0,5.524489795918368,0.9469387755102041,1423.0,2.904081632653061,38.61,-121.3,1.169,1.6074379399774301,1.3830717073751644,1.397791750062682,1.2927499999999998
3498,3.705,33.0,5.191304347826087,0.9956521739130435,839.0,3.6478260869565218,34.27,-118.45,1.858,2.0713597868305635,1.8872222126707334,1.899067226519605,1.7495862068965513
1557,7.9168,17.0,8.606299212598426,1.0971128608923884,1222.0,3.2073490813648293,37.8,-121.97,3.56,3.5093713173998067,3.4385532208517393,3.4664569540800603,3.9668722580645164
16325,2.7031,10.0,4.507204610951009,1.144092219020173,643.0,1.8530259365994237,37.98,-121.33,1.5,1.2971659480316853,1.465841930002307,1.2535154128691843,1.2661093749999996
19781,2.7083,16.0,10.512820512820513,2.4153846153846152,588.0,3.0153846153846153,40.93,-122.81,0.889,1.0123310221127992,0.9823832359960132,0.9523758828354076,0.9439714285714282
17254,2.16,39.0,3.7088607594936707,1.018987341772152,606.0,1.9177215189873418,34.42,-119.71,2.591,2.127674403413756,2.5639990988588583,2.0410625305881878,1.8667333333333334
8187,7.9767,16.0,7.065602836879433,1.0053191489361701,1327.0,2.352836879432624,33.78,-118.11,5.00001,3.6608915736517824,3.785807557480818,3.7027129630190556,3.97525
13468,3.3438,8.0,5.455172413793103,1.1241379310344828,2184.0,3.0124137931034483,34.09,-117.38,1.276,1.3452796903490751,1.3645304571349905,1.323230815126426,1.1491942446043166
16248,2.1429,52.0,5.502923976608187,1.0760233918128654,414.0,2.4210526315789473,37.98,-121.28,0.699,1.2549102201877833,1.0533572753996592,1.169562707863649,1.13946511627907
10993,3.8703,23.0,3.765925925925926,1.1437037037037037,1720.0,2.5481481481481483,33.73,-117.82,1.37,2.295552988246094,2.5401280247864877,2.0832397474033875,2.6240869565217393
16115,3.9583,42.0,4.30749354005168,1.020671834625323,1041.0,2.689922480620155,37.74,-122.5,2.737,2.7039216066900362,2.878984976333906,2.49756077639216,2.0675079006772012
13785,2.7028,29.0,4.828326180257511,1.1373390557939915,1760.0,2.5178826895565094,34.03,-117.04,0.92,1.2298628881138676,1.1635410011307972,1.1792855389991006,0.9443571428571428
7936,2.8095,30.0,4.061633281972265,1.00462249614792,3412.0,5.257318952234207,33.82,-118.08,1.183,1.8042753437084875,1.465053449277662,1.7134367331952038,1.575285714285714
20376,10.2614,16.0,6.421276595744681,0.9191489361702128,578.0,2.4595744680851066,34.16,-118.86,4.108,4.864859541350438,4.749759170735779,5.696128727606071,3.4470020000000003
13872,3.4038,8.0,5.680952380952381,1.0666666666666667,2216.0,3.5174603174603174,34.39,-117.34,1.005,1.1542159453294119,1.1790183313778957,1.1737505124074703,1.1491942446043166
15755,3.35,52.0,4.783001808318264,1.132007233273056,1275.0,2.305605786618445,37.77,-122.45,4.929,2.523386829532571,2.886067561569015,2.2920861592339596,4.5428706666666665
13463,3.875,17.0,5.840958605664488,1.0239651416122004,1621.0,3.531590413943355,34.13,-117.37,1.185,1.523290981548194,1.3769240605209325,1.4279226917525727,1.1491942446043166
11941,3.5403,26.0,5.159914712153518,1.1343283582089552,1383.0,2.9488272921108742,33.94,-117.42,1.135,1.7350408412478067,1.6203063251430814,1.572287391123202,1.1491942446043166
2157,3.5972,52.0,6.215258855585831,1.0108991825613078,839.0,2.2861035422343323,36.78,-119.81,0.899,1.6343823431728708,1.4870562259961129,1.4118729680870823,2.30386
8573,7.5552,39.0,5.811965811965812,0.9572649572649573,926.0,2.6381766381766383,33.9,-118.41,5.00001,3.8919473353722442,4.204844533583224,3.9433365395555677,4.148202666666667
18357,9.3586,32.0,7.129353233830845,0.9900497512437811,498.0,2.4776119402985075,37.36,-122.1,5.00001,4.6455641245911306,4.679835663071174,5.208533731872688,4.9815094117647085
18611,4.5972,39.0,5.1201923076923075,1.1923076923076923,497.0,2.389423076923077,37.11,-122.05,1.463,3.0670626604662328,3.4265420908627684,2.915901676784475,3.2580940654205603
14214,2.375,41.0,5.205078125,1.005859375,1664.0,3.25,32.68,-117.06,1.135,1.6230555742998394,1.3326340985655825,1.5722066182879204,1.195875
8980,3.9643,46.0,5.526315789473684,1.0526315789473684,69.0,3.6315789473684212,34.0,-118.41,2.75,2.4150406878304818,2.379833138490231,2.192709093429796,1.6643333333333332
14249,2.0938,39.0,5.260330578512397,1.0165289256198347,770.0,3.1818181818181817,32.72,-117.09,1.025,1.4772560157151018,1.1787728669979833,1.4613699168989096,1.9482666666666664
15128,4.3818,14.0,5.291666666666667,1.0364583333333333,1690.0,2.9340277777777777,32.87,-116.91,1.471,2.130431126353718,2.100837780820741,1.987008833960473,1.797610169491524
11099,3.8631,17.0,3.6359223300970873,1.1407766990291262,1382.0,2.236245954692557,33.82,-117.88,2.25,2.237744231335217,2.492922388182051,2.0355632790497453,1.7236739130434784
11793,4.4085,8.0,5.745810055865922,0.9916201117318436,2268.0,3.1675977653631286,38.85,-121.19,1.394,1.336858580965122,1.4529292035652375,1.221395362472562,1.6465507246376807
20283,3.2196,31.0,4.293159609120521,1.0390879478827362,2695.0,4.3892508143322475,34.18,-119.18,1.758,2.3269099230174604,2.324765843777696,2.2345945631520143,1.6980914893617025
2814,2.8393,41.0,4.75417661097852,1.0047732696897376,1006.0,2.4009546539379474,35.42,-119.05,0.57,1.6033085696791725,1.512908120269181,1.457605848560788,0.7265511811023622
11685,3.369,19.0,4.205278592375366,1.1466275659824048,1088.0,3.190615835777126,33.88,-118.01,2.696,1.99829542818114,2.010615601037829,1.8435648364270376,1.6980914893617025
1697,6.2073,5.0,7.184633027522936,1.0412844036697249,3326.0,3.8142201834862384,38.0,-122.26,2.729,2.7926798225468885,2.6477108721875764,2.690005215542359,2.590892857142857
2740,3.1597,29.0,6.4,1.1551020408163266,848.0,3.4612244897959186,32.78,-115.56,0.762,1.1363265387319492,0.9106978657438198,1.115461871476319,1.4865625000000005
10376,10.1531,2.0,9.90632911392405,1.130379746835443,2985.0,3.778481012658228,33.64,-117.62,4.841,4.086722361643583,4.232562966473378,4.38726698424312,4.474127083333335
7231,2.6,40.0,3.824,1.004,2077.0,4.154,34.02,-118.14,1.806,1.7850029353979575,1.5670231044434053,1.6468568986026808,1.3590212765957446
11223,4.2759,33.0,5.513119533527697,0.9737609329446064,932.0,2.717201166180758,33.81,-117.94,2.38,2.2456833102651648,2.249854696703507,2.05055949294112,2.3668121212121216
14284,1.8299,9.0,3.7304747320061256,1.1026033690658499,1780.0,2.7258805513016844,32.72,-117.13,1.375,1.3401048676510796,1.339195736429135,1.4076003720959687,1.171109589041096
11770,4.3897,14.0,6.245689655172414,0.9827586206896551,670.0,2.8879310344827585,38.74,-121.32,1.863,1.424971132617024,1.5222515518685087,1.2832365683466058,1.2927499999999998
14581,4.9219,35.0,6.15406162464986,0.988795518207283,945.0,2.6470588235294117,32.82,-117.19,1.929,2.5782414267544764,2.7449496323275593,2.3984548726509924,1.8282352941176467
1066,1.5633,41.0,4.590189873417722,1.0901898734177216,1426.0,2.2563291139240507,39.74,-121.85,0.845,0.5184529506755453,0.538219152949627,0.6814825656230556,0.6606528099173556
14742,3.4792,13.0,4.914163090128755,1.0128755364806867,1761.0,2.51931330472103,32.58,-117.06,1.076,1.9319334942238748,1.9233683964864996,1.8733513359708147,1.62219512195122
19880,0.78,10.0,3.835766423357664,1.083941605839416,927.0,3.383211678832117,36.33,-119.28,0.555,0.26760031987519173,0.5380331773285361,0.6553145631552577,0.53276375
18009,3.337,29.0,4.212074303405573,1.0557275541795665,1602.0,2.4798761609907123,37.29,-121.97,2.653,2.296609082646568,2.384454015269492,2.137584182529699,2.0675079006772012
14368,5.9113,37.0,6.438746438746438,1.0085470085470085,809.0,2.304843304843305,32.73,-117.24,3.883,3.0829184098981073,3.490199107895328,2.944645866662061,4.052075555555555
14817,6.3612,35.0,7.03855421686747,1.0554216867469879,1042.0,2.5108433734939757,32.69,-117.19,4.827,3.221975074728409,3.6223596449987294,3.1213961382139415,4.417692000000001
735,5.5797,35.0,6.338461538461538,1.0205128205128204,1171.0,3.0025641025641026,37.67,-122.15,1.981,2.98896433548093,2.975495294201557,2.811200700315724,2.5369416788321173
2439,2.2727,10.0,4.934027777777778,1.0763888888888888,1443.0,2.5052083333333335,36.59,-119.61,0.927,0.8320076743298863,1.0341089654942928,0.964487396863984,0.656358695652174
17284,5.5959,30.0,5.78239608801956,1.019559902200489,1053.0,2.5745721271393642,34.41,-119.74,3.462,3.340476959443316,3.938288926890524,3.3866298492640468,3.2490572357723586
2498,1.9417,20.0,4.950207468879668,1.0912863070539418,1274.0,5.286307053941909,36.55,-120.51,0.388,1.1880752819534495,0.6586066602373741,1.2416239033584207,0.5950161290322581
12555,1.2679,47.0,5.186567164179104,1.154228855721393,1346.0,3.3482587064676617,38.54,-121.47,0.567,0.7561182865689697,0.43807969596333285,0.8592726242525133,0.8206028708133976
18908,4.5053,16.0,5.766176470588236,1.0691176470588235,2830.0,4.161764705882353,38.15,-122.26,1.237,2.2695404921949933,2.023467618297407,2.1037146169364647,1.6033541666666669
12532,2.2031,36.0,4.170068027210885,1.129251700680272,425.0,2.891156462585034,38.57,-121.51,0.938,1.182785285835751,0.9370868407922655,1.0995269290565557,0.7472181818181819
14757,1.6348,15.0,3.404320987654321,1.0,2511.0,3.875,32.55,-117.04,0.932,1.2975781850816428,0.9597704220719252,1.384241123529173,1.0891764705882352
2782,1.2049,17.0,4.3375,1.20625,775.0,2.421875,32.74,-114.66,0.44,0.06724407403151123,0.4685799817112486,0.5006976832359171,0.6719375
2136,3.7578,24.0,5.061538461538461,0.9576923076923077,781.0,3.003846153846154,36.8,-119.73,0.692,1.489266519810954,1.3320988552682347,1.338034542791175,2.0675079006772012
20249,5.6756,12.0,6.752998667258996,1.0741892492225678,7132.0,3.1683696135051087,34.21,-119.25,3.018,2.98129401759874,3.128235232466549,3.0737600654528663,2.946
5371,2.7226,31.0,4.2351190476190474,1.0818452380952381,2120.0,3.1547619047619047,34.04,-118.38,2.542,1.8618861320845006,1.8617700165377742,1.7492863333473379,2.1658684868421063
1698,5.1046,27.0,6.094285714285714,0.9914285714285714,850.0,2.4285714285714284,37.98,-122.29,2.098,2.6385992705289874,2.556762167176153,2.4355656960854004,2.296
6352,4.5594,13.0,5.084321475625823,0.9354413702239789,2283.0,3.007905138339921,34.14,-117.95,1.845,2.063306964201095,1.9522160888231181,1.9078581623604407,2.0026875
12858,2.2788,38.0,4.429203539823009,1.008849557522124,597.0,2.6415929203539825,38.67,-121.38,0.734,1.0121183573799706,0.8347038750143152,0.986431945528452,0.8206028708133976
8748,6.2247,36.0,6.088737201365188,1.0614334470989761,901.0,3.0750853242320817,33.82,-118.36,3.39,3.3236673018467955,3.5762785767858425,3.215137360200857,3.384902920353981
2039,4.0027,13.0,5.785185185185185,1.0098765432098766,1347.0,3.325925925925926,36.75,-119.69,0.931,1.4451622383928608,1.43265010546678,1.3391961341184917,0.8624959349593496
13359,5.5425,12.0,7.181585677749361,1.1138107416879794,3019.0,3.860613810741688,34.02,-117.66,2.023,2.2958214794145917,2.1948043855067914,2.1205075691720836,1.7926818181818178
2360,3.0833,42.0,6.027027027027027,0.9684684684684685,617.0,2.779279279279279,36.7,-119.63,1.333,1.250777140891092,1.0916243522906186,1.1661599080895333,0.8624959349593496
14953,5.9878,26.0,8.22742474916388,1.0468227424749164,838.0,2.802675585284281,32.76,-116.97,2.707,2.688155539076673,2.907473254043923,2.5384743295441594,3.263828857142857
9826,5.9175,19.0,7.141566265060241,0.9759036144578314,944.0,2.8433734939759034,36.78,-121.71,2.402,3.0347674127736104,3.1388361884919305,2.9990752802624225,2.669019607843137
13388,2.3603,17.0,4.073743016759776,1.1564245810055866,1987.0,2.2201117318435752,34.1,-117.59,1.393,1.2772483643960917,1.4241157059414755,1.2635703383355557,1.6896285714285717
12561,2.0074,40.0,5.394805194805195,1.12987012987013,1454.0,3.7766233766233768,38.55,-121.46,0.57,0.9648218027205411,0.6387458745246883,0.9852320836494561,0.8206028708133976
20087,3.5,14.0,6.191082802547771,1.0509554140127388,822.0,2.6178343949044587,38.0,-120.33,1.707,0.967846736651323,1.2874661439833173,0.9843403970087374,1.380823182711198
4973,2.0938,42.0,4.036842105263158,1.0973684210526315,1295.0,3.4078947368421053,34.0,-118.28,1.192,1.6975379615512796,1.6180203191075275,1.5854360420852598,1.9368387096774196
8394,3.6583,37.0,3.625,0.9679054054054054,2009.0,3.393581081081081,33.96,-118.36,1.773,2.3503596840252996,2.4795309592473727,2.1509195511882018,1.6980914893617025
5557,4.7375,45.0,5.2661498708010335,1.0180878552971577,1086.0,2.806201550387597,33.94,-118.41,2.896,2.7832976286475337,3.0792935583697174,2.5695922421283206,2.4912702702702694
12692,5.8416,25.0,7.273381294964029,1.0611510791366907,639.0,2.2985611510791366,38.57,-121.4,2.976,2.226225944876701,1.9765093625953345,1.8884007661413298,2.1508
19502,3.1568,36.0,5.109649122807017,0.9371345029239766,1688.0,2.4678362573099415,37.66,-121.02,1.099,1.512782222723061,1.3073559510435633,1.3815952931519937,2.0675079006772012
19436,3.4079,18.0,5.523885350318471,1.052547770700637,1452.0,2.3121019108280256,37.69,-121.0,1.475,1.4694683972213625,1.4351833841469455,1.3749234346151082,1.9416428571428568
18721,2.4141,13.0,5.37910447761194,1.0507462686567164,1598.0,2.3850746268656717,40.64,-122.39,0.787,0.3553107336774528,1.0254933897223444,0.619250619849238,0.8601019387755103
7660,4.0687,38.0,4.832080200501253,1.0751879699248121,1358.0,3.4035087719298245,33.84,-118.22,1.603,2.470318997167361,2.5516513113930626,2.2618297339475864,1.6980914893617025
19514,2.5313,46.0,4.816115702479339,1.0495867768595042,1210.0,2.5,37.62,-121.03,0.777,1.4756301092726596,1.300681776710691,1.332250675750272,1.2356410256410257
18266,7.9813,30.0,7.216216216216216,1.0,1097.0,2.6953316953316953,37.37,-122.07,4.735,3.986043251012217,4.148779670907889,4.155321234334132,4.998052340425534
6919,10.8034,18.0,8.46058091286307,1.004149377593361,1490.0,3.091286307053942,33.97,-117.99,5.00001,4.64091961959796,4.338146705559189,5.179789247667544,4.994736363636365
1219,3.636,9.0,5.994983277591973,1.137123745819398,1800.0,3.0100334448160537,38.11,-120.91,1.331,1.273916692368763,1.3935074849841131,1.217049695887766,1.380823182711198
19825,2.75,27.0,5.003086419753086,0.9969135802469136,882.0,2.7222222222222223,36.55,-119.43,0.935,1.0798129655865356,1.0254530349676148,1.071189992107361,0.7265511811023622
18202,4.7685,5.0,4.331352154531946,1.0950965824665677,3959.0,1.9608717186726101,37.39,-122.04,2.801,2.7070536212065277,3.0202434351423735,2.6144492614464583,2.3425576923076923
16605,4.2841,8.0,7.060367454068241,1.0761154855643045,1085.0,2.847769028871391,35.63,-120.67,2.567,2.314832403347392,2.203031905785369,2.296891835574596,2.0204405504587157
11398,5.9582,21.0,6.176938369781312,0.9602385685884692,1688.0,3.355864811133201,33.72,-117.95,2.88,2.829675571754419,2.805804360257396,2.673471508076219,2.590892857142857
15530,3.1467,5.0,5.437177280550775,1.1790017211703958,1398.0,2.406196213425129,33.15,-117.1,1.611,1.5497582881362046,1.6292259079208167,1.5286478119782902,1.8546923076923076
13346,4.8281,11.0,5.525606469002695,1.0296495956873315,1044.0,2.8140161725067387,34.03,-117.64,1.37,2.09870143634839,2.0500292363407047,1.9057982031787626,1.60085
3302,1.4767,16.0,5.504983388704319,1.2956810631229236,572.0,1.9003322259136213,38.93,-122.6,0.62,0.9529068670993945,0.9290994417599736,1.061497413166188,0.8601019387755103
18308,7.1382,35.0,6.381176470588235,1.0070588235294118,1084.0,2.550588235294118,37.41,-122.11,4.438,3.7659881165242304,3.96378960584737,3.8028731944633103,4.580190625
14001,1.2548,22.0,4.410041841004184,1.0,428.0,1.790794979079498,34.57,-117.29,0.683,0.3431461281443129,0.645904530325839,0.6710318856298385,0.621
6067,5.9716,19.0,6.680805938494167,0.9936373276776246,3671.0,3.8928950159066806,34.02,-117.86,2.621,2.6093667866928043,2.4717362019560802,2.4311640922859734,2.590892857142857
19381,1.7188,45.0,5.008064516129032,1.0403225806451613,257.0,2.0725806451612905,37.77,-120.86,1.094,0.9371727113728929,0.839520791541698,0.9701419482168663,1.13946511627907
17105,6.0255,13.0,5.73015873015873,1.0833333333333333,1182.0,2.3452380952380953,37.46,-122.22,4.093,3.2200770470013933,3.2605630026788206,3.1652337793670444,3.9923219999999997
6483,3.6944,29.0,4.048744460856721,0.9852289512555391,2449.0,3.617429837518464,34.08,-118.02,1.752,2.0505538158616643,1.9442742250133762,1.8644476688385523,1.6980914893617025
8375,2.681,28.0,3.988294314381271,1.1103678929765886,3201.0,2.6764214046822743,33.95,-118.35,1.477,1.8910879493282078,2.0946325427449017,1.7919556045297078,2.1658684868421063
14360,2.4016,41.0,5.564755838641189,1.1507430997876857,1074.0,2.2802547770700636,32.74,-117.22,2.875,1.7529214679033158,1.7971750004851585,1.671569677875711,1.9482666666666664
14120,2.32,23.0,4.206989247311828,1.0470430107526882,2472.0,3.3225806451612905,32.74,-117.09,0.932,1.564610047218797,1.3680226941501625,1.5512348276753811,1.1868571428571428
19043,3.9306,19.0,6.293577981651376,0.981651376146789,348.0,3.1926605504587156,38.41,-121.76,0.938,1.5897749214102423,1.5229998723057385,1.4595695991884732,1.380823182711198
3468,3.0,31.0,4.584033613445378,1.0756302521008403,892.0,3.7478991596638656,34.31,-118.48,1.724,1.8688796251019903,1.6684139105036984,1.7268000598081428,2.0373124999999996
17094,4.5556,35.0,5.236238532110092,1.1261467889908257,1148.0,2.63302752293578,37.47,-122.24,3.186,2.872474898685478,3.048252384930656,2.702929715738511,2.3668121212121216
15025,2.9,24.0,4.4019047619047615,1.020952380952381,1005.0,1.9142857142857144,32.77,-117.01,1.852,1.7507485057174392,1.8766031527063558,1.6653606016518494,1.4235
19685,1.4661,44.0,4.492273730684326,1.0507726269315674,1030.0,2.273730684326711,39.14,-121.61,0.652,0.6337483748550028,0.5544420079199956,0.7591578750524315,0.6606528099173556
19700,3.4698,17.0,7.347014925373134,1.1082089552238805,717.0,2.675373134328358,39.13,-121.68,1.797,0.9969045207563563,1.319283269956865,1.0196672438190908,1.380823182711198
6503,2.4914,30.0,3.6728971962616823,0.9976635514018691,1857.0,4.338785046728972,34.08,-118.05,1.592,1.5882800410092575,1.2827535791036966,1.5005694134909136,1.3590212765957446
8056,2.2417,30.0,3.420135527589545,1.027105517909003,2678.0,2.5924491771539206,33.85,-118.19,1.519,1.69223787507679,1.8022626677018894,1.6194449900145216,1.8302134831460672
20600,3.1029,18.0,4.945454545454545,1.112121212121212,769.0,2.33030303030303,39.16,-121.57,0.717,1.0820518971091873,1.1603117839815866,1.031221556761838,1.2685925925925925
13367,4.0037,2.0,7.536463536463536,1.5144855144855145,2801.0,2.798201798201798,34.0,-117.58,2.452,1.7560677019483886,1.9441679712429736,1.6699577407785595,1.4830576923076921
8986,4.6277,21.0,3.983092638252906,1.0704473406128918,5127.0,1.805917576611483,33.99,-118.38,2.283,2.661211671167667,3.356128541313474,2.5222439784082265,4.462226111111111
8951,2.125,39.0,4.096153846153846,0.8461538461538461,138.0,2.6538461538461537,34.03,-118.37,1.964,1.5097591468981537,1.4108816466085836,1.462895310541966,1.9368387096774196
13163,3.7316,13.0,5.508701472556894,1.0468540829986612,2903.0,3.8862115127175367,36.85,-121.38,1.924,2.0724356840974316,1.7919414911594584,1.9954854795742238,2.0455147058823524
2046,1.4646,9.0,4.514150943396227,1.1580188679245282,1116.0,2.6320754716981134,36.73,-119.72,0.659,0.5645711904443995,0.8676691154382814,0.8097981003590202,0.656358695652174
6706,2.9511,17.0,3.5869336143308748,1.065331928345627,1694.0,1.7850368809272918,34.14,-118.14,2.823,1.754898344464015,2.0071892196529704,1.6431968620742698,1.6896285714285717
9729,3.338,19.0,5.07981220657277,0.9624413145539906,1309.0,3.072769953051643,36.8,-121.69,1.853,2.1025102067519494,1.8712402123495209,2.0327080357261904,2.0675079006772012
14255,1.9583,25.0,4.718354430379747,1.1012658227848102,1183.0,3.7436708860759493,32.72,-117.11,0.886,1.4193751963792618,1.0807588712560687,1.4400523822250495,1.3769230769230767
9652,1.7841,34.0,5.171348314606742,0.9943820224719101,1019.0,2.8623595505617976,37.03,-120.61,0.675,1.0012773732680378,0.7232167973036443,1.0747995130067034,0.8206028708133976
12745,2.1472,19.0,4.927645788336933,1.154427645788337,2256.0,2.4362850971922247,38.64,-121.38,1.434,0.8308016353282448,0.9650498146165609,0.9258641236595329,0.8206028708133976
20557,2.3468,43.0,4.6095471236230114,1.03671970624235,1855.0,2.270501835985312,38.68,-121.78,1.194,1.2588759540178975,1.0951540487708478,1.1691771657573753,1.138411764705883
3817,5.2118,35.0,5.49009900990099,1.0198019801980198,515.0,2.5495049504950495,34.2,-118.49,2.158,2.8002005208525875,2.9319375542810207,2.5802324391853477,3.2490572357723586
10352,6.2403,13.0,6.54320987654321,1.0336700336700337,2897.0,3.251402918069585,33.63,-117.68,2.574,2.8093850557843325,2.788689315562344,2.6654311473614873,2.590892857142857
18317,4.875,33.0,5.630597014925373,1.1305970149253732,748.0,2.791044776119403,37.44,-122.12,3.734,2.91198815107112,2.964835991083108,2.7381268022510468,2.684588697916666
5621,2.25,24.0,3.54320987654321,1.0679012345679013,784.0,4.839506172839506,33.78,-118.24,1.523,1.701378489373273,1.3507638954696357,1.6307760609676705,1.3590212765957446
6832,5.3032,52.0,5.095744680851064,1.0283687943262412,980.0,3.475177304964539,34.08,-118.12,2.457,2.9475590616170697,2.9602827156103944,2.6518986937649003,2.20485294117647
3059,2.6066,21.0,5.790361445783133,1.163855421686747,1647.0,3.968674698795181,35.65,-119.77,0.8,1.510103635214282,1.1797807681643502,1.4864256803350773,0.8590416666666669
14248,2.2024,5.0,4.098984771573604,0.9822335025380711,1094.0,2.7766497461928936,32.72,-117.1,1.372,1.3168283530007696,1.2584042283825727,1.3990028837458457,1.171109589041096
17834,6.1256,16.0,5.41554054054054,0.9695945945945946,1080.0,3.6486486486486487,37.41,-121.86,2.669,3.1043535324332856,2.864801543293709,2.9718769843165522,2.590892857142857
8715,5.785,25.0,5.5718533201189295,0.9890981169474727,2537.0,2.5143706640237857,33.85,-118.37,3.953,3.0169130193248375,3.2804928262204527,2.9078444065548803,3.8499041935483875
20473,5.4038,26.0,6.028125,0.915625,1067.0,3.334375,34.26,-118.76,2.221,2.7389165267919484,2.7673962002235646,2.5947167438181595,2.20485294117647
5306,3.2545,9.0,3.5186206896551724,1.1689655172413793,2609.0,1.7993103448275862,34.06,-118.44,5.00001,2.0646053302649037,2.5618440775414513,1.9528650649265975,2.35
9796,5.8142,28.0,7.648648648648648,1.2378378378378379,898.0,2.427027027027027,36.49,-121.88,5.00001,3.415566695532466,3.8860435540580482,3.504876310501288,3.2490572357723586
3579,4.375,35.0,5.961672473867596,1.0470383275261324,1690.0,2.9442508710801394,34.23,-118.54,2.329,2.393238171800056,2.436127409564693,2.210658336568281,2.1734680851063817
16043,4.5913,49.0,5.7482993197278915,1.0442176870748299,770.0,2.619047619047619,37.72,-122.47,2.597,2.8929420187348915,3.1333643478295174,2.693732563580456,3.4461818181818185
15442,2.9133,4.0,5.376395534290271,1.2328548644338118,1481.0,2.3620414673046253,33.18,-117.27,2.157,1.5461077713312386,1.641703494355258,1.5395345200293375,1.6175675675675674
17831,5.5968,23.0,5.783870967741936,1.0290322580645161,1145.0,3.693548387096774,37.4,-121.85,2.432,2.9358591947985824,2.7416930677381277,2.7708652841295587,2.20485294117647
7115,4.2305,32.0,5.891774891774892,1.2359307359307359,2541.0,5.5,33.91,-118.01,2.214,2.349510734614704,2.1540936082000317,2.1501607050898346,2.1734680851063817
3287,2.7639,9.0,8.758620689655173,1.7241379310344827,66.0,2.2758620689655173,39.04,-122.69,1.125,1.3892250962857466,1.2740034121498816,1.3597089429459457,1.4068749999999999
18557,3.1312,19.0,4.137724550898204,1.1437125748502994,324.0,1.9401197604790419,36.91,-122.01,3.885,2.366469967465546,2.5801567155259333,2.258105912915678,2.3456521739130434
14454,3.875,39.0,4.589242053789731,1.0415647921760391,805.0,1.9682151589242054,32.83,-117.27,4.1,2.414902148618764,2.7995091301815322,2.21303728439706,4.200291730769228
7958,4.625,47.0,5.068965517241379,1.0632183908045978,536.0,3.0804597701149423,33.88,-118.18,1.63,2.737515262745982,2.8832177176973524,2.4806137156859593,2.0026875
14405,4.3403,38.0,5.068,1.36,442.0,1.768,32.77,-117.28,5.0,2.8352526119189685,3.4635002196609,2.6180343794659566,4.200291730769228
20162,2.4659,27.0,6.311320754716981,1.2358490566037736,314.0,2.9622641509433962,34.39,-119.34,2.313,1.8461540991041516,1.6548263711145896,1.8140367727153386,2.0373124999999996
3213,3.0846,47.0,5.933333333333334,1.1333333333333333,832.0,2.641269841269841,36.34,-119.65,0.761,1.600499157878434,1.432592702953785,1.4171453580641038,2.342923076923076
5449,3.9798,31.0,4.7073170731707314,1.1121951219512196,1002.0,2.44390243902439,34.0,-118.42,4.586,2.430411401238496,2.6551924043194237,2.236396644943122,2.0675079006772012
10309,7.4947,4.0,7.311042590094431,1.054345731354789,16122.0,3.1069570244748506,33.89,-117.74,3.663,3.0967289826137074,3.676155204664485,3.1920688425492383,2.9513684210526314
9000,4.0,49.0,6.866295264623956,1.0362116991643453,1018.0,2.8356545961002784,34.0,-118.34,2.968,2.252642269516855,2.3606999216418556,2.0661568620043744,1.6643333333333332
3047,1.6944,28.0,4.210027100271002,1.0596205962059622,3260.0,4.417344173441735,35.5,-119.28,0.586,1.1277493185282836,0.733296860056756,1.1887918015230587,0.53276375
11890,1.95,40.0,4.778688524590164,1.0245901639344261,976.0,4.0,33.97,-117.37,0.848,1.0815660255314752,0.6366142291741765,1.1037680937067629,1.168242424242424
6020,3.1641,21.0,4.833333333333333,1.1067146282973621,2558.0,3.067146282973621,34.05,-117.82,1.173,1.6607816258800308,1.5892883551292751,1.565256582361925,2.0675079006772012
1891,3.3295,17.0,6.144444444444445,1.15,466.0,2.588888888888889,38.92,-120.0,1.266,0.47533016529379335,1.0883454863247268,0.6271635357683696,1.1041718749999998
8380,3.7237,42.0,3.7324414715719065,1.0133779264214047,1082.0,3.6187290969899664,33.95,-118.36,1.708,2.4559712820399118,2.5377866039221537,2.2248494822616123,1.6980914893617025
13729,3.1801,29.0,5.757183908045977,1.0057471264367817,1576.0,2.264367816091954,34.05,-117.17,1.493,1.275663656329057,1.1703054930176837,1.232247298720932,1.16325
1026,3.0,13.0,6.317596566523605,1.1974248927038627,1091.0,2.3412017167381975,38.45,-120.59,1.19,0.7571767551678681,1.1868016707351023,0.8521281217126961,1.1184398496240606
16130,3.129,48.0,4.144736842105263,1.064327485380117,1674.0,2.4473684210526314,37.78,-122.48,3.75,2.4185461620857707,2.7219830684019732,2.205037828408253,4.130770769230769
11557,6.6539,22.0,6.412121212121212,0.9454545454545454,2408.0,3.6484848484848484,33.73,-117.98,2.849,3.1172815160322997,3.1094283782226753,3.0050654104964405,2.7345333333333333
13126,4.4306,14.0,5.355191256830601,0.9344262295081968,659.0,3.601092896174863,38.28,-121.33,1.701,1.7102390241513883,1.53969485548398,1.5172436179824818,1.3038571428571426
18337,4.9861,52.0,6.167400881057269,0.9559471365638766,522.0,2.299559471365639,37.44,-122.15,5.00001,2.9588232863663464,3.308728876570263,2.76233334707007,3.2580940654205603
15595,2.5795,12.0,8.578947368421053,2.0210526315789474,1289.0,2.26140350877193,33.19,-116.37,0.987,1.3026672010601525,1.5047795652579177,1.2724982454917608,1.9791428571428575
13897,2.182,15.0,6.047482014388489,1.3899280575539568,1756.0,2.5266187050359714,34.18,-116.29,0.608,0.5192441980544722,0.8544396858770662,0.734437932604681,0.6143611111111112
7200,1.7801,45.0,3.663484486873508,1.0310262529832936,1820.0,4.343675417661098,34.02,-118.19,1.428,1.528254606386073,1.2078352823781398,1.4505630688324742,1.4366436781609198
18528,3.2437,44.0,4.996138996138996,1.0386100386100385,645.0,2.4903474903474905,36.96,-122.04,2.239,2.4613091090813897,2.6609555965579346,2.3115825818919733,2.0675079006772012
4639,1.468,47.0,1.6807738814993953,1.0544135429262393,2860.0,3.4582829504232167,34.06,-118.3,1.375,1.70242937693765,2.218242285238679,1.5621379939603202,1.910161290322581
16070,4.8036,45.0,5.344748858447488,1.052511415525114,1092.0,2.493150684931507,37.75,-122.49,2.978,3.001431856625398,3.27490942044139,2.815071600799209,3.4461818181818185
14844,3.4583,34.0,5.50187265917603,1.0,1031.0,3.8614232209737827,32.69,-117.09,1.127,2.007786861442164,1.7907770662538152,1.8847034575904509,1.4865625000000005
19384,1.7143,16.0,4.851239669421488,1.0289256198347108,601.0,2.4834710743801653,37.76,-120.87,1.133,0.669952784302194,0.8317454484762357,0.8657597071330199,0.8206028708133976
13879,4.2414,4.0,5.938084112149533,1.0128504672897196,2541.0,2.9684579439252334,34.44,-117.38,1.214,1.4149078213102808,1.471687904607842,1.3554674313560233,1.3805932203389832
10346,6.0471,17.0,6.535849056603774,0.9792452830188679,1713.0,3.232075471698113,33.61,-117.66,2.484,2.7220763018843073,2.676792928384775,2.552614408907271,2.590892857142857
9806,6.3835,31.0,10.211764705882352,1.4705882352941178,497.0,2.9235294117647057,36.61,-121.95,4.078,3.545402860718032,4.074351450161346,3.688440988091923,3.384902920353981
18629,6.4517,23.0,7.176470588235294,1.2058823529411764,670.0,2.8151260504201683,37.1,-121.9,3.566,3.43787540164574,3.526533808862532,3.425178852129906,3.9406030000000003
16379,2.5473,16.0,4.2255054432348365,0.9657853810264385,3343.0,5.199066874027994,38.02,-121.3,1.063,1.1336258102314511,0.8660669322938055,1.1618018060631807,1.575285714285714
11955,3.7333,29.0,5.590361445783133,1.0168674698795181,1358.0,3.272289156626506,33.91,-117.45,1.214,1.7302499723321993,1.522007264996311,1.5808362720902052,1.1491942446043166
9431,3.1429,20.0,15.015151515151516,2.712121212121212,308.0,2.3333333333333335,38.26,-122.96,2.409,2.1122429853360947,1.6386036847036702,2.0516241819773215,1.5008333333333332
10431,3.2232,27.0,4.86737400530504,1.0954907161803713,1221.0,3.2387267904509285,33.43,-117.62,2.471,1.9082941829724238,1.8260022005219367,1.7783117990196913,1.1472068965517244
19743,3.1908,15.0,5.665768194070081,0.9649595687331537,957.0,2.579514824797844,40.26,-122.2,1.379,0.6984412474414885,1.1671765698922056,0.7993905067686276,1.380823182711198
1194,1.9943,27.0,5.177290836653387,1.0,1241.0,2.4721115537848606,39.37,-121.67,0.863,0.5095275686602931,0.6925991819324173,0.7146886812718092,0.7766740740740745
17236,6.5631,26.0,7.027707808564232,1.0403022670025188,1014.0,2.554156171284635,34.44,-119.66,5.00001,3.5510673036799405,4.120663017090248,3.6775453407628262,3.5768461538461542
8008,4.8393,36.0,6.248062015503876,1.0051679586563307,1138.0,2.9405684754521966,33.85,-118.11,2.163,2.5173331209533485,2.58017421095465,2.3198813331602457,2.1734680851063817
10494,5.756,13.0,6.9655172413793105,1.303448275862069,679.0,2.3413793103448275,33.47,-117.69,3.056,2.8305015074592057,2.9397917715867425,2.6720262938705432,3.3894455555555556
631,3.663,5.0,5.158536585365853,1.2134146341463414,814.0,2.481707317073171,37.72,-122.17,1.583,2.124089591376391,2.0890559322722897,2.003502430099087,1.380823182711198
10649,3.821,39.0,4.5353625783348255,1.1566696508504923,1915.0,1.7144136078782453,33.55,-117.79,4.521,2.409381794032972,2.926428180027658,2.1840344565314678,4.200291730769228
196,1.6471,52.0,2.8333333333333335,0.927536231884058,520.0,3.7681159420289854,37.77,-122.22,0.95,1.7362697682772437,1.4576244301859749,1.5817038107209114,1.925
1119,2.0458,18.0,5.047727272727273,1.0431818181818182,952.0,2.1636363636363636,39.78,-121.57,1.057,0.28110045775002646,0.904399099821467,0.5782902891393875,0.8601019387755103
2290,2.9244,32.0,5.332819722650231,1.024653312788906,1507.0,2.3220338983050848,36.8,-119.77,0.846,1.23039887358588,1.1341250487971812,1.1693329651854967,0.7265511811023622
15403,4.3068,26.0,6.5493421052631575,1.0855263157894737,1014.0,3.335526315789474,33.24,-117.23,2.401,2.08021777215626,1.9710795877268474,1.920640730285608,1.797610169491524
13225,3.4184,20.0,4.721481481481481,1.045925925925926,3690.0,2.7333333333333334,34.03,-117.69,1.625,1.6822363810745296,1.6141241599132043,1.5841047731584963,2.0675079006772012
11974,3.016,32.0,4.2,0.8987012987012987,1153.0,2.994805194805195,34.0,-117.42,0.966,1.4671130216038468,1.257185271641446,1.363634121365533,1.6964285714285714
13823,2.1781,10.0,5.199257425742574,1.051980198019802,2378.0,2.9430693069306932,34.5,-117.2,0.922,0.5664266070538369,0.6969060315107296,0.8137854277966725,0.7630526315789475
4168,4.3812,32.0,5.176360225140713,0.9362101313320825,1661.0,3.1163227016885555,34.11,-118.21,2.282,2.2836034938565017,2.2008102300303145,2.0860576578792367,2.0026875
17387,3.7589,26.0,5.5537459283387625,1.1205211726384365,1605.0,5.228013029315961,34.97,-120.44,1.137,2.642663951789789,2.4619063688737275,2.618150327207046,2.0455147058823524
2184,1.7,19.0,5.611111111111111,1.1555555555555554,1341.0,3.725,36.66,-120.1,0.69,0.8201057881392158,0.6113815001713654,0.9818960975046613,0.653909090909091
18342,6.5829,52.0,5.554216867469879,0.9116465863453815,551.0,2.21285140562249,37.43,-122.14,5.00001,3.7163012796477153,4.163810545314691,3.6600579530822746,4.441175517241381
17064,2.2746,24.0,2.9361207897793262,1.099883855981417,2437.0,2.8304297328687573,37.49,-122.21,2.25,1.9804517480286028,2.192947847357452,1.8687054851104943,1.3244647887323941
13260,3.875,28.0,5.767123287671233,1.1324200913242009,601.0,2.7442922374429224,34.1,-117.67,1.74,1.8718520451555603,1.7680093896818048,1.6803769678607652,1.4830576923076921
9416,6.2113,52.0,5.841791044776119,1.1223880597014926,1177.0,1.7567164179104477,37.86,-122.48,5.00001,3.646438093479805,4.237843960030125,3.547879651470855,5.000010000000002
274,5.2578,39.0,5.820754716981132,0.8962264150943396,236.0,2.2264150943396226,37.79,-122.18,2.53,2.8172147699710925,2.8691873896242504,2.5907369593638427,2.6084285714285715
14709,7.8336,25.0,8.055016181229773,1.0161812297734627,911.0,2.9482200647249193,32.79,-117.07,2.776,3.533976319548832,3.773301387821019,3.5201049874971586,3.9668722580645164
7094,5.979,19.0,6.860557768924303,1.0225763612217795,2374.0,3.152722443559097,33.91,-118.0,2.852,2.7253216458815235,2.7117241302619313,2.567010345748791,2.590892857142857
1804,2.3475,34.0,5.27437641723356,1.0680272108843538,1356.0,3.074829931972789,37.93,-122.33,0.903,1.665761315006645,1.317535483378035,1.5901386397970878,1.138411764705883
15366,2.7986,15.0,5.874113475177305,1.2039007092198581,1022.0,1.8120567375886525,33.34,-117.17,1.899,1.4098894652633898,1.4855337301390799,1.4010774870858884,1.9791428571428575
10853,5.422,13.0,6.287610619469026,1.0587863463969658,4071.0,2.5733249051833123,33.69,-117.9,3.166,2.563662013969372,2.5948304059231324,2.4486370692950623,2.6968125
10305,6.6678,16.0,7.6923076923076925,1.017094017094017,871.0,3.7222222222222223,33.88,-117.78,3.019,2.81654878271568,2.791777632188759,2.635505091645915,2.7542142857142857
13856,3.0204,8.0,5.469267139479905,1.0484633569739952,2739.0,3.2375886524822697,34.48,-117.32,0.931,0.9475138272673018,0.9937214816767951,1.0423927212688886,0.9443571428571428
5144,1.4625,47.0,4.201117318435754,1.0446927374301676,1168.0,3.2625698324022347,33.97,-118.26,0.942,1.406088953905067,1.1715013582581955,1.3750569538150308,1.4554117647058822
10977,4.5461,33.0,5.0296495956873315,0.8814016172506739,1053.0,2.838274932614555,33.76,-117.85,2.138,2.3354910417991332,2.302123761601896,2.124045008816782,2.3668121212121216
6223,3.9375,35.0,5.46524064171123,0.9786096256684492,628.0,3.358288770053476,34.06,-117.93,1.875,2.0120731731613124,1.8332683539487797,1.814410631876786,2.0095447154471544
15716,5.0156,52.0,5.752532561505065,1.036179450072359,1515.0,2.1924746743849495,37.78,-122.45,5.00001,3.071800847798819,3.519396940294987,2.8778640976707472,4.5428706666666665
15842,4.6547,52.0,4.5673400673400675,1.0505050505050506,1370.0,2.3063973063973062,37.74,-122.42,3.257,3.0709280192064763,3.568171969637608,2.852083832410051,3.425966666666667
15264,3.1667,28.0,3.9246575342465753,1.1575342465753424,672.0,2.3013698630136985,33.05,-117.29,3.0,2.0783334936986266,2.3191020556272757,1.8987177601028846,2.0391428571428567
1776,3.125,42.0,4.968468468468468,1.0157657657657657,989.0,2.2274774774774775,37.94,-122.34,1.439,2.093069484850152,2.063526472822584,1.9039214585500002,1.312
15617,8.0755,52.0,5.592156862745098,1.1392156862745098,838.0,1.6431372549019607,37.8,-122.42,5.00001,4.527075674911298,4.976513780999602,4.830973955649762,4.528434285714285
14927,6.6143,16.0,7.3861386138613865,1.0132013201320131,1002.0,3.3069306930693068,32.67,-117.0,2.641,2.9981091114744434,3.111629750448963,2.900515946608497,2.7542142857142857
2701,3.2396,33.0,5.46,1.076,825.0,3.3,32.85,-115.57,0.623,1.2406150927226474,0.9294384354173861,1.1603353405433197,1.4865625000000005
10019,2.4688,16.0,4.789968652037618,1.1003134796238245,729.0,2.2852664576802506,39.19,-121.18,1.388,0.606526574615252,1.0116848999764922,0.7445404552803627,1.2661093749999996
7506,3.055,37.0,5.152777777777778,1.0486111111111112,729.0,5.0625,33.92,-118.28,1.054,1.9332755397143888,1.4713614659609942,1.796744112074176,1.417333333333333
2702,1.7411,17.0,4.223577235772358,1.0406504065040652,728.0,2.959349593495935,32.85,-115.57,0.635,0.5388816696540597,0.6262149229956864,0.7773919677477414,0.6101666666666666
12069,4.2386,6.0,7.723076923076923,1.1692307692307693,228.0,3.5076923076923077,33.83,-117.55,5.00001,1.6680339913782656,1.7957738729187216,1.6054089324804846,1.797610169491524
13133,2.3343,11.0,4.361046959199384,1.1601231716705158,3422.0,2.634334103156274,38.47,-121.42,0.978,0.9969380583722913,1.2251400394664285,1.0517230526131565,0.8206028708133976
13441,4.263,31.0,5.9609665427509295,1.0408921933085502,1582.0,2.940520446096654,34.08,-117.43,1.274,1.88114857048949,1.70151645467802,1.6753799208681945,1.3805932203389832
285,2.875,30.0,4.731152204836415,1.0611664295874823,1704.0,2.4238975817923185,37.77,-122.17,1.353,1.92452213391065,1.8215512031641217,1.7935884158903481,1.6771111111111112
9693,2.3463,16.0,4.196805111821086,1.0242811501597444,6012.0,3.8415335463258784,36.68,-121.64,1.561,1.8021449495226758,1.3827699841681513,1.8329512999432351,1.6381940298507462
5754,7.4046,47.0,7.031347962382445,1.0626959247648904,911.0,2.8557993730407523,34.18,-118.28,4.468,3.6596994889070054,3.8328332022038567,3.5414781974530722,4.9518059999999995
20604,2.3496,17.0,4.5513918629550325,0.9625267665952891,3265.0,3.4957173447537473,39.12,-121.54,0.65,0.6603887318359081,0.7508544506772039,0.8218435404142084,1.1248571428571428
7443,2.6354,40.0,3.3527397260273974,1.0136986301369864,934.0,3.1986301369863015,33.96,-118.19,1.518,1.9191605994996954,1.9407742067777267,1.7435405717498624,1.8302134831460672
14081,3.125,43.0,4.700650759219089,1.0065075921908895,977.0,2.119305856832972,32.77,-117.12,1.922,2.0353482856422715,2.2498925032304715,1.8703554328509315,2.0391428571428567
8390,2.7464,21.0,3.8264550264550263,1.1216931216931216,2515.0,2.6613756613756614,33.97,-118.37,1.531,1.8829130303388597,2.0817910559510633,1.788720933378491,2.1658684868421063
15033,3.744,26.0,5.415545590433482,1.0508221225710015,1609.0,2.4050822122571,32.79,-116.99,1.658,2.0272387985002225,2.0523683204956593,1.8954401126720128,2.0391428571428567
549,3.2685,52.0,4.844943820224719,1.0292134831460673,872.0,1.9595505617977529,37.77,-122.25,2.542,2.3139751516007747,2.528883961991432,2.078143036866538,3.2665631250000007
18025,4.5333,21.0,4.95970695970696,1.0586080586080586,639.0,2.340659340659341,37.25,-121.93,2.342,2.667508935257068,2.7075672062999896,2.5079212649100984,2.9370703488372105
16182,1.2411,52.0,3.441860465116279,1.255813953488372,630.0,2.441860465116279,37.96,-121.29,1.125,1.257495648622792,1.2320764195975826,1.1456467376099098,0.9192564102564103
2909,2.9821,28.0,5.91480996068152,1.001310615989515,1593.0,2.0878112712975097,35.39,-119.03,1.187,1.3989515242715225,1.2784415369535238,1.3600541740870251,1.2646400000000002
17518,2.8042,35.0,3.895017793594306,1.0800711743772242,1193.0,2.122775800711744,37.34,-121.91,2.409,2.1291429429023276,2.2952575383777503,1.9543219285288513,2.1326419402985084
17597,5.8415,47.0,5.76978417266187,1.0215827338129497,639.0,2.2985611510791366,37.3,-121.89,2.833,3.340209027857509,3.637815308522233,3.1784011511442936,3.2490572357723586
19542,1.7679,39.0,5.0,0.8888888888888888,22.0,2.4444444444444446,37.63,-120.92,4.5,0.8672162056680239,0.7670181060598618,0.9592634067745884,0.8206028708133976
3048,1.7105,21.0,4.8244444444444445,1.0733333333333333,1315.0,2.922222222222222,35.5,-119.27,0.521,1.0067530489689527,0.81414378373063,1.114308510289534,0.656358695652174
9623,1.6929,40.0,4.521994134897361,1.0,1283.0,3.7624633431085046,37.29,-120.31,0.559,0.8602156467433035,0.5041209963845694,0.9344017186789011,0.8206028708133976
9442,2.3818,17.0,6.84390243902439,1.4634146341463414,990.0,2.4146341463414633,37.72,-120.02,0.881,0.7212866315317747,1.0298953351188762,0.8374490198254634,1.13946511627907
6466,4.6211,34.0,5.525531914893617,0.9808510638297873,1542.0,3.2808510638297874,34.09,-118.04,2.489,2.336915242771823,2.2224426423792334,2.111623805499822,2.1734680851063817
18820,3.625,52.0,5.285714285714286,1.125,143.0,2.5535714285714284,39.67,-120.24,0.686,0.8246111440293697,0.03327155948759297,0.7072646312533772,0.8506
6647,2.6217,36.0,3.792091836734694,1.0293367346938775,2846.0,3.6301020408163267,34.16,-118.14,1.563,1.7211352116640786,1.6366197024733962,1.596995094713054,1.6381940298507462
16815,4.207,42.0,5.30609597924773,0.9818417639429312,1861.0,2.4137483787289233,37.64,-122.43,2.727,2.672875766757572,2.8484397973676505,2.502923693955755,2.4101666666666666
5376,4.7386,52.0,5.162629757785467,0.9584775086505191,666.0,2.3044982698961936,34.04,-118.39,3.404,2.7699120769306305,3.153369748477524,2.5172165120548198,3.2580940654205603
6600,2.8472,44.0,5.169741697416974,0.9077490774907749,607.0,2.2398523985239853,34.18,-118.17,2.188,1.6490504991150687,1.616095585921297,1.5326987511911554,1.2646400000000002
2452,2.5033,9.0,5.012987012987013,1.0506493506493506,2157.0,2.8012987012987014,36.51,-119.56,0.701,0.905257283518488,1.0185405700254802,1.0174208347339078,0.7265511811023622
14810,5.3177,40.0,7.075949367088608,1.0474683544303798,767.0,2.4272151898734178,32.69,-117.17,5.00001,2.783742671425359,3.1465211010800056,2.6186616293673883,2.85207862745098
1979,4.625,34.0,132.53333333333333,34.06666666666667,36.0,2.4,38.8,-120.08,1.625,11.500331025900966,13.013669876924537,37.874472183578895,2.487
13855,3.3871,3.0,5.4960686204431735,1.104360257326662,3804.0,2.719085060757684,34.49,-117.29,1.118,1.0863494497122606,1.2119541915979806,1.1357216340756304,1.151586206896552
19493,2.5148,27.0,5.073496659242761,1.066815144766147,995.0,2.2160356347438754,37.67,-121.0,1.102,1.2326541599703744,1.1739119333439372,1.198133915404485,1.2646400000000002
2067,1.7692,34.0,5.560196560196561,1.0393120393120394,1184.0,2.909090909090909,36.65,-119.8,0.742,0.7895427006990776,0.5851519174056736,0.9240069581176951,0.8249843750000002
14771,2.25,18.0,4.4325955734406435,1.0945674044265594,1943.0,3.909456740442656,32.57,-117.08,1.032,1.5600092758382744,1.27836195534219,1.5696335603025422,1.195875
16726,3.5,10.0,5.929955290611028,1.1341281669150522,1834.0,2.7332339791356186,35.55,-120.7,1.721,2.212791806539257,2.066321306635457,2.1997926094510185,2.0455147058823524
13486,3.7286,26.0,7.101449275362318,1.0326086956521738,1862.0,3.3731884057971016,34.13,-117.35,1.32,1.3878398008373125,1.201748182679503,1.3361457242256245,1.1491942446043166
3268,4.0,24.0,5.982456140350878,1.1228070175438596,146.0,2.56140350877193,39.08,-122.92,1.663,2.0429245409291936,1.805738069361057,1.8280210100479581,1.7754074074074069
19930,4.0577,17.0,5.87041564792176,1.0,1100.0,2.6894865525672373,36.31,-119.33,1.073,1.5218101133324644,1.5148773988398974,1.3930465045223275,0.8624959349593496
12250,1.9707,12.0,5.213774597495528,1.170840787119857,2711.0,2.424865831842576,33.77,-116.98,1.079,0.796298932406653,0.7946089336035429,0.9753140213880953,0.9232307692307692
16323,1.3531,20.0,2.968283582089552,1.0988805970149254,1916.0,3.574626865671642,37.98,-121.32,0.946,0.9300833284563792,0.935963402972076,1.0100852759902028,1.3345555555555555
9566,2.4653,34.0,5.466666666666667,1.0031746031746032,904.0,2.86984126984127,37.35,-120.6,0.661,1.1389172872365194,0.9510696517735635,1.1299527058518555,1.2356410256410257
7666,3.7143,39.0,4.994186046511628,0.9534883720930233,673.0,3.9127906976744184,33.93,-118.08,1.582,2.1068269586166366,1.8760476619070492,1.9119189489860662,1.6980914893617025
9231,1.9063,18.0,5.661971830985915,1.0704225352112675,213.0,3.0,37.06,-120.08,0.958,0.6582541961921691,0.8063819012396967,0.8558445828338879,0.8206028708133976
12131,3.2148,14.0,5.251028806584362,1.0555555555555556,3513.0,3.6141975308641974,33.93,-117.22,1.17,1.310165966704654,1.1264575172428049,1.3033485726082237,1.1491942446043166
19259,3.9329,17.0,5.193220338983051,0.9966101694915255,1704.0,2.888135593220339,38.45,-122.74,1.709,2.125336934967508,1.90476087707589,1.9791966468109647,1.7754074074074069
11872,2.9688,42.0,4.162544169611308,0.9222614840989399,804.0,2.8409893992932864,33.99,-117.36,0.929,1.545674540489709,1.3315049872144826,1.3908402626574121,1.6964285714285714
11127,2.6563,29.0,3.6511627906976742,1.1209302325581396,1849.0,4.3,33.84,-117.91,1.625,1.7919423822467593,1.6543245219020521,1.6574488617040255,1.3590212765957446
7245,2.7292,24.0,4.393053016453382,1.0786106032906764,2103.0,3.8446069469835464,34.0,-118.11,1.938,1.67205986325517,1.4812646093526711,1.5949733797083865,1.593
4980,1.1806,40.0,4.917391304347826,1.2217391304347827,859.0,3.734782608695652,34.0,-118.3,1.346,1.2655739009864768,0.8794470069374334,1.2917779185061393,1.168242424242424
12534,1.128,46.0,4.295454545454546,1.047077922077922,1684.0,2.7337662337662336,38.56,-121.5,1.231,0.7157009648528783,0.492338715063918,0.8376294144596028,0.7472181818181819
13657,3.4228,7.0,4.466539196940727,1.0717017208413002,2534.0,2.4225621414913956,34.05,-117.3,1.157,1.4353218447305538,1.5436102308023807,1.3751890693309852,1.125
1358,2.5833,38.0,5.030120481927711,1.1124497991967872,1595.0,3.2028112449799195,38.04,-121.97,0.835,1.6721192119078994,1.417521703777473,1.5352518879980148,1.1184398496240606
3070,1.7418,8.0,4.754360465116279,1.1584302325581395,2700.0,3.9244186046511627,35.79,-119.25,0.622,0.832908349185439,0.7666293968013211,1.0107052386762727,0.5282911392405063
19935,2.6875,13.0,6.154241645244216,1.1773778920308484,1177.0,3.025706940874036,36.3,-119.34,0.744,0.979242048547045,1.078480383477955,1.0539901399050104,0.8590416666666669
7861,3.3375,39.0,4.738831615120275,0.9690721649484536,883.0,3.0343642611683848,33.9,-118.14,1.801,2.0227494322992556,1.970704748808584,1.8512400591409297,2.0675079006772012
15073,5.2907,34.0,6.50711743772242,0.9572953736654805,1513.0,2.692170818505338,32.8,-116.99,1.958,2.5861216080747553,2.6799804470660593,2.399321378558263,2.184833333333333
6551,10.2289,34.0,7.447368421052632,0.9784688995215312,1139.0,2.72488038277512,34.18,-118.09,5.00001,4.600804065281695,4.1913097157981385,4.976152192740306,4.999921329113908
12063,3.2917,30.0,5.608,1.048,356.0,2.848,33.87,-117.58,1.443,1.6407490330995385,1.5339684789352515,1.5206102640767387,1.4830576923076921
16454,2.5401,32.0,4.829268292682927,0.96987087517934,1916.0,2.7489239598278337,38.13,-121.28,1.254,1.1714098702349798,0.9648182648423586,1.1439299857490872,1.1184398496240606
2255,3.125,16.0,5.380070546737214,1.0582010582010581,3407.0,3.004409171075838,36.8,-119.83,0.808,1.205020488810503,1.1380100034022007,1.1983784562468571,0.8624959349593496
2266,2.6522,35.0,5.01360544217687,0.9897959183673469,709.0,2.4115646258503403,36.79,-119.82,0.659,1.1766977684469926,1.0740558777572733,1.1284437674720542,0.7265511811023622
8097,3.8586,45.0,4.680412371134021,1.0257731958762886,1524.0,3.9278350515463916,33.81,-118.21,1.579,2.430198291851135,2.4473739942944324,2.214223693499131,1.6643333333333332
14463,3.1324,28.0,4.228260869565218,1.2572463768115942,770.0,1.394927536231884,32.85,-117.3,5.00001,2.1948846925167813,2.750477575498976,2.0237229029708974,3.011202
17566,3.0096,42.0,3.8107142857142855,0.9142857142857143,608.0,2.1714285714285713,37.32,-121.91,1.808,2.179344736292218,2.2860069909124845,1.9860711660873909,2.1326419402985084
8193,5.0072,44.0,5.914835164835165,1.0302197802197801,947.0,2.6016483516483517,33.79,-118.13,2.362,2.7666180623608847,3.0285454054151293,2.546384024358582,2.974310344827586
7590,2.3382,38.0,4.8352941176470585,1.04,1518.0,3.571764705882353,33.9,-118.24,1.03,1.6485019843585325,1.3770031888409702,1.5787824839050968,1.168242424242424
10990,3.3047,24.0,4.306709265175719,1.036741214057508,1908.0,3.047923322683706,33.74,-117.81,2.169,1.89036943810884,1.8531299201613958,1.7574349881140994,2.0675079006772012
8829,2.6136,28.0,3.7789115646258504,1.0204081632653061,526.0,1.7891156462585034,34.09,-118.36,3.833,1.7703418271860487,1.9888229353070666,1.6566877923763697,2.704666781609195
4630,2.3674,20.0,2.7405541561712847,1.0478589420654911,2919.0,2.4508816120906802,34.07,-118.31,5.00001,1.7111556154245833,2.0271951751290995,1.6326164204083873,2.704666781609195
11839,2.8125,26.0,5.542465753424658,1.0547945205479452,922.0,2.526027397260274,39.93,-120.95,0.835,0.3178903057309259,0.8333389652681757,0.5402032117088877,0.7345217391304347
19236,3.858,24.0,7.662162162162162,1.114864864864865,847.0,2.8614864864864864,38.47,-122.65,2.144,1.9023371728590681,1.703535970264798,1.7891809735091395,1.7754074074074069
18840,3.1062,19.0,6.330232558139535,1.113953488372093,1108.0,2.5767441860465117,41.63,-122.64,1.0,0.3495393823017965,1.1167674725941266,0.562326638052302,1.7754074074074069
12634,2.3233,17.0,4.6688311688311686,1.025974025974026,2760.0,3.5844155844155843,38.49,-121.47,0.788,0.9186158541179485,0.8502273179918018,1.0033662836970563,0.8206028708133976
13602,3.3,30.0,5.086206896551724,1.0919540229885059,990.0,2.8448275862068964,34.15,-117.25,0.976,1.4813035236788306,1.3102212859108033,1.3459677941304675,1.125
3755,3.3958,42.0,4.523809523809524,1.1904761904761905,643.0,2.5515873015873014,34.18,-118.37,1.784,2.2623891230582376,2.456947025710366,2.020396637410967,2.0675079006772012
20392,6.0145,14.0,6.156748911465892,1.0827285921625545,1858.0,2.6966618287373003,34.23,-118.87,2.871,3.0721802118993806,3.272694865934766,3.0120223480269823,2.6474784782608687
10242,7.1472,25.0,7.613333333333333,1.08,486.0,3.24,33.89,-117.87,2.701,3.215483408177974,3.1592026746434696,3.0490663438814494,3.757549032258065
9152,5.2374,26.0,5.2405063291139244,0.9430379746835443,508.0,3.2151898734177213,34.45,-118.53,1.855,2.6048985359204706,2.485196113276838,2.3775177815403703,2.5369416788321173
3204,4.2396,4.0,5.197530864197531,1.058641975308642,920.0,2.8395061728395063,36.35,-119.63,0.906,1.7190733315917606,1.7678053069707746,1.5681920719146971,2.0204405504587157
17554,1.473,35.0,3.0697674418604652,1.0734883720930233,3120.0,2.902325581395349,37.33,-121.88,2.136,1.6130109103755574,1.684157236053911,1.556118887997846,2.321653194444445
16516,2.995,18.0,4.75098814229249,0.9841897233201581,1531.0,3.025691699604743,37.81,-121.21,1.243,1.3640194480938184,1.2396166648486595,1.3069645607354383,1.2356410256410257
14471,1.858,18.0,3.8175582990397805,1.00480109739369,6303.0,4.323045267489712,32.88,-117.23,2.05,1.3142900860416091,0.7789476341081674,1.4155756327792086,1.171109589041096
6463,3.5761,43.0,5.4880239520958085,1.062874251497006,786.0,2.3532934131736525,34.1,-118.06,2.567,2.0337114221310704,2.0870046622097793,1.8238398257947468,2.835598712121211
4007,7.457,30.0,6.759595959595959,0.9838383838383838,1296.0,2.618181818181818,34.16,-118.63,3.927,3.6499043439564822,3.9161028019427806,3.659781158949129,4.580190625
14614,2.1447,43.0,4.4526315789473685,1.0421052631578946,946.0,3.319298245614035,32.79,-117.17,1.333,1.663097877214468,1.5085494936650246,1.5787605012724337,1.9482666666666664
18924,4.4397,16.0,5.615015974440895,1.0,1764.0,2.817891373801917,38.06,-122.17,1.871,2.2102700014056182,2.0315917272899435,2.0412658101821015,2.2826481481481484
8692,6.0335,38.0,5.252873563218391,1.0114942528735633,519.0,2.9827586206896552,33.86,-118.33,2.554,3.292598993562865,3.468106903002483,3.139977040896887,2.2148333333333334
16870,4.7381,43.0,6.446666666666666,1.01,847.0,2.8233333333333333,37.61,-122.41,3.474,2.8068175796163795,2.9264498911405052,2.643616448062192,4.875003333333333
16461,4.196,5.0,5.515682656826568,1.0977859778597785,2679.0,2.4714022140221403,38.11,-121.3,1.717,1.6838408879729747,1.7244270516547489,1.5433366408954918,1.7884230769230764
49,1.775,40.0,2.6875,1.0653409090909092,700.0,1.9886363636363635,37.82,-122.27,1.125,1.8094753432069508,2.042237441011207,1.6513054130107472,2.7975441304347823
13916,3.0139,18.0,6.46875,1.376953125,1251.0,2.443359375,34.14,-116.15,0.826,0.8169473270777527,0.9915558933576838,0.8776224668087269,1.1158461538461537
2932,1.7375,35.0,4.2719665271966525,1.1715481171548117,1258.0,5.2635983263598325,35.36,-119.0,0.486,1.2335857292096009,0.6987658873882043,1.2115812131184684,0.53276375
2966,4.8839,16.0,5.802486187845304,1.0856353591160222,1667.0,2.302486187845304,35.34,-119.07,1.341,2.2528717563783762,2.2352596974348473,2.042363244531926,2.9370703488372105
7826,3.5972,26.0,5.0,1.097902097902098,1150.0,2.6806526806526807,33.9,-118.14,2.258,2.082244697168041,2.1234901698418955,1.9264354566456983,2.0675079006772012
6730,8.1124,52.0,6.6231884057971016,1.0193236714975846,1153.0,2.785024154589372,34.11,-118.14,5.00001,4.010686471987871,4.151740147649498,3.987099893672192,4.998052340425534
4724,5.0858,52.0,5.447688564476886,1.0291970802919708,832.0,2.024330900243309,34.06,-118.37,4.7,2.929502304292165,3.411446160846924,2.677891189020739,3.2580940654205603
6788,4.4306,52.0,5.4665012406947895,1.066997518610422,1238.0,3.0719602977667493,34.09,-118.15,2.258,2.550285832346674,2.6756583038032895,2.2701886344948674,2.1734680851063817
4742,2.0984,44.0,3.9573560767590616,1.0511727078891258,1374.0,2.929637526652452,34.05,-118.35,1.58,1.7035710138692526,1.7110947375861087,1.590148555297997,1.9368387096774196
12950,2.8973,8.0,4.518394648829432,1.0167224080267558,2033.0,2.26644370122631,38.71,-121.28,1.171,0.9313081550463254,1.2203388290926056,0.9824637853087206,1.2661093749999996
18468,7.8601,16.0,7.922190201729107,1.0504322766570606,2051.0,2.9553314121037464,37.15,-121.61,4.163,3.6379524927936293,3.6871264463938873,3.69945246047822,4.088347826086957
9440,3.0,11.0,6.9854651162790695,1.444767441860465,890.0,2.5872093023255816,37.64,-120.31,1.208,1.0672036241979679,1.2809978510893407,1.069147619209609,1.0934400000000002
8029,4.8438,36.0,5.626923076923077,0.9884615384615385,722.0,2.776923076923077,33.84,-118.11,2.263,2.588488853248334,2.6800182222933744,2.374310445619675,2.684588697916666
12784,3.8295,28.0,5.75,1.1320754716981132,559.0,2.6367924528301887,38.65,-121.44,1.222,1.5787670642160472,1.3424635484342564,1.36939771595975,1.380823182711198
1303,2.0411,24.0,4.186346863468635,1.0774907749077491,1239.0,2.2859778597785976,38.0,-121.85,1.0,1.3380893951467192,1.2569786354025305,1.3083885799313464,1.3131571428571425
17065,2.8058,47.0,3.5497237569060776,1.0814917127071824,3107.0,4.291436464088398,37.48,-122.22,2.295,2.354393685230109,2.60811536561953,2.1625245268583173,2.351142857142857
19595,2.151,33.0,4.861244019138756,0.9856459330143541,617.0,2.952153110047847,37.59,-120.89,1.958,1.074427146969744,0.8797099281162781,1.087852446960548,0.8206028708133976
19389,1.625,26.0,5.6,0.8,9.0,1.8,37.75,-120.85,0.85,0.4546425655312616,0.7420677618704845,0.7518721253028711,1.13946511627907
7716,2.7317,33.0,4.368613138686132,1.051094890510949,1166.0,2.127737226277372,33.94,-118.12,2.647,1.7796456990594902,1.8815597766707783,1.6584611089492802,2.0550312500000003
18085,8.0727,25.0,6.908408408408408,1.045045045045045,2003.0,3.0075075075075075,37.31,-122.05,4.555,4.0652412558895294,4.229344010448067,4.306439477955943,4.088347826086957
11537,2.925,26.0,4.302752293577981,1.0435779816513762,1499.0,3.438073394495413,33.76,-118.0,1.76,1.8187612606472345,1.7003261036154962,1.711781252435172,1.8302134831460672
9616,2.3929,12.0,4.8720136518771335,1.0204778156996588,1658.0,2.8293515358361776,37.28,-120.44,0.811,0.9379897081966093,0.9996943959554164,1.0342693596155743,0.8206028708133976
1373,4.2042,20.0,5.241379310344827,1.0524737631184409,3221.0,2.414542728635682,38.0,-122.12,1.664,2.232644097542891,2.163226903252882,2.0621098380063656,2.0824999999999996
2998,3.3529,14.0,5.2174688057041,1.0481283422459893,1821.0,3.2459893048128343,35.32,-119.02,0.826,1.5723456170219,1.4579567935120799,1.5015706652723853,0.8624959349593496
8271,2.7614,30.0,3.7735849056603774,1.0202156334231807,1292.0,1.7412398921832883,33.77,-118.16,2.722,1.9028167350026803,2.178712904794957,1.7782958905586743,2.329678571428571
8288,3.5528,27.0,4.073627844712182,1.0535475234270415,1398.0,1.8714859437751004,33.77,-118.15,2.711,2.2128151781221908,2.523403043623858,2.0444340907227527,4.200291730769228
18179,3.8464,17.0,3.699692307692308,1.0689230769230769,3539.0,2.1778461538461538,37.36,-122.0,2.394,2.462755105182553,2.806733704420778,2.327139091877054,2.9370703488372105
7453,4.3667,36.0,4.913654618473895,1.0100401606425702,1532.0,3.076305220883534,33.92,-118.17,1.718,2.4690272680450946,2.5282663593559835,2.2550649527039206,2.0026875
1135,2.3711,20.0,5.397014925373134,0.9970149253731343,763.0,2.2776119402985073,39.74,-121.64,1.218,0.4144051811192968,0.9438464325080171,0.6478017035938315,0.7766740740740745
15326,2.9716,15.0,4.613065326633166,1.0615577889447236,1827.0,2.2952261306532664,33.19,-117.33,1.736,1.6605762744018173,1.6830762818607488,1.6106538283626914,1.0088421052631578
10201,4.3333,35.0,6.00709219858156,1.049645390070922,679.0,2.4078014184397163,33.88,-117.94,2.393,2.261614992894898,2.3283403043522415,2.0515646860482777,3.2580940654205603
3050,2.4961,16.0,5.91044776119403,1.1529850746268657,1011.0,3.7723880597014925,35.6,-119.34,0.588,1.2250594316154013,1.0187833699718685,1.261472189679706,0.8590416666666669
426,3.5417,52.0,4.613079019073569,1.0653950953678475,669.0,1.8228882833787465,37.88,-122.27,2.875,2.456873840085805,2.7269728344882855,2.1855405797880625,3.1095000000000006
9253,2.4196,41.0,6.807017543859649,1.2339181286549707,476.0,2.783625730994152,36.95,-120.08,0.707,1.1454532144185987,0.9796909423037661,1.1165486950919488,0.8590416666666669
3694,3.0125,23.0,3.8745318352059925,1.0964419475655431,3911.0,3.661985018726592,34.2,-118.38,1.817,1.897472608789698,2.0150353679101474,1.7873489069089463,1.6381940298507462
16219,3.0354,23.0,4.327217125382263,1.007645259938838,1554.0,2.376146788990826,37.96,-121.34,1.137,1.4970541408820757,1.414081118029329,1.3793582199269832,1.1184398496240606
8039,4.8013,36.0,6.010060362173038,0.9879275653923542,1360.0,2.7364185110663986,33.84,-118.15,2.241,2.537948477186815,2.6436576357670076,2.3461938214717173,2.684588697916666
1588,8.003,18.0,7.812339331619537,1.069408740359897,3280.0,2.810625535561268,37.82,-121.98,3.513,3.6271520431700903,3.6158687285578246,3.634195132973799,4.088347826086957
17298,5.2039,24.0,5.693843594009984,0.9916805324459235,1763.0,2.9334442595673877,34.4,-119.51,3.013,2.9970763947732206,3.283210787254813,2.9694699883440507,2.6725964912280706
339,4.0469,45.0,4.125,0.95,282.0,3.525,37.75,-122.18,0.807,2.5956176293744724,2.3993418903083827,2.3303730926599857,1.1116666666666666
12133,5.0223,4.0,7.159627773801002,1.050823192555476,5439.0,3.893342877594846,33.93,-117.21,1.526,1.7755918747268584,1.5608967132652676,1.6940500897074302,1.3805932203389832
11647,5.7089,26.0,6.694290976058932,1.0441988950276244,1779.0,3.276243093922652,33.81,-118.03,2.374,2.7654050510256174,2.7914143296420484,2.5972689632415684,2.5369416788321173
14235,5.0829,5.0,5.972014925373134,0.9925373134328358,2061.0,3.845149253731343,32.69,-117.03,1.794,2.362821164913786,2.273980564435135,2.270970673771796,1.797610169491524
6392,8.9728,39.0,7.013201320132013,0.9735973597359736,862.0,2.844884488448845,34.14,-118.05,5.00001,4.135155024569572,3.887332128581102,4.19793923593225,4.9815094117647085
19272,4.7283,11.0,5.421348314606742,0.9812734082397003,1633.0,3.0580524344569286,38.44,-122.76,1.702,2.3961400103284642,2.1886563942547053,2.2398949830396924,1.7891666666666666
10908,3.375,9.0,3.1818181818181817,1.0363636363636364,1257.0,7.618181818181818,33.74,-117.86,1.653,1.9213675513811173,1.2742338002515154,1.7935299981265134,1.6980914893617025
17652,3.8936,13.0,4.12807881773399,1.1600985221674878,710.0,1.748768472906404,37.26,-121.88,2.259,2.4607982020172487,2.651122685991477,2.297955438270345,2.3425576923076923
11359,2.1838,18.0,3.578602620087336,1.0720524017467248,2513.0,5.486899563318778,33.74,-117.92,1.597,1.484429868644296,1.1286691791164092,1.4719559286251256,1.4366436781609198
5527,5.5941,44.0,6.383333333333334,1.0777777777777777,849.0,2.3583333333333334,33.97,-118.41,3.635,3.0563459298286904,3.463271843834023,2.870962416861017,3.8499041935483875
7326,3.1786,41.0,3.079136690647482,0.7985611510791367,585.0,4.2086330935251794,33.98,-118.17,1.321,2.017939622348234,1.7143332881752422,1.818857867094387,1.6980914893617025
16138,3.4236,52.0,4.641255605381166,1.1031390134529149,2030.0,2.2757847533632285,37.78,-122.46,3.768,2.549993869849636,3.0055417026443205,2.326170736927537,3.8288341666666668
3314,1.8833,23.0,7.642857142857143,2.4166666666666665,265.0,3.1547619047619047,39.02,-122.79,0.969,1.8584750995930381,1.6068135212886163,1.6371145253289434,0.6606528099173556
15802,4.3232,28.0,3.732021196063588,1.0454201362604087,2232.0,1.6896290688872067,37.75,-122.44,3.162,2.7927438217950074,3.2111507345223265,2.616621912408974,3.6249470270270288
16051,3.9097,52.0,4.888888888888889,1.0455373406193078,1395.0,2.540983606557377,37.76,-122.48,3.238,2.7098689668987688,3.0395704552200304,2.486839441096685,3.162777777777777
5286,4.6197,21.0,3.7019328585961344,1.0193285859613428,1489.0,1.5147507629704984,34.05,-118.46,3.875,2.6701820460295886,3.1010545182706952,2.4829049218342996,4.462226111111111
19285,2.6667,36.0,5.092356687898089,1.0987261146496816,1086.0,3.4585987261146496,38.43,-122.75,1.491,1.846371683371754,1.506664116795655,1.705268223787383,1.4800952380952381
5259,13.947,29.0,8.494816211121583,1.052780395852969,2919.0,2.751178133836004,34.11,-118.51,5.00001,6.35726026874701,6.173313396454238,9.210177050815368,4.999921329113908
10812,1.6389,24.0,3.294294294294294,0.9219219219219219,470.0,1.4114114114114114,33.64,-117.94,2.25,1.2849517819938319,1.4780220254256229,1.3221427969084631,1.4618837209302329
3649,3.4612,36.0,4.80241935483871,1.0725806451612903,718.0,2.8951612903225805,34.22,-118.44,1.788,2.1189026177210026,2.127318842749734,1.9261639700797568,2.0675079006772012
54,1.6098,52.0,5.021459227467811,1.0085836909871244,701.0,3.0085836909871246,37.82,-122.28,0.875,1.52050295002055,1.1581534042545631,1.4536959215957475,1.138411764705883
2973,4.1528,15.0,6.19327731092437,0.9873949579831933,768.0,3.226890756302521,35.34,-119.08,1.301,1.7928930996016372,1.7401836757839408,1.671983397093133,1.0267857142857142
8631,7.2651,36.0,6.117408906882591,0.9757085020242915,1278.0,2.5870445344129553,33.88,-118.4,5.00001,3.7129143268778364,4.070419704311951,3.721193381689263,4.148202666666667
10163,6.5764,17.0,6.55511811023622,0.9724409448818898,755.0,2.97244094488189,33.89,-117.95,3.49,2.962948197849621,2.933156308984177,2.791989934274626,3.4001707317073167
2959,2.5644,31.0,5.234527687296417,1.0944625407166124,817.0,2.6612377850162865,35.35,-119.04,0.73,1.4182406076533396,1.2967680381537956,1.3536505251196158,0.7265511811023622
15250,4.1012,17.0,8.084057971014493,1.8782608695652174,849.0,2.4608695652173913,32.98,-117.31,2.447,2.479273527815812,2.718882647198897,2.315685190607772,1.4865625000000005
6455,4.1875,35.0,5.474666666666667,0.984,1044.0,2.784,34.12,-118.06,2.754,2.1596761980695893,2.103646638028875,1.9481546959253482,2.3668121212121216
15957,4.0547,52.0,4.787878787878788,1.0212121212121212,1425.0,4.318181818181818,37.71,-122.46,2.462,2.774321167934669,2.769387318245969,2.5562593866986205,2.3185
10365,4.0221,16.0,5.594795539033457,1.0780669144981412,1649.0,3.0650557620817844,33.61,-117.69,2.362,2.010960977589856,1.9471437950617372,1.8856695377323525,2.0730226666666662
401,5.0551,52.0,5.148936170212766,0.9952718676122931,940.0,2.2222222222222223,37.89,-122.29,2.322,3.0174161351576014,3.2560502929256714,2.7586794838720756,2.588878787878789
13982,2.6477,32.0,5.885964912280702,1.456140350877193,856.0,7.508771929824562,35.13,-117.28,0.533,0.9801032520844042,0.08748705224248865,0.9438962851140482,0.8590416666666669
7294,1.8929,38.0,3.6893617021276595,1.0340425531914894,950.0,4.042553191489362,33.98,-118.2,1.631,1.5339226719191554,1.2336217621758363,1.4636766931869438,1.4366436781609198
13905,1.5823,18.0,4.822107081174439,1.125215889464594,2250.0,1.9430051813471503,34.12,-116.44,0.724,0.3144551075891233,0.5694511960736581,0.6476689380276475,1.0660612244897962
11076,4.0417,32.0,5.351515151515152,0.9757575757575757,876.0,2.6545454545454548,33.81,-117.85,2.345,2.1136735190586355,2.0941855427214673,1.9259416668817515,2.71530025
19434,3.9844,37.0,10.135135135135135,1.5675675675675675,120.0,3.2432432432432434,37.65,-121.03,1.5,1.7767736633500129,1.6984675881791367,1.5886420404658947,1.380823182711198
4981,1.5179,52.0,4.022662889518414,1.0056657223796035,1080.0,3.0594900849858355,34.0,-118.3,1.161,1.4766598986220671,1.3352802674445101,1.414523900044499,1.4554117647058822
8253,2.2538,36.0,3.5,1.0513126491646778,2077.0,2.4785202863961815,33.77,-118.17,1.813,1.7916517135814334,1.9964169984560396,1.6841293082592137,3.0518571428571426
9737,2.3384,27.0,3.2289156626506026,1.0100401606425702,2031.0,4.078313253012048,36.77,-121.76,1.21,2.0352864572600358,1.8884226419825025,1.9481947278017513,1.3590212765957446
18870,2.2734,47.0,6.002777777777778,1.2222222222222223,966.0,2.683333333333333,38.09,-122.22,0.887,1.6771554077320852,1.4774280679154346,1.5446526667246063,1.138411764705883
11236,4.7772,34.0,4.985915492957746,0.9753521126760564,980.0,3.4507042253521125,33.81,-117.96,1.825,2.5525811630499704,2.466795926976288,2.3216540146515374,1.782850000000001
19251,4.5417,4.0,5.735632183908046,0.9832007073386384,2958.0,2.6153846153846154,38.48,-122.75,1.974,2.1848412470057497,1.964741221085229,2.0793607745447553,2.2826481481481484
7554,2.6354,43.0,4.071808510638298,0.949468085106383,1509.0,4.013297872340425,33.91,-118.19,1.281,1.8263033962104895,1.5703556630233233,1.690828002777323,1.3590212765957446
18790,2.793,17.0,5.539449541284403,1.0605504587155963,1538.0,2.8220183486238533,40.42,-122.32,0.765,0.6126902562860979,0.9967310803284233,0.7497700291670581,0.9439714285714282
20405,6.5851,26.0,7.989949748743719,0.9849246231155779,654.0,3.28643216080402,34.21,-118.88,3.0,3.155310945552873,3.455416442204453,3.105975659768273,2.7542142857142857
10519,10.1122,2.0,8.78665496049166,1.2756804214223003,3550.0,3.1167690956979808,33.57,-117.68,5.00001,4.3768396298710615,4.478498391379804,4.847290294741043,4.474127083333335
5905,3.4821,34.0,4.757188498402556,1.0415335463258786,1389.0,4.437699680511182,34.29,-118.42,1.603,2.0452340589760576,1.7525891209271895,1.8667947994097176,1.6980914893617025
17822,7.0735,14.0,8.056485355648535,1.1171548117154813,2052.0,4.292887029288703,37.38,-121.87,3.356,3.312761128261429,3.2628573740038,3.289990748980581,3.21447619047619
14063,2.2599,20.0,4.367307692307692,1.1576923076923078,992.0,1.9076923076923078,32.75,-117.13,1.576,1.5964989224717208,1.762308126080068,1.565246924335581,1.3769230769230767
19191,3.9766,47.0,6.277777777777778,1.0694444444444444,310.0,2.1527777777777777,38.45,-122.7,1.906,2.3480343710347187,2.3445313507217556,2.100155608558101,1.5008333333333332
10696,3.5625,17.0,4.776523702031603,1.069977426636569,662.0,1.4943566591422122,33.61,-117.74,1.808,1.938278447734308,2.1689794002153593,1.8081807171705493,2.2904031343283577
1722,0.716,39.0,4.730769230769231,1.0961538461538463,316.0,6.076923076923077,37.96,-122.36,1.042,1.0633781102506439,-0.04920444914561384,1.1573482305305802,1.138411764705883
13306,3.125,22.0,4.714542190305206,1.132854578096948,1678.0,3.012567324955117,34.08,-117.62,1.118,1.5907269251447107,1.5222259534137432,1.478089553772941,2.0675079006772012
664,3.9702,36.0,5.297071129707113,0.9539748953974896,606.0,2.5355648535564854,37.7,-122.14,1.941,2.3387279035915314,2.271181972146177,2.1385099368432874,1.380823182711198
17031,4.7708,44.0,4.767123287671233,1.082191780821918,154.0,2.1095890410958904,37.5,-122.25,2.538,3.0755843359509623,3.377309336145565,2.874954207898916,3.2580940654205603
13084,5.6485,26.0,7.629787234042553,1.0382978723404255,653.0,2.7787234042553193,38.57,-121.36,1.295,2.0683905907039897,1.918786982306515,1.7611069026323571,2.1669565217391304
11937,2.87,33.0,4.938095238095238,1.1333333333333333,911.0,2.169047619047619,33.94,-117.41,1.176,1.5283107740471447,1.5177736966517252,1.405074196306931,1.2646400000000002
16055,5.8096,52.0,4.953405017921147,0.8243727598566308,708.0,2.5376344086021505,37.76,-122.49,3.398,3.386889408413654,3.710376087576021,3.2394013177574355,3.2490572357723586
8285,3.875,51.0,4.968197879858657,1.0971731448763251,1171.0,2.068904593639576,33.77,-118.14,3.429,2.5100317127492366,3.0032044642841838,2.266905405090871,2.835598712121211
6218,3.2122,29.0,4.133819951338199,0.9708029197080292,1052.0,2.559610705596107,34.07,-117.92,1.955,1.7798060128911732,1.7476790385480832,1.629550215781813,2.0675079006772012
19689,1.6823,21.0,4.261904761904762,0.9761904761904762,933.0,2.7767857142857144,39.13,-121.61,0.838,0.4797160730460499,0.7036867980503227,0.7112123498242802,0.6799999999999999
18956,2.8438,38.0,4.7795275590551185,0.9606299212598425,632.0,2.4881889763779528,38.25,-122.04,0.942,1.6476836713569398,1.4479329413877209,1.4970996754301704,1.1184398496240606
3269,2.8906,18.0,6.485714285714286,1.1428571428571428,272.0,2.5904761904761906,39.1,-122.94,1.406,1.440377787606106,1.2874100940265867,1.397598168844568,1.4800952380952381
3948,3.6296,16.0,3.616842105263158,0.9831578947368421,896.0,1.8863157894736842,34.2,-118.61,1.609,2.1614751590553967,2.4266923031813645,2.015833289498663,2.9370703488372105
19289,2.785,32.0,4.1726190476190474,1.0833333333333333,489.0,2.9107142857142856,38.41,-122.82,1.693,2.003822349944809,1.8135652210598046,1.8289582724365059,2.5911111111111107
10462,5.6754,12.0,5.380697050938338,1.064343163538874,1033.0,2.7694369973190347,33.48,-117.64,2.759,2.764694143450007,2.77689702991883,2.5891518691386333,2.5844
8251,1.7701,26.0,2.666082383873795,1.098159509202454,4812.0,4.217353198948291,33.78,-118.18,1.462,1.6053709373502045,1.8712529514863578,1.5767515829115553,1.5112658227848106
5800,1.7301,7.0,3.208398133748056,1.04199066874028,1892.0,2.942457231726283,34.15,-118.24,2.023,1.1729159608247595,1.2216141354191783,1.2609079759289914,2.321653194444445
9893,2.9643,48.0,5.02869757174393,1.0529801324503312,1219.0,2.6909492273730686,38.29,-122.3,1.54,1.9346527047135438,1.7900933201338451,1.720223386034693,1.1184398496240606
13309,4.4205,23.0,5.078328981723238,0.9451697127937336,1483.0,3.8720626631853787,34.09,-117.61,1.355,1.9786915947926786,1.690089027297211,1.7767317793917905,1.6212499999999999
16752,3.84,42.0,4.315270935960591,1.064039408866995,713.0,3.5123152709359604,37.7,-122.46,2.359,2.681056398817012,2.664467487663953,2.4679295322874064,2.415133333333334
13308,3.0199,20.0,5.212922173274596,1.080763582966226,2229.0,3.2731277533039647,34.08,-117.61,1.288,1.4154917734335006,1.2489975607720132,1.3729000801872737,1.266730769230769
17682,3.9688,21.0,4.714693295292439,1.0684736091298146,2459.0,3.507845934379458,37.28,-121.87,2.496,2.405747968913996,2.3427158980754443,2.261439122064967,1.6980914893617025
10500,3.86,23.0,5.518927444794953,1.138801261829653,1480.0,2.334384858044164,33.47,-117.69,3.0,2.124911211451262,2.2213284729819813,1.9776982202161983,2.2904031343283577
13086,5.0917,17.0,6.125954198473282,0.9847328244274809,748.0,2.854961832061069,38.58,-121.34,1.341,1.8612248647896703,1.6776683809646464,1.5992711456387192,2.1669565217391304
9406,4.4583,36.0,5.986636971046771,1.0801781737193763,1064.0,2.3697104677060135,37.88,-122.53,3.086,2.6647608038950903,2.728239636125421,2.483215749370834,4.5428706666666665
5642,4.5074,36.0,5.391684901531729,1.0328227571115973,1111.0,2.4310722100656457,33.74,-118.31,3.5,2.6304571537832713,2.9146976990719793,2.455602954058607,2.3668121212121216
18868,3.1204,44.0,5.295774647887324,1.0586854460093897,1057.0,2.4812206572769955,38.1,-122.22,1.108,1.9834573729961165,1.8691148653787812,1.7811632130512551,1.380823182711198
608,2.3958,37.0,4.136585365853659,0.9853658536585366,314.0,1.5317073170731708,37.68,-122.08,1.908,1.7962629725485673,1.8733901209037203,1.6618420961520832,3.445291290322581
13405,1.9583,7.0,5.362804878048781,1.4420731707317074,1064.0,3.2439024390243905,34.1,-117.46,1.088,1.0062523751142978,1.1309675635647483,1.0938426924097118,1.168242424242424
13113,4.175,18.0,5.709371293001186,1.00711743772242,2333.0,2.767497034400949,38.4,-121.36,1.444,1.6098819139758942,1.48814507365009,1.4468331576319158,1.7884230769230764
19,2.6033,52.0,5.465454545454546,1.0836363636363637,690.0,2.5090909090909093,37.84,-122.27,1.629,1.959334370361767,1.902040983108581,1.7799033519657868,1.6771111111111112
1338,4.9783,15.0,7.083601286173633,1.0032154340836013,1051.0,3.379421221864952,37.99,-121.87,1.639,2.162349392149777,2.0395345947798242,1.9885033497881834,1.6033541666666669
14264,2.0547,35.0,4.75,1.0,1183.0,4.349264705882353,32.69,-117.1,0.98,1.482782759338233,0.9696600604064832,1.4744807762114664,0.8502666666666666
7474,2.2847,33.0,3.6963562753036436,1.0809716599190284,3423.0,4.619433198380567,33.93,-118.21,1.327,1.7152551013561554,1.5923427298038648,1.6329364692531345,1.575285714285714
9751,5.0162,19.0,7.0534653465346535,1.0495049504950495,1607.0,3.1821782178217823,36.6,-121.7,2.831,2.7675673230518014,2.727177833433414,2.7349869798540887,2.4509333333333325
16947,5.0774,34.0,5.5807926829268295,1.0548780487804879,1608.0,2.451219512195122,37.54,-122.32,4.072,3.0035825470763484,3.210960829484084,2.86668146871572,2.684588697916666
11547,6.128,26.0,6.457142857142857,1.0235294117647058,1961.0,3.295798319327731,33.74,-118.02,2.482,2.991113448406306,3.0562222428583112,2.8459365231399967,2.590892857142857
19804,2.7083,19.0,6.475,1.35,216.0,2.7,40.34,-123.48,0.645,1.245239918801397,1.0999803378542568,1.1888896033123415,0.9439714285714282
18292,4.9519,31.0,5.896049896049896,1.0187110187110187,1138.0,2.365904365904366,37.4,-122.11,5.00001,2.8198454991240895,2.9148401262360357,2.6690506245311996,3.2580940654205603
10653,4.8488,5.0,5.961174713787954,1.241911398705824,4327.0,2.1538078646092584,33.57,-117.73,1.944,2.389962609909333,2.6611792918233244,2.280770250118612,2.2904031343283577
4783,1.9018,39.0,4.127906976744186,1.2005813953488371,1911.0,2.7776162790697674,34.03,-118.33,1.375,1.6618838420623985,1.8077514875903196,1.5689648581679196,1.4554117647058822
6006,2.63,52.0,4.513119533527697,1.0145772594752187,1131.0,3.2973760932944605,34.07,-117.75,1.273,1.6532582554281385,1.4471548061051618,1.4821752790715301,1.266730769230769
2487,2.7792,18.0,5.584558823529412,1.088235294117647,846.0,3.110294117647059,36.16,-120.35,0.853,1.566640060567226,1.3717369241853001,1.5303021119633802,0.8590416666666669
3702,2.8784,36.0,3.7278797996661104,1.010016694490818,1934.0,3.2287145242070117,34.18,-118.36,1.949,1.9193848717020205,1.9215459744132155,1.7608688409073103,2.1658684868421063
16624,2.6205,27.0,5.371482176360225,1.3339587242026267,930.0,1.7448405253283301,35.35,-120.84,2.211,2.3588614493087654,2.7462997252888663,2.310131572081051,3.2118
6098,4.5234,34.0,5.807017543859649,0.9254385964912281,799.0,3.504385964912281,34.11,-117.87,1.922,2.133563495867531,1.9320287167208448,1.9123728595882037,2.1734680851063817
4625,3.5909,25.0,4.126506024096385,1.0647590361445782,1420.0,2.13855421686747,34.07,-118.32,4.045,2.159526508008381,2.372268874004877,1.9857595559010948,2.835598712121211
19680,1.8849,27.0,4.935643564356436,1.051155115511551,1419.0,2.3415841584158414,39.15,-121.63,0.735,0.6054101842720376,0.7194289441739412,0.7731846394250443,0.6606528099173556
19301,3.625,22.0,5.8545454545454545,1.1045454545454545,593.0,2.6954545454545453,38.39,-122.82,2.337,2.101601920274767,1.8988055560723758,1.9572687416874408,1.7754074074074069
11909,2.3798,32.0,4.768067226890756,1.0369747899159665,1393.0,2.3411764705882354,33.96,-117.41,1.188,1.2341706880211762,1.1317418578295546,1.2172647589917478,1.168242424242424
19521,1.8162,50.0,3.5025641025641026,0.9692307692307692,459.0,2.353846153846154,37.64,-120.99,0.7,1.2690363453512414,1.1205672023455735,1.1694949090088507,0.9192564102564103
15531,4.4655,7.0,6.1487964989059085,1.0153172866520788,1564.0,3.422319474835886,33.15,-117.12,1.828,1.9497254520377405,1.8765275628406999,1.8535395850545653,1.797610169491524
3486,10.8805,10.0,7.680360721442886,1.001002004008016,3517.0,3.524048096192385,34.28,-118.54,5.00001,4.794236575618905,4.706758428279802,5.577904418456282,4.994736363636365
5005,3.1548,50.0,5.4017595307917885,1.1055718475073313,817.0,2.3958944281524928,34.01,-118.32,1.577,2.1071635846632737,2.310078965777076,1.9078567733956815,2.835598712121211
16392,6.1805,32.0,7.526748971193416,1.0781893004115226,677.0,2.786008230452675,38.04,-121.23,2.479,2.575412549421198,2.2635978604451035,2.2287758956484742,3.384902920353981
18364,8.6196,11.0,5.8133333333333335,0.9333333333333333,212.0,2.8266666666666667,37.29,-122.12,5.00001,4.265071986723294,3.9854980735986922,4.6350276929672045,4.086602
20156,5.0,15.0,6.557312252964427,1.08300395256917,679.0,2.683794466403162,34.45,-119.27,3.579,2.6611077863912707,2.8022828602423604,2.581282565704544,2.0204405504587157
2425,1.586,14.0,4.087074829931972,1.0789115646258503,3535.0,4.809523809523809,36.61,-119.55,0.569,0.6224342831881449,0.5928914683358184,0.8459215020966797,0.53276375
10584,7.3769,16.0,7.68299711815562,1.1152737752161384,1227.0,3.5360230547550433,33.71,-117.81,3.024,3.297051367120166,3.2641755681793114,3.2029319160885104,3.3638421052631577
12986,4.2037,23.0,6.1461318051575935,0.9742120343839542,1022.0,2.9283667621776504,38.67,-121.3,1.254,1.4544748054767498,1.3766055667023418,1.2953391102448353,1.3038571428571426
18631,4.625,17.0,7.2594594594594595,1.0972972972972972,511.0,2.7621621621621624,37.03,-121.96,3.864,2.5205805359233,2.4755337519898726,2.4451413914768967,2.59930025
15421,4.21,11.0,5.1649122807017545,0.9157894736842105,1012.0,3.550877192982456,33.2,-117.28,1.756,1.966447914791243,1.8646107182640002,1.856540220149217,1.797610169491524
12032,3.4028,33.0,3.9106382978723406,0.8851063829787233,724.0,3.0808510638297872,33.93,-117.47,1.105,1.72706115696639,1.5173299537457237,1.5492421993886953,1.1472068965517244
4101,7.7112,42.0,5.59375,1.0044642857142858,492.0,2.1964285714285716,34.14,-118.38,3.867,3.943665571878578,4.040133922114568,3.931612950256784,4.148202666666667
13141,4.4519,32.0,5.78714859437751,1.0481927710843373,629.0,2.5261044176706826,38.37,-121.45,1.375,1.9487729841883585,1.6520938817670496,1.6637033033436697,1.7884230769230764
17864,5.6344,24.0,5.276053215077606,1.0210643015521064,3188.0,3.5343680709534366,37.41,-121.9,2.287,3.0327416311943174,3.0862879682898936,2.901218476535161,2.20485294117647
8403,2.3675,29.0,2.9001280409731116,1.0409731113956466,3425.0,4.3854033290653005,33.94,-118.37,1.494,1.84639379190321,1.9189103093718443,1.7485625828438458,1.575285714285714
2958,2.6875,34.0,5.24,1.069090909090909,695.0,2.5272727272727273,35.35,-119.03,0.737,1.478483670127489,1.3738602252958398,1.3885617620640471,0.7265511811023622
15614,3.6728,25.0,2.671201814058957,1.2358276643990929,592.0,1.342403628117914,37.81,-122.41,5.00001,2.7180475802952615,3.23262913494833,2.4808020557380432,4.968580000000001
11917,2.9583,37.0,5.2,0.9278688524590164,675.0,2.2131147540983607,33.95,-117.41,1.321,1.4097440370160323,1.3333921507401676,1.3274936173383116,1.2646400000000002
18731,3.0954,19.0,5.085365853658536,1.0311653116531165,1952.0,2.644986449864499,40.55,-122.41,0.865,0.7850490645566508,1.006020453131993,0.8317136951046447,1.4244615384615384
3800,4.3542,42.0,5.370629370629371,1.0303030303030303,862.0,2.0093240093240095,34.16,-118.36,4.179,2.4680541828519083,2.7145664309826363,2.2307096445930474,3.2580940654205603
15484,3.1776,16.0,5.89291101055807,1.0120663650075414,1759.0,2.6530920060331824,33.15,-117.13,1.726,1.4950599102968876,1.3124508965527197,1.4903980791370057,2.0730226666666662
16409,2.1513,27.0,4.698550724637681,1.0521739130434782,909.0,2.634782608695652,37.93,-121.19,0.997,1.0762906082937533,0.97807939673541,1.0911479472226682,0.8206028708133976
10709,2.7601,25.0,4.553738317757009,1.0724299065420562,602.0,1.4065420560747663,33.6,-117.71,0.725,1.677069168240736,1.8960778876052264,1.5862047145075437,1.0088421052631578
7628,5.144,27.0,5.041237113402062,1.0103092783505154,403.0,4.154639175257732,33.85,-118.28,1.808,2.790323069952133,2.6225066275233644,2.603470294894184,2.20485294117647
19058,4.5313,25.0,6.795031055900621,1.1718426501035197,1244.0,2.5755693581780537,38.27,-122.42,3.084,2.3501217339201537,2.218304622518141,2.151865468391586,2.4058
18094,5.0081,13.0,4.717889908256881,1.0688073394495412,790.0,1.811926605504587,37.34,-122.06,2.883,2.8607136561681807,2.9848124480558216,2.7299193273579534,2.3425576923076923
14024,3.4196,43.0,5.023404255319149,1.0404255319148936,824.0,1.7531914893617022,32.76,-117.15,3.022,2.173098270351074,2.5176340630715033,1.991650666520826,3.2665631250000007
10963,6.9737,31.0,7.041436464088398,0.9806629834254144,1044.0,2.883977900552486,33.77,-117.88,2.888,3.243551909607766,3.3231962601770166,3.091344555756139,3.964431428571428
13174,2.2132,23.0,7.596153846153846,1.3461538461538463,166.0,3.1923076923076925,36.72,-121.06,1.0,1.3891621967193228,1.0213568200532148,1.416189618321983,1.3942
15933,2.3625,42.0,3.903314917127072,1.1215469613259668,1027.0,2.8370165745856353,37.73,-122.4,2.33,2.0771075188565664,2.126375111285533,1.9023987623713645,2.5911111111111107
14740,4.1518,22.0,5.663072776280323,1.0754716981132075,1551.0,4.180592991913747,32.58,-117.05,1.369,2.268125313719973,2.110785891492317,2.147308925400897,1.797610169491524
3798,3.1106,11.0,3.67680608365019,1.1039290240811153,1659.0,2.102661596958175,34.16,-118.37,2.094,1.877568189068,2.1403495874021385,1.7712056937447618,2.3456521739130434
20342,5.0145,21.0,6.3108108108108105,1.0386100386100385,4199.0,2.702059202059202,34.23,-119.04,2.466,2.7069844523280704,2.7998769133045522,2.6609553806255217,2.0204405504587157
9260,1.4511,32.0,4.644688644688645,1.0366300366300367,549.0,2.010989010989011,36.96,-120.07,0.652,0.7295951057769605,0.7515514738211015,0.8766360494949115,1.13946511627907
17024,4.3939,22.0,4.754065040650406,1.0230352303523036,6266.0,2.122628726287263,37.5,-122.31,4.912,2.6613987934034458,2.9682225005011773,2.592110468478136,2.9370703488372105
9020,6.8474,9.0,6.35,0.9944444444444445,647.0,3.5944444444444446,34.15,-118.8,3.567,3.306804443158209,3.34275638783945,3.298390581985725,2.3549166666666665
8374,3.1354,26.0,4.394611727416799,1.0792393026941363,1560.0,2.472266244057052,33.96,-118.35,1.643,2.00088329330769,2.1209942059680267,1.8730959278323187,2.0675079006772012
13619,2.5234,35.0,6.239130434782608,1.0724637681159421,381.0,2.760869565217391,34.13,-117.25,0.882,1.033965749213376,0.9207348385758873,1.067435042964394,1.1158461538461537
1983,3.5511,17.0,6.233870967741935,1.1559139784946237,1126.0,3.0268817204301075,38.65,-120.76,1.559,1.0084376985716355,1.1801414062527038,0.9820921483257008,1.380823182711198
13372,4.6437,21.0,7.507645259938838,1.165137614678899,1094.0,3.345565749235474,34.14,-117.51,1.917,1.8703483447785787,1.7933823385024148,1.697742608188598,1.6212499999999999
19039,3.5179,33.0,4.709677419354839,1.0,75.0,2.4193548387096775,38.36,-121.99,0.844,1.8744714227257262,1.6607942373684894,1.6469833603323027,1.4244615384615384
19089,4.7,25.0,6.889400921658986,1.0368663594470047,1335.0,3.076036866359447,38.24,-122.61,1.901,2.4015179929494597,2.2157738666532865,2.238117385217634,2.3162
12842,2.5062,50.0,5.945945945945946,1.0135135135135136,1148.0,7.756756756756757,38.66,-121.4,1.125,1.0411570001254622,0.09253905468477464,1.008068085791837,1.1184398496240606
17696,3.3833,20.0,4.55524861878453,1.12707182320442,1729.0,4.776243093922652,37.29,-121.83,1.152,2.174341298395917,1.8724668463043725,2.0344511482565455,1.6980914893617025
15482,5.0346,16.0,6.342696629213483,1.1123595505617978,758.0,4.258426966292135,33.15,-117.14,1.746,2.3520320574524174,2.1496930040882978,2.1706945453279864,1.797610169491524
16607,2.6528,9.0,5.116814159292035,1.047787610619469,3026.0,2.6778761061946903,35.59,-120.63,1.135,1.8062369188933745,1.3953363321904986,1.8441704499768896,1.2356410256410257
17671,3.6802,6.0,4.200221238938053,1.0884955752212389,2437.0,2.6957964601769913,37.31,-121.87,1.524,2.199837463894028,2.2519855459129605,2.0942406630267776,2.0675079006772012
12934,6.2082,14.0,7.773892773892774,1.0256410256410255,1329.0,3.097902097902098,38.66,-121.24,2.503,2.0828152846770616,2.011653136049799,1.7815943992204137,2.6474784782608687
657,3.4583,43.0,5.599264705882353,1.0238970588235294,1333.0,2.4503676470588234,37.7,-122.13,1.837,2.189100501795889,2.1451646095735613,2.0005480734725865,1.380823182711198
9014,3.9934,18.0,4.857142857142857,0.8095238095238095,55.0,2.619047619047619,34.08,-118.68,5.00001,2.135070649962765,2.2415567988833294,2.031928540559919,2.0675079006772012
9293,5.4781,27.0,6.382413087934561,1.0858895705521472,1318.0,2.6952965235173822,38.01,-122.53,3.109,2.9342289096936263,2.9008560550913067,2.7755126331157283,2.8642857142857143
751,3.2465,27.0,5.258116883116883,1.0892857142857142,1469.0,2.38474025974026,37.67,-122.07,2.306,2.0182900034014493,1.915536617638819,1.8795121280666618,2.30386
2081,1.4028,46.0,4.047970479704797,1.0387453874538746,924.0,1.7047970479704797,36.76,-119.82,0.685,0.8951597216854503,0.8944794675924654,0.9417986012425257,1.1636896551724139
17012,3.5,43.0,4.5078740157480315,0.905511811023622,586.0,2.3070866141732282,37.53,-122.27,2.674,2.383796622857173,2.4789901990402536,2.1930778181045754,2.30386
10268,3.2083,21.0,4.1502732240437155,1.0601092896174864,1203.0,3.2868852459016393,33.87,-117.88,1.453,1.8319119771032983,1.7597449144469968,1.6995812419007046,1.6980914893617025
16982,5.5381,36.0,6.07488986784141,1.0044052863436124,750.0,3.303964757709251,37.56,-122.3,2.82,3.1109387417380376,3.123733487824988,2.9753973396520443,2.5369416788321173
19378,3.3182,46.0,5.3875,1.075,239.0,2.9875,37.77,-120.69,2.821,1.5679516765914598,1.1912006385914644,1.343677252252768,1.6435384615384616
5763,4.3438,42.0,3.8598130841121496,1.0,349.0,3.2616822429906542,34.16,-118.29,1.898,2.592240631619646,2.52909187892282,2.307287482282627,1.782850000000001
843,5.5218,15.0,6.282926829268293,1.0195121951219512,1657.0,4.041463414634146,37.58,-122.08,2.544,2.7773378729484994,2.5670933141740546,2.6476328740331727,2.2595
16603,2.9167,35.0,5.284839203675345,1.0918836140888208,1550.0,2.3736600306278715,35.62,-120.69,1.617,2.208782265442316,2.3008901569770766,2.118968492500828,1.2356410256410257
19215,2.1827,52.0,4.344230769230769,1.0326923076923078,957.0,1.8403846153846153,38.45,-122.71,1.888,1.8055724839908227,1.852956542016011,1.6296353608052345,1.7327142857142857
14487,5.1023,25.0,5.833667334669339,1.0681362725450902,1137.0,2.278557114228457,32.86,-117.25,5.00001,2.6737277594762414,2.888832542159971,2.51109900864086,2.85207862745098
12831,2.0625,19.0,5.347732181425486,1.1533477321814254,1355.0,2.9265658747300214,38.68,-121.44,0.944,0.7494772697736058,0.8460074503398187,0.8806134270229475,0.8206028708133976
8723,4.9583,35.0,5.4969325153374236,0.9877300613496932,978.0,3.0,33.84,-118.37,3.428,2.757053764647626,2.918510111283146,2.5818707706033632,2.1734680851063817
3410,4.4375,24.0,5.335423197492163,1.0553814002089865,2310.0,2.413793103448276,34.26,-118.32,1.915,2.2906811594252163,2.34893148094004,2.1072229059832193,2.9370703488372105
16652,1.4036,31.0,3.4924433249370277,1.0629722921914357,1358.0,1.7103274559193955,35.28,-120.66,2.096,1.8218447390637962,2.02022088448662,1.8113977240051722,1.1636896551724139
6847,4.1902,42.0,4.818604651162791,0.9255813953488372,656.0,3.0511627906976746,34.07,-118.14,2.35,2.319646612334619,2.2713887498818646,2.075713573127954,2.0026875
5861,5.6975,48.0,5.861878453038674,1.0635359116022098,926.0,2.5580110497237567,34.18,-118.33,2.314,3.071076584184893,3.3146948285512883,2.8215830238623267,3.2490572357723586
9935,3.6389,4.0,4.237903225806452,1.060483870967742,455.0,1.8346774193548387,38.27,-122.3,1.302,1.9258273517801012,1.99238876114566,1.7806192494761421,1.312
20265,3.8239,34.0,5.242703533026114,1.064516129032258,2223.0,3.414746543778802,34.21,-119.19,2.082,2.5261676625712672,2.693020014125461,2.4225793521738823,2.0095447154471544
5351,9.272,40.0,7.372340425531915,0.950354609929078,720.0,2.5531914893617023,34.04,-118.4,5.00001,4.411724018844032,4.653567532404085,4.735466199940994,4.9815094117647085
3652,2.825,41.0,4.185185185185185,1.0555555555555556,1159.0,3.066137566137566,34.22,-118.44,1.686,1.9433652171999765,1.9519848162381843,1.7703066801452652,2.1658684868421063
553,2.9899,52.0,5.0774818401937045,1.0750605326876512,915.0,2.2154963680387407,37.77,-122.26,2.281,2.1995490996871565,2.3323761646939944,1.9819352274940245,2.1947857142857146
13089,5.0427,22.0,6.405405405405405,1.00982800982801,1216.0,2.9877149877149876,38.55,-121.35,1.269,1.8885642543496213,1.6589071984113433,1.6221066978619088,1.6465507246376807
12824,4.7396,25.0,5.453389830508475,0.9491525423728814,727.0,3.080508474576271,38.73,-121.44,1.355,1.8157680649358041,1.4553381477249876,1.5383584739710199,1.3038571428571426
9097,5.0839,25.0,6.03921568627451,1.1509803921568627,1558.0,3.0549019607843135,34.73,-118.61,1.567,2.506241090619124,2.4393134527436766,2.2718020984133203,1.0267857142857142
13253,5.5292,16.0,6.875,1.0150862068965518,1414.0,3.0474137931034484,34.11,-117.68,2.086,2.2662626680268723,2.1978356064822995,2.0583406108359275,2.083030303030303
18476,5.1514,19.0,6.204918032786885,1.001639344262295,2198.0,3.60327868852459,37.11,-121.66,4.367,2.6612612254896573,2.5155130069992264,2.536077971255533,2.20485294117647
19872,1.474,35.0,3.621700879765396,1.0821114369501466,1246.0,3.653958944281525,36.34,-119.29,0.71,0.8455901018379077,0.6269881203069108,0.9186341905355839,0.53276375
11850,2.2101,16.0,10.385245901639344,2.2827868852459017,638.0,2.6147540983606556,39.86,-121.14,0.888,0.42688763454710377,0.9810718506786607,0.618423582618318,0.8601019387755103
576,7.2634,12.0,7.133034379671151,1.0189337319382163,5781.0,2.8804185351270553,37.77,-122.06,3.416,3.3315755226929378,3.4005929166951265,3.3308876720784406,3.6475999999999997
7578,2.125,41.0,4.782608695652174,1.1014492753623188,776.0,3.748792270531401,33.89,-118.22,1.202,1.633043782019464,1.361756928608627,1.550118299425764,1.168242424242424
7290,2.1044,36.0,3.3794642857142856,1.0111607142857142,1496.0,3.3392857142857144,33.98,-118.22,1.482,1.6397126235751576,1.5631053113193378,1.5472516145290087,1.4618837209302329
18320,6.7257,37.0,6.912650602409639,1.0,933.0,2.8102409638554215,37.45,-122.13,5.00001,3.5205602993915024,3.7086553510850595,3.4779297547808667,3.384902920353981
15778,1.4554,52.0,2.498371335504886,1.242671009771987,1520.0,2.47557003257329,37.78,-122.41,3.75,2.0190985330762423,2.7063763754021073,1.808749868553086,2.321653194444445
47,1.7348,43.0,3.9802371541501977,1.233201581027668,558.0,2.205533596837945,37.82,-122.27,1.375,1.7921693048216514,1.8976017775773315,1.6404473808641273,1.3131571428571425
13825,2.125,31.0,4.818181818181818,1.0,186.0,3.381818181818182,34.48,-117.15,0.648,0.7427110742144083,0.610016083648709,0.8597217917751783,0.7630526315789475
19240,5.5061,17.0,6.6871165644171775,1.0061349693251533,473.0,2.901840490797546,38.48,-122.65,2.318,2.605241959628999,2.439922056507023,2.4089639563924323,2.8642857142857143
8416,2.4886,36.0,2.961864406779661,1.1027542372881356,4033.0,4.272245762711864,33.94,-118.34,1.607,1.9957219435189346,2.37580691321696,1.8550568951271962,1.575285714285714
10597,4.2083,14.0,4.825737265415549,0.9705093833780161,874.0,2.3431635388739944,33.69,-117.8,2.51,2.1039085012429064,2.178924683593463,1.9560709181148153,2.2904031343283577
9981,4.4,22.0,6.58252427184466,1.3300970873786409,336.0,3.262135922330097,38.53,-122.27,1.425,2.2374007361015087,1.8765865649173976,1.9840174753364472,2.6644285714285716
16324,5.143,9.0,6.139896373056994,1.0984455958549222,1129.0,2.9248704663212437,37.98,-121.33,1.765,2.140300615469976,1.982099426763703,1.900449485956456,2.1669565217391304
20346,3.1446,13.0,3.284815106215578,1.03933910306845,2257.0,1.7757671125098349,34.22,-119.06,1.771,2.184040057643626,2.6127455283611845,2.102915173988407,2.3456521739130434
6366,6.101,42.0,6.496815286624204,0.9936305732484076,398.0,2.535031847133758,34.16,-118.0,3.118,2.9271476825826728,2.9350075365745196,2.646424922271489,2.6704
16224,3.4625,36.0,5.7224264705882355,1.0588235294117647,1746.0,3.2095588235294117,37.98,-121.33,0.846,1.667055169416076,1.3968749561269778,1.4890925393697958,1.380823182711198
1215,3.0,16.0,6.110569105691057,1.1626016260162602,1777.0,2.8894308943089433,38.09,-120.46,1.226,0.876026878628803,1.0911888340438092,0.9354410867378011,1.1184398496240606
10119,4.7813,30.0,5.95249406175772,0.9358669833729216,1255.0,2.980997624703088,33.94,-117.92,1.982,2.2945762655447064,2.221356058619267,2.0933567003550575,2.1734680851063817
10730,5.1155,35.0,3.8880778588807785,0.9683698296836983,782.0,1.9026763990267639,33.6,-117.87,5.0,2.898996410415485,3.211982234482475,2.6606304462948485,4.438335555555556
10404,6.5143,29.0,5.995098039215686,1.053921568627451,633.0,3.1029411764705883,33.67,-117.59,2.798,3.120658130865853,2.925038614119632,2.8936264594628125,2.6780000000000004
18411,4.8862,26.0,4.425396825396826,0.7555555555555555,990.0,3.142857142857143,37.26,-121.8,1.95,2.6389053110061136,2.496509567104288,2.462266134761652,2.288930232558139
1944,4.3981,12.0,6.28046421663443,1.1199226305609284,1459.0,2.8220502901353965,38.79,-120.95,2.028,1.3295916048664393,1.4306807302288733,1.188657286666039,1.7884230769230764
16966,3.9722,27.0,4.619271445358402,1.0963572267920094,1877.0,2.2056404230317272,37.55,-122.31,3.541,2.5824844711337507,2.775715989807889,2.4268146765800642,3.2580940654205603
1450,6.1436,18.0,7.323529411764706,1.0508021390374331,1072.0,2.8663101604278074,37.96,-121.95,2.595,2.7710987748507545,2.638760863600747,2.5656684253715425,2.6474784782608687
17292,4.625,32.0,6.324324324324325,1.0743243243243243,749.0,2.5304054054054053,34.43,-119.64,5.00001,2.849369175626025,3.2277085457402963,2.791204457256507,2.684588697916666
10299,6.0571,17.0,6.207598371777476,1.0366350067842605,2054.0,2.7869742198100407,33.92,-117.87,2.724,2.773808983543833,2.748060070481665,2.583818291448605,2.6474784782608687
14563,3.5234,35.0,5.5588235294117645,0.9926470588235294,423.0,3.110294117647059,32.82,-117.22,1.839,2.039629820397415,1.9942790731926412,1.9028400306959385,1.4865625000000005
17960,3.9417,33.0,4.995061728395061,1.0493827160493827,1016.0,2.508641975308642,37.33,-121.99,2.858,2.4982606583578906,2.5504903503987375,2.317435425636405,2.0675079006772012
10819,2.75,5.0,3.889344262295082,1.1762295081967213,497.0,2.0368852459016393,33.64,-117.92,2.25,1.7135551400288827,2.0104226665984863,1.6529162982801942,2.1106818181818188
5760,4.325,52.0,5.569131832797428,0.9807073954983923,875.0,2.8135048231511255,34.17,-118.29,2.926,2.4514552225264596,2.5771029886908057,2.1889328157513157,2.4912702702702694
2403,1.6486,26.0,4.337962962962963,0.9629629629629629,1834.0,4.24537037037037,36.63,-119.31,0.552,0.5384234866505448,0.36666632561549806,0.7628435719486946,0.5282911392405063
11391,3.599,18.0,5.707910750507099,1.0933062880324544,1439.0,2.918864097363083,33.74,-117.97,2.62,1.9063670037338154,1.832773670452347,1.8119234454962228,2.0095447154471544
14206,5.1305,9.0,4.736363636363636,1.009090909090909,491.0,4.463636363636364,32.69,-117.06,1.589,2.602440396074587,2.4127807566210056,2.452830433624794,1.7926818181818178
8341,4.25,37.0,5.346067415730337,1.0382022471910113,1327.0,2.9820224719101125,33.93,-118.32,1.721,2.456726394709196,2.557895115040524,2.2627532646839557,2.0026875
11152,4.2679,25.0,4.942,1.036,1539.0,3.078,33.84,-117.97,1.917,2.281387625302844,2.256340001960961,2.0934913433114564,2.0026875
9849,2.7917,40.0,4.173333333333333,1.0933333333333333,337.0,2.2466666666666666,36.6,-121.89,2.25,2.4514919389807113,2.814987765511084,2.320605361987286,2.1326419402985084
12849,4.0909,38.0,5.882352941176471,0.9215686274509803,154.0,3.019607843137255,38.69,-121.39,1.083,1.5731086553607472,1.289567628740147,1.3474940330699532,1.380823182711198
12524,2.0089,44.0,4.461240310077519,1.0193798449612403,518.0,2.007751937984496,38.56,-121.48,1.136,1.0456058489634237,0.9310313700354511,1.0139469567201385,1.13946511627907
15099,2.543,15.0,4.877094972067039,1.1154562383612663,1513.0,2.817504655493482,32.81,-116.95,1.0,1.471431146444958,1.3816839291665826,1.4729076798332885,1.3503230769230767
20124,2.4167,28.0,6.4935064935064934,1.3376623376623376,545.0,3.538961038961039,34.42,-118.75,1.917,1.6200863570701878,1.3481817928869215,1.5704572912199675,1.450416666666667
13755,2.8125,33.0,5.099514563106796,1.1359223300970873,1997.0,4.847087378640777,34.06,-117.16,1.172,1.314182851917974,0.8813096790025055,1.2392698028381948,0.9443571428571428
6045,1.9718,46.0,4.252873563218391,1.028735632183908,1511.0,4.341954022988506,34.05,-117.75,1.106,1.3467184247166493,0.8891291911072099,1.2853993793460599,0.9083452380952383
2168,3.6522,8.0,5.217785843920145,0.9945553539019963,1718.0,3.117967332123412,36.79,-119.87,0.802,1.3585113583048476,1.4074491137774352,1.300224162575422,0.8624959349593496
4848,2.4519,45.0,5.155797101449275,1.0072463768115942,822.0,2.9782608695652173,34.02,-118.31,0.981,1.6858997573158678,1.5370157123432486,1.5868593375257256,1.417333333333333
9816,4.0313,39.0,5.266666666666667,1.0484848484848486,406.0,2.4606060606060605,36.62,-121.93,2.538,2.836046726112846,3.1920944980458135,2.7361817571903804,2.0455147058823524
19861,1.4432,27.0,4.902912621359223,1.1585760517799353,1178.0,3.8122977346278315,36.34,-119.3,0.481,0.6597731551324713,0.49505408710669796,0.8394137073946777,0.5282911392405063
13274,4.4637,31.0,5.88735632183908,0.9517241379310345,1204.0,2.767816091954023,34.11,-117.62,1.928,1.9816309398326395,1.8441849302719708,1.7705583909904692,1.4043157894736842
15041,2.1638,26.0,4.839655172413793,1.0862068965517242,1785.0,3.0775862068965516,32.78,-116.96,1.328,1.4054328496461472,1.161801692137589,1.4155971741068112,1.3769230769230767
11333,2.78,22.0,4.243542435424354,0.9944649446494465,1625.0,2.9981549815498156,33.75,-117.96,1.963,1.671790864031386,1.5640930192271032,1.6074313346061593,1.8302134831460672
10501,4.1563,20.0,4.7357357357357355,1.09009009009009,764.0,2.294294294294294,33.47,-117.7,3.208,2.2930503892972025,2.435187689002892,2.1135957525499465,2.2904031343283577
5380,3.2222,24.0,3.836236933797909,1.10801393728223,491.0,1.710801393728223,34.03,-118.4,3.194,2.1089298762195217,2.445012834770299,1.9422956631734198,3.4976
18616,4.5096,36.0,5.627403846153846,1.0805288461538463,2143.0,2.5757211538461537,37.03,-122.08,2.037,2.8910928483775313,3.211859771109399,2.7907039921618177,2.3668121212121216
16177,4.2708,47.0,6.554216867469879,1.144578313253012,558.0,3.36144578313253,37.71,-122.38,2.071,2.6718782085652473,2.6636152134499005,2.466463221659356,2.534886363636364
1213,2.2875,37.0,5.257142857142857,1.0571428571428572,339.0,2.4214285714285713,38.07,-120.54,0.799,0.8308747080425507,0.797111815011684,0.8756170546832005,1.13946511627907
4347,4.1717,33.0,4.985333333333333,1.1186666666666667,2701.0,1.8006666666666666,34.11,-118.35,5.00001,2.429026084916149,2.814306028915981,2.2317817802229385,4.200291730769228
16637,3.587,20.0,6.027397260273973,1.0767123287671232,996.0,2.728767123287671,35.33,-120.8,3.3,2.429529035362203,2.3898157853892434,2.4200780067982675,2.0455147058823524
8100,2.7308,45.0,4.312267657992565,1.0185873605947955,1095.0,4.070631970260223,33.8,-118.21,1.39,1.96852109977783,1.7847082251483268,1.8090560018839845,1.3590212765957446
11057,3.8929,34.0,4.441037735849057,0.9622641509433962,1227.0,2.893867924528302,33.79,-117.86,1.875,2.1792516253945666,2.156532663009714,1.9716739407491342,2.0675079006772012
12715,6.3406,41.0,7.601769911504425,1.0766961651917404,913.0,2.6932153392330385,38.58,-121.39,4.483,2.5668961202034426,2.105581873016847,2.1529934881641317,3.9695714285714283
14604,3.6371,34.0,6.002638522427441,0.9894459102902374,1021.0,2.6939313984168867,32.81,-117.16,1.763,2.0021101438181974,1.9693291899621739,1.8815040981994375,1.4865625000000005
5561,2.1875,37.0,4.932773109243698,1.145658263305322,1309.0,3.6666666666666665,33.92,-118.28,1.759,1.650928722652226,1.4193915390502196,1.5784942905854438,1.168242424242424
9645,2.595,29.0,5.635627530364372,1.0512820512820513,2092.0,2.823211875843455,37.05,-120.87,1.042,1.4061195842381697,1.1253308217236748,1.3727674803327963,1.2356410256410257
6535,3.7279,36.0,5.447236180904523,1.015075376884422,920.0,4.623115577889447,34.05,-118.05,1.622,2.0097235685396133,1.627277024738098,1.8264093833273827,1.7495862068965513
6239,4.0469,34.0,5.628930817610063,1.0754716981132075,2786.0,4.380503144654088,34.06,-117.97,1.668,2.1164679177170584,1.901443877863715,1.9276352716761775,1.7495862068965513
7751,2.5875,28.0,4.236734693877551,1.0285714285714285,912.0,3.7224489795918365,33.92,-118.15,1.612,1.6812491994263121,1.4596672175938372,1.5959683679078203,1.6381940298507462
4197,2.8889,11.0,3.881818181818182,1.2666666666666666,1584.0,4.8,34.12,-118.25,1.531,1.8356486191978911,1.7523070984379272,1.7231933417266,1.3590212765957446
14653,2.1157,41.0,5.1995708154506435,1.0064377682403434,1813.0,3.890557939914163,32.8,-117.14,1.569,1.489606637801907,1.005513994763923,1.4728550007472956,1.9482666666666664
6550,2.8821,28.0,4.385653409090909,1.0291193181818181,5041.0,3.5802556818181817,34.04,-118.02,1.581,1.6808567196452868,1.5445422898236267,1.612113046819514,1.9871230769230763
2540,1.7778,52.0,4.450704225352113,0.9753521126760564,591.0,2.0809859154929575,40.79,-124.16,0.769,1.2123243487551063,0.9174153591029952,1.1331620087447916,0.6606528099173556
744,3.0645,32.0,4.307254623044097,1.1536273115220483,2037.0,2.8975817923186344,37.67,-122.11,1.654,2.1672918196152393,2.2320851859306634,1.9873417116310512,1.3244647887323941
19620,3.5,52.0,5.195876288659794,0.9896907216494846,295.0,3.0412371134020617,37.42,-121.06,0.735,1.9717846714949836,1.7101917276021306,1.7005101580562667,2.1806669696969703
2912,3.3261,16.0,4.699687174139729,1.0938477580813348,2261.0,2.3576642335766422,35.36,-119.05,1.184,1.6778881603425113,1.713920932326909,1.5686403528910189,2.3456521739130434
6137,3.0806,8.0,4.534675615212528,1.0738255033557047,1781.0,3.9843400447427295,34.08,-117.97,1.424,1.5587815736825759,1.4407883562337673,1.5166489393708886,1.6980914893617025
10290,6.2185,15.0,6.519951632406288,1.0822249093107619,2531.0,3.060459492140266,33.88,-117.82,2.803,2.8171334216757526,2.7976979374847817,2.641636333698695,2.6474784782608687
1038,3.3393,15.0,5.777777777777778,1.0833333333333333,529.0,2.449074074074074,38.5,-120.93,1.072,1.0333140732100907,1.2618401168461628,1.0190628181339325,1.380823182711198
7134,1.3365,23.0,3.180811808118081,1.062730627306273,1336.0,2.4649446494464944,34.01,-118.1,1.833,1.1724142169946064,1.2168040898582784,1.2300399453411495,1.5112658227848106
18726,1.6033,19.0,5.699453551912568,1.1147540983606556,505.0,2.759562841530055,40.58,-122.3,0.988,0.047543183068890826,0.8095330729703292,0.4696844754096632,0.6606528099173556
5662,2.0469,39.0,3.5305291723202172,1.0881953867028493,2178.0,2.955223880597015,33.73,-118.28,2.345,1.8157268020264805,2.0059809795052903,1.7132255834028824,1.9368387096774196
20256,3.1103,33.0,3.8198529411764706,0.9411764705882353,1432.0,5.264705882352941,34.21,-119.17,1.435,2.2615545782950783,1.9597248997255265,2.147782516022001,1.6980914893617025
5071,2.895,49.0,3.758771929824561,0.8596491228070176,694.0,3.043859649122807,33.99,-118.31,1.08,1.9929226601524412,1.9951143567332121,1.8056836470323168,2.1658684868421063
9668,1.5817,20.0,7.190476190476191,1.5897435897435896,682.0,2.498168498168498,38.53,-119.44,0.978,-0.14358418395320927,0.8170722997861286,0.349662971428391,0.8206028708133976
13504,2.3508,37.0,5.094138543516874,1.019538188277087,2055.0,3.650088809946714,34.12,-117.32,0.705,1.1037530383932146,0.7268753342656897,1.1162690913001327,0.7630526315789475
15572,4.0408,15.0,5.989130434782608,1.1282608695652174,1474.0,3.2043478260869565,33.08,-116.84,2.259,1.854007541701332,1.7628683181250928,1.7291099483219639,1.4865625000000005
16813,3.8565,39.0,4.962795941375423,1.007891770011274,2941.0,3.3156708004509583,37.65,-122.42,2.398,2.5352728147519903,2.5881594981069935,2.3787185836349867,2.415133333333334
12151,4.5881,3.0,6.037243947858473,0.9655493482309124,3295.0,3.0679702048417132,33.69,-117.19,1.364,1.7420253888383874,1.61108005506619,1.6620844892213005,1.797610169491524
729,3.4839,45.0,5.461152882205514,1.005012531328321,1159.0,2.9047619047619047,37.68,-122.12,1.806,2.225087768965663,2.1283140632457487,2.025490814985685,2.1806669696969703
5576,4.7222,36.0,5.712,1.072,825.0,3.3,33.84,-118.3,2.396,2.6692116799561494,2.7537938830798727,2.477127732307974,2.1734680851063817
18430,5.6223,24.0,6.988269794721408,1.0058651026392962,1146.0,3.3607038123167157,37.26,-121.87,2.657,2.858967729074103,2.8031400123532824,2.7359713246343524,2.20485294117647
1640,5.2699,8.0,7.386811023622047,1.0718503937007875,3325.0,3.2726377952755907,37.98,-121.84,2.042,2.2284193519239985,2.0714055309427764,2.0856493051494986,1.8003999999999998
5026,2.8274,43.0,4.080733944954129,1.0091743119266054,1598.0,2.932110091743119,33.99,-118.33,1.225,1.9888745983034095,2.0684685353458314,1.8231129396952785,2.1658684868421063
14580,5.253,35.0,6.208092485549133,1.0404624277456647,442.0,2.554913294797688,32.82,-117.19,2.04,2.7619429336508277,2.984678991746141,2.57198235182047,2.85207862745098
11616,3.6217,20.0,4.536184210526316,1.0953947368421053,937.0,3.0822368421052633,33.8,-118.06,1.953,2.0964261729106974,2.099368344323539,1.944241637068278,1.6980914893617025
18640,3.075,29.0,4.324193548387097,1.0193548387096774,1652.0,2.664516129032258,36.98,-121.98,2.158,2.2704644004914663,2.2942752755665077,2.1612242165493876,2.0675079006772012
10645,5.8371,35.0,5.482758620689655,1.1352785145888593,724.0,1.9204244031830238,33.55,-117.8,5.00001,3.147497742083969,3.4399965388934133,2.9457874467454963,5.00001
18764,1.4911,18.0,6.215859030837004,1.4537444933920705,494.0,2.1762114537444934,40.75,-122.31,0.758,0.1243231186306939,0.8339657394090769,0.4875841461953147,0.8601019387755103
542,5.1702,18.0,4.333333333333333,1.1508295625942684,1243.0,1.8748114630467572,37.76,-122.29,2.654,3.016024075656287,3.156616358596923,2.845974216862023,3.1295
146,6.5217,52.0,6.39935064935065,1.0876623376623376,765.0,2.4837662337662336,37.81,-122.22,2.737,3.596249320739482,3.8273349161888053,3.4539614182259726,4.417692000000001
4989,1.9792,47.0,4.816770186335404,1.124223602484472,1329.0,4.127329192546584,34.0,-118.31,1.164,1.6299945447570003,1.3190417158017547,1.5394570347098049,1.168242424242424
16215,2.1284,27.0,4.420673076923077,1.0625,2010.0,4.831730769230769,37.96,-121.34,0.594,1.150852259657286,0.761306508780984,1.1520005140465441,0.8206028708133976
241,1.8472,52.0,5.4907063197026025,1.1152416356877324,1065.0,3.95910780669145,37.78,-122.21,1.37,1.635019381972989,1.1675920684414578,1.536842498779083,1.138411764705883
18746,1.9946,16.0,4.853131749460043,1.0842332613390928,1206.0,2.6047516198704104,40.51,-122.34,1.192,0.32026284469552535,0.8850364266708668,0.5976006334646478,0.8601019387755103
3595,5.2939,35.0,6.08314606741573,1.002247191011236,1224.0,2.750561797752809,34.24,-118.49,2.442,2.73121255067538,2.839422677007981,2.525912603430588,2.6725964912280706
8404,2.68,30.0,3.3196480938416424,1.0175953079178885,1433.0,4.202346041055718,33.93,-118.36,1.7,1.9308335023737286,1.7941752192509726,1.7993949844204562,1.3590212765957446
10360,7.9294,18.0,7.722488038277512,1.0047846889952152,692.0,3.311004784688995,33.57,-117.67,2.803,3.472924804458842,3.465265532911059,3.41506232309629,2.9642000000000004
5714,6.213,50.0,6.866666666666666,1.0444444444444445,121.0,2.688888888888889,34.21,-118.23,2.85,3.1281595350759974,3.2760467004377993,2.8675479698963513,3.9695714285714283
12401,4.5938,8.0,6.4957805907173,1.1772151898734178,1572.0,3.3164556962025316,33.65,-116.31,1.026,1.5401702772037678,1.5316586617399601,1.4005805234389088,1.797610169491524
1952,2.5104,38.0,5.6798866855524075,1.0906515580736544,882.0,2.498583569405099,38.73,-120.81,1.205,0.753380568633994,0.741559179531099,0.8090247577777359,1.1184398496240606
15800,4.2222,52.0,4.442942942942943,1.0255255255255256,1145.0,1.7192192192192193,37.76,-122.44,3.616,2.875460155375171,3.4154815383335895,2.6392286623754115,3.6249470270270288
1594,8.3678,34.0,7.860304287690179,1.0442600276625174,1962.0,2.7136929460580914,37.91,-122.12,4.553,3.946761145929056,3.9682837468366365,4.007846830907895,4.4698787499999995
9161,4.4107,23.0,5.60699865410498,1.0174966352624495,2082.0,2.8021534320323016,34.42,-118.49,2.134,2.211428404951475,2.1609796877335774,2.0439467390236725,2.3668121212121216
8478,5.0653,35.0,5.602836879432624,0.9432624113475178,926.0,3.2836879432624113,33.93,-118.31,1.58,2.692478244705785,2.7299945405873713,2.498649498627283,2.1734680851063817
10087,4.1205,36.0,5.771604938271605,1.0432098765432098,947.0,2.9228395061728394,33.94,-117.97,2.17,2.1853259322367258,2.1433819905613825,1.9796345873133347,2.0095447154471544
2680,1.9088,20.0,4.422712933753943,0.9053627760252366,1104.0,3.4826498422712935,32.99,-115.51,0.637,0.42538743314574656,0.40068453388642533,0.7113521647502417,0.6719375
844,6.5116,16.0,6.157303370786517,0.9400749063670412,1033.0,3.8689138576779025,37.58,-122.07,2.443,3.181979820078272,2.9545216815753803,3.0832323821301717,2.7542142857142857
4779,1.8333,47.0,3.832369942196532,1.02504816955684,1430.0,2.7552986512524087,34.04,-118.32,1.511,1.60044227521856,1.6081646029668906,1.5079358409006658,1.4554117647058822
11919,2.8173,32.0,5.327067669172933,1.06265664160401,2494.0,3.12531328320802,33.95,-117.42,1.108,1.3851760462798888,1.1378985707487939,1.3321892590552777,0.9443571428571428
4653,8.3617,52.0,5.516129032258065,0.9314516129032258,737.0,2.971774193548387,34.06,-118.33,4.338,4.293830773202869,4.379696653903978,4.429558154642193,5.00001
1783,1.3365,26.0,4.556213017751479,1.014792899408284,1007.0,2.9792899408284024,37.94,-122.36,0.729,1.1910916115156092,0.7254516503542514,1.2673459366011621,1.138411764705883
7608,3.0972,40.0,5.463157894736842,1.0736842105263158,330.0,3.473684210526316,33.88,-118.26,1.085,1.9772711772566094,1.8421650909543137,1.827550390863085,1.7495862068965513
0,8.3252,41.0,6.984126984126984,1.0238095238095237,322.0,2.5555555555555554,37.88,-122.23,4.526,4.151942685752971,4.007520963876977,4.259232850123526,5.00001
10155,13.1107,17.0,8.111650485436893,0.9320388349514563,678.0,3.29126213592233,33.89,-117.89,4.676,5.644136709559694,4.3441134575568165,7.199164232173684,4.978341666666666
15362,4.605,16.0,7.002212389380531,1.0663716814159292,1351.0,2.9889380530973453,33.36,-117.22,2.633,1.9917457428060015,1.9509032638777577,1.8634869784606942,1.797610169491524
16623,2.7266,28.0,6.131914893617021,1.2567375886524823,1650.0,2.3404255319148937,35.36,-120.83,2.668,2.2498391162988667,2.2699818189671523,2.22987783608635,1.2356410256410257
18086,9.2298,25.0,7.237676056338028,0.9471830985915493,1585.0,2.790492957746479,37.31,-122.05,5.00001,4.468770165723347,4.574363581145185,4.965461067629599,4.9815094117647085
2144,2.785,36.0,5.289029535864979,0.9831223628691983,1227.0,2.588607594936709,36.77,-119.76,0.723,1.1875111855194618,1.032791276693321,1.1376673746558832,0.7265511811023622
3665,3.5521,17.0,3.9888392857142856,1.0334821428571428,1671.0,3.7299107142857144,34.22,-118.37,1.515,2.0094025097231167,1.924143020534922,1.8665206500519878,1.6980914893617025
